id,first_name,last_name,email,gender,ip_address
1,Haywood,Mcmanaman,hmcmanaman0@nyu.edu,Male,46.123.192.12
2,Silvano,Bahls,sbahls1@ibm.com,Male,229.76.210.59
3,Gasper,Davidsson,gdavidsson2@istockphoto.com,Male,173.21.209.19
4,Blanca,Sybry,bsybry3@indiegogo.com,Female,77.225.46.38
5,Becki,MacSharry,bmacsharry4@vk.com,Female,38.13.25.183
6,Nikolai,Heathwood,nheathwood5@vkontakte.ru,Male,216.91.160.245
7,Brenden,Staite,bstaite6@yahoo.co.jp,Male,23.161.170.221
8,Arlyne,Ashmole,aashmole7@latimes.com,Female,187.170.133.142
9,Anthiathia,Sier,asier8@dagondesign.com,Genderfluid,115.27.142.213
10,Melita,Strelitzer,mstrelitzer9@mapquest.com,Female,144.109.151.174
11,Abigale,Antoniak,aantoniaka@admin.ch,Female,14.134.158.15
12,Yehudi,Wyatt,ywyattb@redcross.org,Male,248.92.100.120
13,Sergei,Janik,sjanikc@qq.com,Male,103.103.219.95
14,Holt,Cullin,hcullind@liveinternet.ru,Male,186.99.213.92
15,Hazlett,Simonite,hsimonitee@time.com,Male,183.215.32.44
16,Kingsley,Elphinstone,kelphinstonef@dailymail.co.uk,Male,26.158.59.168
17,Marlo,Stening,msteningg@harvard.edu,Female,160.238.226.251
18,Bethany,Callf,bcallfh@amazon.com,Female,16.183.99.164
19,Benedicta,Prestige,bprestigei@t-online.de,Female,117.82.57.252
20,Doyle,Mabon,dmabonj@cafepress.com,Male,224.209.119.7
21,Correy,Silmon,csilmonk@techcrunch.com,Female,230.250.62.109
22,Ania,Reichartz,areichartzl@webnode.com,Female,18.187.107.10
23,Blakeley,Doppler,bdopplerm@sfgate.com,Bigender,221.7.207.92
24,Moselle,Criple,mcriplen@w3.org,Female,90.197.241.89
25,Avrom,Kinnin,akinnino@google.cn,Male,142.101.35.133
26,Ernie,Smitheman,esmithemanp@noaa.gov,Male,99.224.136.167
27,Sonni,Gabby,sgabbyq@ox.ac.uk,Female,31.51.48.124
28,Clint,Pimme,cpimmer@stumbleupon.com,Male,70.92.148.122
29,Korey,Yann,kyanns@shinystat.com,Male,94.0.40.18
30,Baxter,Tripony,btriponyt@goo.gl,Male,140.149.132.47
31,Perl,Duligall,pduligallu@howstuffworks.com,Agender,164.239.182.31
32,Kyle,Wakeham,kwakehamv@indiegogo.com,Male,222.64.254.236
33,Ferdy,Tynemouth,ftynemouthw@chronoengine.com,Genderfluid,127.155.46.36
34,Guenevere,Ramberg,grambergx@nsw.gov.au,Female,114.248.41.13
35,Glory,Redmore,gredmorey@smh.com.au,Female,105.213.241.17
36,Haydon,Achurch,hachurchz@bandcamp.com,Non-binary,54.130.5.41
37,Hewe,Cauldfield,hcauldfield10@joomla.org,Polygender,188.42.199.185
38,Cristobal,Ronaghan,cronaghan11@dyndns.org,Male,187.99.128.35
39,Norry,Barkas,nbarkas12@over-blog.com,Female,27.176.62.23
40,Kala,Flye,kflye13@php.net,Female,96.172.166.228
41,Giulietta,Fieldstone,gfieldstone14@photobucket.com,Female,254.189.11.123
42,Lira,Olfert,lolfert15@unicef.org,Bigender,0.183.176.77
43,Myles,Copestick,mcopestick16@dagondesign.com,Male,242.212.67.46
44,Glyn,Northgraves,gnorthgraves17@dot.gov,Male,181.169.96.104
45,Richmound,Bennett,rbennett18@usatoday.com,Male,195.241.254.255
46,Wenonah,Sponer,wsponer19@geocities.com,Polygender,29.180.129.99
47,Garner,Lunk,glunk1a@google.es,Male,57.189.192.38
48,Nanni,Wheadon,nwheadon1b@ucoz.com,Female,215.247.4.62
49,Melvyn,Foresight,mforesight1c@google.pl,Male,235.220.212.113
50,Shaine,Bexley,sbexley1d@slate.com,Male,141.205.85.70
51,Gwenni,Sommer,gsommer1e@theatlantic.com,Female,213.198.253.180
52,Eduardo,Hullyer,ehullyer1f@fda.gov,Male,249.187.56.224
53,Schuyler,Castenda,scastenda1g@ow.ly,Male,87.140.111.198
54,Lamar,Screase,lscrease1h@spiegel.de,Male,246.52.18.153
55,Petra,Greenstock,pgreenstock1i@vinaora.com,Female,118.243.250.118
56,Norris,Lusted,nlusted1j@sun.com,Genderqueer,240.166.190.177
57,Paddy,Guidini,pguidini1k@slideshare.net,Male,77.252.92.183
58,Tyrus,Boice,tboice1l@netvibes.com,Bigender,53.253.140.167
59,Dare,Paz,dpaz1m@ucoz.ru,Male,223.142.140.88
60,Tiffie,Mongin,tmongin1n@ucoz.ru,Female,82.183.96.6
61,Leigh,Aujean,laujean1o@github.io,Male,53.136.101.30
62,Weston,Blindermann,wblindermann1p@vinaora.com,Male,252.136.8.137
63,Christel,Zmitrovich,czmitrovich1q@odnoklassniki.ru,Female,37.39.19.36
64,Casey,Climpson,cclimpson1r@purevolume.com,Male,51.13.84.101
65,Lance,Brader,lbrader1s@ox.ac.uk,Male,76.48.115.161
66,Candi,Pirozzi,cpirozzi1t@barnesandnoble.com,Female,36.131.111.89
67,Randie,Dayly,rdayly1u@lycos.com,Non-binary,238.156.137.90
68,Jacquenette,Pawelski,jpawelski1v@hhs.gov,Female,194.20.94.69
69,Nathanial,Houlton,nhoulton1w@aboutads.info,Male,237.232.159.177
70,Marthe,Haddington,mhaddington1x@icq.com,Female,203.122.185.9
71,Lief,Hacquel,lhacquel1y@yellowpages.com,Male,250.228.196.219
72,Lawry,Veillard,lveillard1z@edublogs.org,Male,120.247.90.203
73,Johannes,Nelson,jnelson20@usatoday.com,Male,78.110.211.37
74,Merrie,Povall,mpovall21@gravatar.com,Female,156.19.74.51
75,Meggie,Boc,mboc22@sogou.com,Female,190.228.236.181
76,Banky,Korting,bkorting23@phoca.cz,Male,220.100.18.221
77,Lynnell,Rexworthy,lrexworthy24@constantcontact.com,Female,187.240.241.219
78,Chrissy,Leadbetter,cleadbetter25@disqus.com,Female,141.44.229.222
79,Lindi,Carlesi,lcarlesi26@netlog.com,Female,142.12.121.101
80,Deny,Robinet,drobinet27@marketwatch.com,Female,55.173.32.204
81,Carey,Panchen,cpanchen28@msn.com,Female,40.88.188.28
82,Nye,Cogswell,ncogswell29@issuu.com,Polygender,210.167.44.60
83,Gaylene,Levin,glevin2a@youku.com,Female,110.205.216.59
84,Venita,Maffulli,vmaffulli2b@sitemeter.com,Female,194.58.3.35
85,Niels,Warrack,nwarrack2c@rediff.com,Male,251.81.188.213
86,Daveta,Beaney,dbeaney2d@netvibes.com,Female,95.222.0.78
87,Ola,Retter,oretter2e@dyndns.org,Female,227.252.15.153
88,Pippo,Ballingal,pballingal2f@nifty.com,Male,129.151.204.164
89,Joannes,Ansett,jansett2g@amazon.com,Female,194.170.187.222
90,Belia,Cholonin,bcholonin2h@github.com,Female,174.76.232.135
91,Walker,Flook,wflook2i@ebay.co.uk,Non-binary,199.183.49.18
92,Golda,Widocks,gwidocks2j@joomla.org,Agender,196.75.75.61
93,Morena,Brashier,mbrashier2k@boston.com,Polygender,87.211.48.29
94,Roselle,Bartolomeo,rbartolomeo2l@purevolume.com,Bigender,16.173.0.53
95,Costa,Sefton,csefton2m@illinois.edu,Male,237.80.43.222
96,Ossie,Dimitrie,odimitrie2n@microsoft.com,Male,115.43.249.63
97,Noni,Drummer,ndrummer2o@imgur.com,Female,113.99.237.122
98,Tabatha,Marcone,tmarcone2p@skype.com,Genderqueer,176.178.191.90
99,Tades,Kensitt,tkensitt2q@cam.ac.uk,Male,186.175.160.129
100,Dino,Budcock,dbudcock2r@quantcast.com,Male,84.32.68.206
101,Charmain,Mongeot,cmongeot2s@ifeng.com,Female,113.23.21.165
102,Nanine,Whapple,nwhapple2t@google.co.uk,Agender,17.28.192.84
103,Elisabet,Braams,ebraams2u@imageshack.us,Female,135.108.70.79
104,Iorgo,Pilger,ipilger2v@xrea.com,Male,55.57.250.122
105,Shayla,Stafford,sstafford2w@si.edu,Female,11.255.84.132
106,Kellina,Western,kwestern2x@umn.edu,Genderqueer,242.248.1.239
107,Julie,Clunan,jclunan2y@bbc.co.uk,Male,11.23.50.192
108,Jarib,Eisig,jeisig2z@opera.com,Male,139.61.68.28
109,Livvyy,Beeck,lbeeck30@typepad.com,Female,98.49.153.116
110,Brander,Ghilardini,bghilardini31@wisc.edu,Male,214.255.107.182
111,Michele,Anning,manning32@go.com,Female,150.241.211.73
112,Theodosia,Whittek,twhittek33@simplemachines.org,Female,131.100.83.94
113,Carolin,Shawley,cshawley34@live.com,Female,118.197.240.240
114,Hillary,Basnett,hbasnett35@youku.com,Male,154.238.56.220
115,Urbain,Boggas,uboggas36@github.com,Male,4.115.130.78
116,Irwin,Rosenwasser,irosenwasser37@github.com,Male,200.8.12.30
117,Grady,Milroy,gmilroy38@senate.gov,Male,1.58.41.180
118,Heather,Tale,htale39@fastcompany.com,Female,4.15.204.203
119,Cord,Lamke,clamke3a@si.edu,Male,186.124.101.205
120,Pooh,Coiley,pcoiley3b@friendfeed.com,Male,86.196.237.104
121,Avrit,Kneller,akneller3c@fotki.com,Non-binary,182.54.57.101
122,Lyndy,Albutt,lalbutt3d@engadget.com,Female,159.166.4.39
123,Kain,Rudland,krudland3e@addthis.com,Male,120.61.1.19
124,Florrie,Campa,fcampa3f@cdc.gov,Female,197.129.48.11
125,Amby,Humbatch,ahumbatch3g@cdbaby.com,Male,126.44.117.98
126,Willi,Tawton,wtawton3h@dmoz.org,Male,13.244.54.155
127,Sheffield,Bowman,sbowman3i@mediafire.com,Male,111.242.3.54
128,Milton,Jovic,mjovic3j@tripod.com,Male,120.232.238.1
129,Efrem,Ridsdole,eridsdole3k@cdc.gov,Male,11.156.150.153
130,Sharline,Arend,sarend3l@gmpg.org,Female,110.224.154.201
131,Aimee,Phin,aphin3m@wikispaces.com,Non-binary,79.51.78.119
132,Hazel,Hewkin,hhewkin3n@ovh.net,Female,77.32.134.17
133,Earl,Drewson,edrewson3o@rambler.ru,Male,131.41.238.62
134,Freddie,MacDonogh,fmacdonogh3p@patch.com,Male,31.24.135.214
135,Stanly,Trussman,strussman3q@is.gd,Male,9.202.67.224
136,Nobe,Iacovacci,niacovacci3r@hibu.com,Male,132.91.51.213
137,Innis,Leathart,ileathart3s@phoca.cz,Male,225.79.84.83
138,Sianna,Tipler,stipler3t@php.net,Female,1.109.229.213
139,Brett,Moggan,bmoggan3u@1688.com,Female,163.149.134.111
140,Norman,Bris,nbris3v@wp.com,Male,69.73.108.131
141,Verile,Stanlick,vstanlick3w@nsw.gov.au,Polygender,102.85.168.247
142,Regen,Jouannot,rjouannot3x@icq.com,Male,72.1.111.129
143,Anabelle,Riddlesden,ariddlesden3y@sciencedirect.com,Genderqueer,177.163.142.113
144,Kalila,Finessy,kfinessy3z@uol.com.br,Female,206.117.34.74
145,Agneta,Shovelbottom,ashovelbottom40@facebook.com,Female,240.206.144.106
146,Yanaton,Daniel,ydaniel41@instagram.com,Male,22.120.101.216
147,Alicia,Verrechia,averrechia42@apple.com,Female,178.211.150.60
148,Ludvig,Iannitti,liannitti43@miitbeian.gov.cn,Male,210.172.241.95
149,Zena,Drewet,zdrewet44@yandex.ru,Genderqueer,37.57.141.1
150,Mariya,Kibbel,mkibbel45@globo.com,Genderqueer,106.154.249.107
151,Whitaker,Hehl,whehl46@php.net,Male,151.183.43.179
152,Natty,Waudby,nwaudby47@reverbnation.com,Female,84.39.181.141
153,Denna,Allward,dallward48@howstuffworks.com,Female,41.215.222.169
154,Marchelle,Paten,mpaten49@uiuc.edu,Female,66.238.227.118
155,Arin,Elcott,aelcott4a@netvibes.com,Male,196.45.208.235
156,Hew,Scrowson,hscrowson4b@mayoclinic.com,Male,186.227.9.99
157,Thornton,Reignard,treignard4c@pen.io,Male,5.228.131.223
158,James,Bolens,jbolens4d@dedecms.com,Male,228.32.170.140
159,Jyoti,Gittoes,jgittoes4e@blogspot.com,Female,163.113.142.135
160,Ingeborg,Breakwell,ibreakwell4f@mozilla.com,Female,213.10.161.200
161,Belle,Armfield,barmfield4g@ucsd.edu,Female,133.54.207.196
162,Derril,Leamy,dleamy4h@usa.gov,Male,236.242.231.119
163,Mattias,Lacrouts,mlacrouts4i@imdb.com,Male,161.222.181.113
164,Kala,Bernadot,kbernadot4j@ihg.com,Female,147.169.61.14
165,Forbes,Polsin,fpolsin4k@admin.ch,Male,226.227.217.229
166,Phil,Heinicke,pheinicke4l@clickbank.net,Male,1.39.93.234
167,Sascha,Tomasi,stomasi4m@ed.gov,Male,96.64.39.209
168,Annabella,Huncoot,ahuncoot4n@mit.edu,Female,189.72.78.144
169,Arther,Curnucke,acurnucke4o@is.gd,Male,146.145.197.8
170,Isis,Caramuscia,icaramuscia4p@europa.eu,Female,252.192.239.41
171,Fanechka,Gerran,fgerran4q@tinypic.com,Female,90.125.48.135
172,Letta,Foulis,lfoulis4r@yandex.ru,Female,178.207.98.91
173,Phyllys,Beiderbeck,pbeiderbeck4s@ow.ly,Female,125.120.232.198
174,Ealasaid,Allin,eallin4t@psu.edu,Female,181.146.29.174
175,Vladamir,Jansky,vjansky4u@samsung.com,Male,96.180.49.180
176,Lorne,Simmill,lsimmill4v@stumbleupon.com,Female,63.234.160.89
177,Lorinda,Heddon,lheddon4w@ed.gov,Female,33.192.238.12
178,Job,Ridehalgh,jridehalgh4x@w3.org,Male,161.148.135.189
179,Julie,Buckel,jbuckel4y@com.com,Male,203.70.216.248
180,Bessy,Aldersea,baldersea4z@webmd.com,Female,92.220.244.183
181,Inger,Down,idown50@purevolume.com,Female,51.57.145.131
182,Margarita,Heggadon,mheggadon51@taobao.com,Female,137.46.162.108
183,Athene,Moens,amoens52@newsvine.com,Female,186.77.108.227
184,Maxie,Giametti,mgiametti53@yale.edu,Male,180.64.234.240
185,Dita,Margaritelli,dmargaritelli54@twitpic.com,Female,93.48.41.200
186,Bret,Priddy,bpriddy55@wikimedia.org,Male,222.155.199.141
187,Carson,MacCrachen,cmaccrachen56@examiner.com,Male,151.111.154.189
188,Scarlett,Leyton,sleyton57@spiegel.de,Female,167.190.195.64
189,Kassi,Valintine,kvalintine58@barnesandnoble.com,Female,188.126.23.86
190,Dan,Gatlin,dgatlin59@livejournal.com,Male,102.182.165.117
191,Dukey,Leer,dleer5a@wikia.com,Male,0.67.11.11
192,Deva,Pavlasek,dpavlasek5b@facebook.com,Non-binary,130.210.165.155
193,Al,Carrabot,acarrabot5c@theatlantic.com,Male,185.2.244.236
194,Dewey,Heggs,dheggs5d@wufoo.com,Bigender,148.209.221.209
195,Esmeralda,Kuhndel,ekuhndel5e@toplist.cz,Female,141.44.222.30
196,Fiona,Franceschino,ffranceschino5f@japanpost.jp,Female,19.106.18.118
197,Chrissy,Fowells,cfowells5g@moonfruit.com,Female,198.58.228.176
198,Cristobal,Alsford,calsford5h@sitemeter.com,Non-binary,250.13.30.100
199,Jocelin,Reap,jreap5i@harvard.edu,Female,31.203.74.1
200,Jaine,Ubank,jubank5j@wiley.com,Female,255.194.121.137
201,Heath,Wafer,hwafer5k@berkeley.edu,Female,76.160.45.3
202,Kaitlin,Yeoland,kyeoland5l@friendfeed.com,Female,67.2.249.238
203,Andie,Arrigo,aarrigo5m@deliciousdays.com,Male,116.21.214.249
204,Ally,Joiris,ajoiris5n@indiegogo.com,Female,146.226.64.18
205,Stanley,Zanettini,szanettini5o@wikipedia.org,Genderqueer,76.54.204.196
206,Leela,Shugg,lshugg5p@elegantthemes.com,Polygender,130.208.122.214
207,Salaidh,Fairfoull,sfairfoull5q@google.ca,Female,241.85.231.189
208,Ody,Lemmer,olemmer5r@reference.com,Male,189.88.208.127
209,Kylie,Pinke,kpinke5s@auda.org.au,Male,220.146.248.242
210,Cyril,Boote,cboote5t@t.co,Male,110.113.19.79
211,Myrta,Spurdens,mspurdens5u@51.la,Female,172.216.162.33
212,Tobiah,Soffe,tsoffe5v@apple.com,Male,222.27.219.66
213,Atlanta,Chesher,achesher5w@noaa.gov,Female,143.140.212.79
214,Edd,Eicke,eeicke5x@ask.com,Male,179.193.45.63
215,Conny,Olin,colin5y@ucsd.edu,Male,32.203.143.130
216,Marchelle,Card,mcard5z@51.la,Female,210.135.115.21
217,Codie,Simione,csimione60@dropbox.com,Female,159.227.238.215
218,Alverta,Barkas,abarkas61@nifty.com,Female,12.131.205.5
219,Homere,Ramard,hramard62@dmoz.org,Male,178.164.219.221
220,Hobart,Scarrisbrick,hscarrisbrick63@admin.ch,Male,40.37.55.197
221,Chrysler,Burgon,cburgon64@google.co.jp,Female,228.66.145.98
222,Aindrea,Katz,akatz65@bloglovin.com,Polygender,249.200.90.230
223,Alfonse,Turford,aturford66@cbslocal.com,Male,231.125.78.193
224,Christabel,Williamson,cwilliamson67@comcast.net,Female,140.33.9.122
225,Bunny,McCay,bmccay68@jugem.jp,Female,110.233.127.201
226,Bernadina,Icom,bicom69@ucoz.com,Female,167.75.50.125
227,Jenelle,Braddock,jbraddock6a@google.ru,Female,248.180.134.151
228,William,Paik,wpaik6b@domainmarket.com,Male,181.28.54.95
229,Cullin,Bon,cbon6c@thetimes.co.uk,Male,153.24.246.7
230,Trev,Honisch,thonisch6d@networksolutions.com,Male,138.174.160.144
231,Neddie,Godmar,ngodmar6e@who.int,Male,193.11.46.206
232,Laurena,Perschke,lperschke6f@businessinsider.com,Female,207.205.120.27
233,Jaclyn,Gyver,jgyver6g@dell.com,Female,238.64.60.32
234,Ade,Scotchmoor,ascotchmoor6h@geocities.jp,Male,148.142.104.170
235,Rayshell,O'Kielt,rokielt6i@addthis.com,Female,173.198.158.186
236,Lou,Winning,lwinning6j@plala.or.jp,Male,104.226.218.239
237,Bartlett,Urian,burian6k@globo.com,Male,21.2.206.168
238,Maxie,Oolahan,moolahan6l@sogou.com,Male,174.61.30.59
239,Merna,Lafrentz,mlafrentz6m@cbc.ca,Female,70.54.158.187
240,Wynnie,Habben,whabben6n@wiley.com,Female,105.124.128.27
241,Kristina,de Mendoza,kdemendoza6o@wsj.com,Female,107.240.125.163
242,Olimpia,Stowe,ostowe6p@accuweather.com,Female,71.115.239.174
243,Simonne,Yurkiewicz,syurkiewicz6q@purevolume.com,Female,38.60.22.241
244,Vin,Eslemont,veslemont6r@virginia.edu,Agender,141.53.3.63
245,Ethelred,Whelpton,ewhelpton6s@bandcamp.com,Male,225.234.78.226
246,Jared,Andrew,jandrew6t@sbwire.com,Male,21.93.97.146
247,Bryna,Everill,beverill6u@aboutads.info,Female,237.78.74.37
248,Neysa,Louder,nlouder6v@moonfruit.com,Female,61.146.132.153
249,Dominick,Muscat,dmuscat6w@ft.com,Male,201.63.179.178
250,Abram,Ingrem,aingrem6x@chicagotribune.com,Male,158.94.6.145
251,Christy,Ebbing,cebbing6y@wiley.com,Male,202.144.155.23
252,Brendan,Gipps,bgipps6z@nasa.gov,Male,180.137.65.193
253,Celisse,Matzkaitis,cmatzkaitis70@xing.com,Female,231.198.154.117
254,Joscelin,Brodeur,jbrodeur71@t.co,Female,244.248.249.98
255,Leshia,Relph,lrelph72@auda.org.au,Agender,188.119.99.38
256,Wyatt,L'Archer,wlarcher73@topsy.com,Male,169.156.174.45
257,Hasty,Suttie,hsuttie74@tmall.com,Male,86.120.62.18
258,Delphinia,Rockliffe,drockliffe75@google.pl,Female,106.202.236.3
259,Talya,Spada,tspada76@shareasale.com,Female,214.142.136.62
260,Erv,Scartifield,escartifield77@google.it,Male,236.241.234.86
261,Orin,Nisbith,onisbith78@disqus.com,Male,37.227.195.198
262,Antonella,Borg,aborg79@businessweek.com,Female,61.35.227.87
263,Kesley,Hatz,khatz7a@baidu.com,Genderqueer,179.233.240.46
264,Sidnee,McFadin,smcfadin7b@soup.io,Male,205.42.20.56
265,Kyle,Waugh,kwaugh7c@sfgate.com,Female,88.66.133.73
266,Bel,Browell,bbrowell7d@businessweek.com,Female,139.110.214.77
267,Marylou,Rigglesford,mrigglesford7e@samsung.com,Female,157.141.181.37
268,Duncan,Olyfat,dolyfat7f@blogs.com,Male,105.225.206.254
269,Leora,Keenor,lkeenor7g@google.com.hk,Female,117.222.236.146
270,Rudiger,Maltby,rmaltby7h@weebly.com,Male,255.202.119.210
271,Griff,Bolland,gbolland7i@usatoday.com,Male,108.153.39.181
272,Janene,Thalmann,jthalmann7j@google.com.hk,Female,33.9.210.210
273,Tabbie,Slyman,tslyman7k@taobao.com,Female,252.201.224.43
274,Ignace,Miles,imiles7l@amazon.de,Male,182.181.213.186
275,Mora,Abrahamsson,mabrahamsson7m@umn.edu,Female,251.168.140.84
276,Wallie,Camelli,wcamelli7n@netvibes.com,Female,165.242.47.174
277,Jackquelin,Pellman,jpellman7o@bizjournals.com,Non-binary,173.150.6.179
278,Myrna,Kubiczek,mkubiczek7p@gravatar.com,Female,101.255.93.221
279,Claybourne,Stent,cstent7q@github.io,Male,25.38.12.139
280,Quintilla,Mellor,qmellor7r@slate.com,Female,242.57.148.59
281,Tomasine,Beecroft,tbeecroft7s@edublogs.org,Female,36.154.18.180
282,Giustina,Giurio,ggiurio7t@intel.com,Female,51.201.101.222
283,Udell,Sailes,usailes7u@sciencedaily.com,Male,4.66.238.208
284,Max,MacRanald,mmacranald7v@typepad.com,Female,173.212.185.83
285,Wittie,Minghetti,wminghetti7w@hibu.com,Male,201.92.127.58
286,Mellie,Rawle,mrawle7x@umich.edu,Female,121.184.167.100
287,Heather,Dalrymple,hdalrymple7y@utexas.edu,Female,185.97.182.140
288,Meredith,Amsberger,mamsberger7z@sciencedaily.com,Male,121.163.119.59
289,Alley,Corkhill,acorkhill80@nps.gov,Male,216.255.19.131
290,Colleen,Gally,cgally81@tinyurl.com,Female,104.128.228.173
291,Cecilius,Shearme,cshearme82@odnoklassniki.ru,Male,147.37.35.38
292,Sandi,Logsdail,slogsdail83@ed.gov,Female,237.94.248.192
293,Joel,Von Salzberg,jvonsalzberg84@mysql.com,Male,122.162.31.231
294,Gustaf,Chapling,gchapling85@ted.com,Male,48.16.238.49
295,Elladine,Lauder,elauder86@si.edu,Female,223.239.57.50
296,Porter,Menhenitt,pmenhenitt87@globo.com,Male,20.40.138.158
297,Gannon,Brockie,gbrockie88@opera.com,Male,153.99.239.174
298,Valentin,Dudmarsh,vdudmarsh89@symantec.com,Male,7.22.45.2
299,Rikki,Tarbert,rtarbert8a@domainmarket.com,Female,146.186.38.180
300,Almire,Shackell,ashackell8b@xing.com,Female,127.128.246.8
301,Dougie,Comellini,dcomellini8c@chicagotribune.com,Male,62.210.130.39
302,Claresta,Tingle,ctingle8d@pcworld.com,Female,143.88.213.61
303,Darb,Landrick,dlandrick8e@sina.com.cn,Male,58.75.123.232
304,Ede,Monday,emonday8f@squarespace.com,Female,138.103.85.190
305,Izaak,Izhakov,iizhakov8g@a8.net,Male,72.14.249.188
306,Nikolaos,Pummell,npummell8h@sciencedaily.com,Male,0.5.253.8
307,Lowrance,Comellini,lcomellini8i@uiuc.edu,Male,216.216.127.252
308,Elna,Groombridge,egroombridge8j@g.co,Female,3.151.202.91
309,Laureen,O'Malley,lomalley8k@cbsnews.com,Non-binary,231.132.31.72
310,Jose,Hoggan,jhoggan8l@odnoklassniki.ru,Male,34.153.196.76
311,Hilary,Dodamead,hdodamead8m@skype.com,Male,197.212.245.85
312,Benetta,Hof,bhof8n@noaa.gov,Female,240.239.117.237
313,Haley,Tappor,htappor8o@nymag.com,Non-binary,92.113.25.115
314,Carine,Kitchingman,ckitchingman8p@house.gov,Female,130.25.147.83
315,Agathe,Eyes,aeyes8q@fotki.com,Genderqueer,31.22.213.248
316,Stavros,Trank,strank8r@clickbank.net,Male,152.248.224.220
317,Rube,Hodges,rhodges8s@histats.com,Male,105.103.242.55
318,Sallie,Bilton,sbilton8t@squarespace.com,Female,165.182.242.237
319,Emma,MacMaykin,emacmaykin8u@quantcast.com,Female,7.145.55.147
320,Nollie,Pinnegar,npinnegar8v@rakuten.co.jp,Male,181.92.35.2
321,Gayla,Jacques,gjacques8w@businessweek.com,Female,7.228.107.242
322,Jayson,Martensen,jmartensen8x@is.gd,Male,168.243.26.30
323,Sherri,Demangeon,sdemangeon8y@aol.com,Female,8.124.208.52
324,Sofia,Worley,sworley8z@symantec.com,Female,4.26.108.209
325,Pris,Dungee,pdungee90@engadget.com,Female,127.160.242.152
326,Truda,Tomaszkiewicz,ttomaszkiewicz91@photobucket.com,Genderqueer,70.123.179.168
327,Dov,Angrave,dangrave92@redcross.org,Polygender,167.240.239.45
328,Sherwin,Nevitt,snevitt93@amazon.de,Male,43.104.49.211
329,Ruddie,Wilkisson,rwilkisson94@purevolume.com,Male,146.127.202.50
330,Tibold,Scardefield,tscardefield95@studiopress.com,Male,249.243.110.163
331,Layney,Commings,lcommings96@wikimedia.org,Female,6.17.34.54
332,Sigismundo,Haddick,shaddick97@acquirethisname.com,Male,117.100.129.28
333,Elysha,Gilbody,egilbody98@irs.gov,Female,132.66.104.183
334,Aurelia,Pacey,apacey99@time.com,Female,137.166.125.84
335,Ida,Furlonge,ifurlonge9a@npr.org,Female,89.13.223.100
336,Byran,Haucke,bhaucke9b@samsung.com,Male,80.175.94.8
337,Alexine,Dulany,adulany9c@yolasite.com,Female,248.93.218.137
338,Hanson,Genders,hgenders9d@artisteer.com,Male,180.46.239.130
339,Leonidas,De Mattei,ldemattei9e@intel.com,Bigender,248.63.160.64
340,Bartolomeo,Bruinemann,bbruinemann9f@uiuc.edu,Male,12.42.56.8
341,Whit,Cramond,wcramond9g@timesonline.co.uk,Male,6.247.59.141
342,Laurice,Sancraft,lsancraft9h@buzzfeed.com,Female,106.143.26.230
343,Danny,Daley,ddaley9i@jugem.jp,Female,90.148.46.82
344,Janeva,Hanhard,jhanhard9j@myspace.com,Female,205.100.221.63
345,Robert,Dumblton,rdumblton9k@acquirethisname.com,Male,9.153.227.65
346,Retha,Le Brum,rlebrum9l@blogs.com,Female,65.217.41.237
347,Aurlie,Frye,afrye9m@google.nl,Female,43.239.250.84
348,Darnell,Goddert.sf,dgoddertsf9n@columbia.edu,Male,113.16.7.98
349,Stanleigh,Leel,sleel9o@marketwatch.com,Male,154.144.149.92
350,Xymenes,Cottier,xcottier9p@lycos.com,Male,26.245.43.254
351,Milzie,Crowest,mcrowest9q@shop-pro.jp,Female,172.34.201.195
352,Roxy,Caghy,rcaghy9r@furl.net,Female,202.74.201.115
353,Alyda,Aspel,aaspel9s@umn.edu,Female,52.195.251.188
354,Johnathon,Costen,jcosten9t@msu.edu,Non-binary,129.35.221.101
355,Celka,Duffy,cduffy9u@pen.io,Female,236.119.66.145
356,Bevan,Basilone,bbasilone9v@360.cn,Male,47.70.29.70
357,Chrysler,Larraway,clarraway9w@weebly.com,Female,205.20.40.168
358,Perren,Tilt,ptilt9x@discuz.net,Male,191.145.177.37
359,Barnaby,Andreopolos,bandreopolos9y@goodreads.com,Male,217.130.242.51
360,Rafaelita,Manners,rmanners9z@businesswire.com,Genderfluid,237.235.203.146
361,Crichton,Hebditch,chebditcha0@feedburner.com,Male,171.254.58.193
362,Ruthe,Vaan,rvaana1@ovh.net,Bigender,58.32.88.121
363,Spence,Sturney,ssturneya2@wisc.edu,Male,30.142.24.163
364,Herschel,Domenichelli,hdomenichellia3@wiley.com,Male,222.122.217.137
365,Karlens,Forsbey,kforsbeya4@yellowpages.com,Male,188.108.187.138
366,Marylou,Narducci,mnarduccia5@sbwire.com,Female,153.34.47.237
367,Clarie,Vazquez,cvazqueza6@unblog.fr,Female,157.114.65.15
368,Lee,Haney,lhaneya7@friendfeed.com,Male,61.237.62.36
369,Morrie,Raddish,mraddisha8@bloglines.com,Polygender,191.133.68.32
370,Jens,Ivasechko,jivasechkoa9@dyndns.org,Male,211.15.134.175
371,Gael,Bedlington,gbedlingtonaa@biglobe.ne.jp,Male,31.137.5.213
372,Peter,Pettus,ppettusab@ucsd.edu,Male,2.150.89.153
373,Baily,Holliar,bholliarac@csmonitor.com,Male,40.6.250.200
374,Glynn,Govern,ggovernad@prlog.org,Male,45.110.160.209
375,Manny,Devanny,mdevannyae@liveinternet.ru,Male,141.138.80.59
376,Faber,Crump,fcrumpaf@last.fm,Male,215.180.167.91
377,Loretta,Wink,lwinkag@tripadvisor.com,Female,57.224.173.219
378,Carlotta,Cochern,ccochernah@fda.gov,Female,3.188.16.199
379,Nara,Dupey,ndupeyai@rambler.ru,Female,40.23.252.53
380,Cornall,Hembery,chemberyaj@comcast.net,Male,10.244.192.81
381,Keefe,Niland,knilandak@telegraph.co.uk,Male,239.29.49.34
382,Brittany,Eller,belleral@go.com,Female,112.19.41.134
383,Lydon,Caddie,lcaddieam@japanpost.jp,Genderfluid,23.70.108.36
384,Reinhard,Pitone,rpitonean@privacy.gov.au,Male,75.103.242.30
385,Leslie,Healings,lhealingsao@about.me,Female,215.93.246.84
386,Brocky,Astie,bastieap@ehow.com,Male,186.208.240.148
387,Frederigo,Ravenhills,fravenhillsaq@ucla.edu,Male,64.217.121.194
388,Norina,Stallworthy,nstallworthyar@hostgator.com,Genderqueer,188.254.101.233
389,Madonna,Cathery,mcatheryas@cmu.edu,Female,16.249.122.106
390,Jonah,Kyffin,jkyffinat@blinklist.com,Non-binary,179.248.128.44
391,Kaylyn,Truggian,ktruggianau@epa.gov,Female,126.103.253.163
392,Mendel,Brimblecombe,mbrimblecombeav@parallels.com,Male,59.239.169.62
393,Odie,Spire,ospireaw@unesco.org,Male,18.113.203.135
394,Krissie,Cobbing,kcobbingax@netvibes.com,Female,7.65.191.133
395,Latia,Khadir,lkhadiray@state.tx.us,Female,86.72.179.164
396,Yance,Mourton,ymourtonaz@mapquest.com,Male,88.212.219.27
397,Sophi,Noore,snooreb0@dmoz.org,Female,80.144.93.75
398,Brig,Harpin,bharpinb1@webs.com,Male,2.78.173.157
399,Suzie,de Guerre,sdeguerreb2@ed.gov,Female,51.12.95.55
400,Rockie,Kirwan,rkirwanb3@mapquest.com,Male,97.128.141.252
401,Mikael,Hounihan,mhounihanb4@bloglovin.com,Male,55.100.49.208
402,Ali,Kik,akikb5@answers.com,Female,46.188.95.139
403,Isac,Duigan,iduiganb6@alexa.com,Male,232.16.132.104
404,Darby,Waterstone,dwaterstoneb7@pbs.org,Male,141.209.199.17
405,Herman,Daniau,hdaniaub8@berkeley.edu,Male,139.27.208.123
406,Malchy,Langfitt,mlangfittb9@prweb.com,Bigender,79.136.39.229
407,Minda,Rudwell,mrudwellba@phpbb.com,Female,178.112.121.172
408,Cesya,Kofax,ckofaxbb@merriam-webster.com,Female,228.51.98.237
409,Fionna,Coger,fcogerbc@blogger.com,Female,129.83.95.56
410,Ingar,Lingley,ilingleybd@sitemeter.com,Male,225.144.244.36
411,Warren,Scardifield,wscardifieldbe@mapy.cz,Male,93.25.137.92
412,Dynah,Duerden,dduerdenbf@booking.com,Female,106.8.199.185
413,Maud,Boatwright,mboatwrightbg@nsw.gov.au,Female,110.144.16.159
414,Arlen,Vasiliev,avasilievbh@accuweather.com,Male,227.3.253.49
415,Frederic,Sheldrake,fsheldrakebi@cloudflare.com,Male,225.99.68.153
416,Calvin,O'Fihillie,cofihilliebj@pbs.org,Male,98.15.51.130
417,Niven,Avrahamy,navrahamybk@youtube.com,Male,147.255.139.29
418,Matt,Witcomb,mwitcombbl@joomla.org,Male,213.226.29.31
419,Artemus,Alsop,aalsopbm@techcrunch.com,Male,174.119.86.134
420,Dicky,Gellan,dgellanbn@tinypic.com,Male,131.41.20.63
421,Amalea,Cordeiro,acordeirobo@devhub.com,Female,173.40.239.225
422,Lynnelle,Caurah,lcaurahbp@simplemachines.org,Female,213.245.105.22
423,Colin,Carse,ccarsebq@dropbox.com,Male,222.217.249.217
424,Berky,Pizer,bpizerbr@t-online.de,Male,170.186.73.59
425,Eden,Olenichev,eolenichevbs@mtv.com,Female,98.37.161.47
426,Vanni,Paulon,vpaulonbt@rakuten.co.jp,Female,110.251.167.94
427,Kimberley,Keady,kkeadybu@businessinsider.com,Female,92.157.190.34
428,Web,Kyle,wkylebv@statcounter.com,Male,222.135.84.190
429,Rab,Tresise,rtresisebw@miibeian.gov.cn,Male,41.40.86.167
430,Milly,Fairholm,mfairholmbx@vistaprint.com,Female,95.106.157.182
431,Cecilio,Greenshiels,cgreenshielsby@telegraph.co.uk,Male,110.228.94.165
432,Massimiliano,Crallan,mcrallanbz@usnews.com,Male,205.122.162.7
433,Wilhelmine,Daventry,wdaventryc0@cnet.com,Female,173.1.91.139
434,Son,Leman,slemanc1@intel.com,Male,208.73.80.41
435,Anselm,Lynam,alynamc2@squidoo.com,Male,12.93.14.24
436,Egbert,Codd,ecoddc3@elpais.com,Non-binary,157.31.53.13
437,Shelley,Mantione,smantionec4@nytimes.com,Male,212.142.7.14
438,Pip,Gidman,pgidmanc5@dion.ne.jp,Male,244.243.36.69
439,Mort,Chambers,mchambersc6@globo.com,Male,242.65.220.155
440,Alyssa,Wadmore,awadmorec7@ask.com,Female,125.121.222.233
441,Nikita,Emloch,nemlochc8@patch.com,Male,164.77.58.24
442,Esta,Veasey,eveaseyc9@comsenz.com,Bigender,36.78.157.6
443,Gabriel,Lynd,glyndca@ihg.com,Female,104.185.11.61
444,Riordan,Tredger,rtredgercb@disqus.com,Male,78.251.232.81
445,Dag,Sexstone,dsexstonecc@wix.com,Male,172.214.225.203
446,Nesta,Grain,ngraincd@hatena.ne.jp,Female,20.21.80.255
447,Berkeley,Kewley,bkewleyce@java.com,Male,144.121.141.164
448,Dode,McClymont,dmcclymontcf@latimes.com,Female,134.236.152.153
449,Claus,Cammoile,ccammoilecg@kickstarter.com,Male,20.249.177.142
450,Susi,Jalland,sjallandch@kickstarter.com,Female,49.20.200.239
451,Monro,Moulden,mmouldenci@shop-pro.jp,Male,201.218.212.44
452,Pennie,Denk,pdenkcj@blogs.com,Male,162.134.95.174
453,Penn,Dishman,pdishmanck@gnu.org,Male,65.106.48.236
454,Syd,Hannibal,shannibalcl@domainmarket.com,Male,86.253.65.97
455,Pier,Demangeon,pdemangeoncm@theglobeandmail.com,Female,178.185.168.173
456,Pandora,Groves,pgrovescn@360.cn,Female,15.237.134.42
457,Eadmund,Villaret,evillaretco@g.co,Male,10.39.136.215
458,Janet,Croster,jcrostercp@economist.com,Bigender,217.200.10.78
459,Felita,Gantzer,fgantzercq@mashable.com,Female,17.181.91.254
460,Nikos,Vouls,nvoulscr@acquirethisname.com,Male,104.107.72.236
461,Vernen,Bowdery,vbowderycs@slideshare.net,Male,252.122.69.19
462,Jereme,Shawdforth,jshawdforthct@photobucket.com,Male,98.246.220.245
463,Hurley,McKnish,hmcknishcu@ask.com,Male,94.65.236.252
464,Karleen,Ygou,kygoucv@youtube.com,Female,6.139.192.2
465,Zorana,Chipping,zchippingcw@jimdo.com,Female,82.50.138.80
466,El,Kirkness,ekirknesscx@artisteer.com,Genderqueer,74.88.103.212
467,Tamiko,Shrubsall,tshrubsallcy@macromedia.com,Female,90.185.44.230
468,Eldredge,Medway,emedwaycz@prnewswire.com,Male,149.52.41.206
469,Urbain,Gluyas,ugluyasd0@va.gov,Male,104.237.183.252
470,Pip,Sambedge,psambedged1@hp.com,Male,228.242.13.16
471,Tanner,Prettjohn,tprettjohnd2@mtv.com,Male,155.194.66.44
472,Hercule,Vickerman,hvickermand3@bbb.org,Male,217.106.73.115
473,Lester,Gregoire,lgregoired4@posterous.com,Male,224.169.176.236
474,Cherey,Cadlock,ccadlockd5@barnesandnoble.com,Female,127.9.142.107
475,Gerhardine,Bouzek,gbouzekd6@un.org,Agender,201.4.157.30
476,Bunny,Randlesome,brandlesomed7@google.fr,Female,127.128.216.16
477,Vinson,Straker,vstrakerd8@usa.gov,Male,130.190.208.146
478,Iggy,Cutill,icutilld9@hp.com,Male,83.3.81.38
479,Tedi,Rankin,trankinda@usnews.com,Female,26.160.192.127
480,Hyacintha,Arp,harpdb@mail.ru,Female,173.87.66.64
481,Harlie,Bluck,hbluckdc@fotki.com,Female,84.145.212.189
482,Monroe,Desmond,mdesmonddd@cdc.gov,Male,83.162.160.134
483,Britteny,Harg,bhargde@google.it,Female,157.254.119.76
484,Kalindi,Washbrook,kwashbrookdf@pcworld.com,Female,250.27.34.219
485,Boothe,Jessel,bjesseldg@wunderground.com,Male,87.22.73.184
486,Nestor,Poley,npoleydh@netvibes.com,Polygender,97.71.141.124
487,Cash,Aprahamian,caprahamiandi@baidu.com,Male,224.69.123.118
488,Kellia,Poundsford,kpoundsforddj@buzzfeed.com,Female,121.73.88.226
489,Van,Doohan,vdoohandk@infoseek.co.jp,Female,185.40.49.253
490,Manuel,Ganiford,mganiforddl@nhs.uk,Male,64.31.79.128
491,Broderic,Chetwin,bchetwindm@wisc.edu,Male,76.47.73.27
492,Jenilee,Lambertini,jlambertinidn@mediafire.com,Female,132.253.157.166
493,Terza,Dood,tdooddo@xinhuanet.com,Female,119.244.55.63
494,Jareb,Rijkeseis,jrijkeseisdp@altervista.org,Male,122.108.198.214
495,Maurise,Moorton,mmoortondq@barnesandnoble.com,Male,227.230.168.115
496,Aline,Gelletly,agelletlydr@joomla.org,Female,64.138.79.36
497,Ruby,Craster,rcrasterds@drupal.org,Male,147.217.79.223
498,Forest,Chatin,fchatindt@wordpress.com,Male,58.170.85.74
499,Benson,Devonport,bdevonportdu@boston.com,Bigender,79.121.172.243
500,Dyna,Streeter,dstreeterdv@vinaora.com,Agender,202.239.33.206
501,Eyde,Stother,estotherdw@nifty.com,Female,105.169.229.138
502,Mala,Stenners,mstennersdx@furl.net,Female,30.111.106.99
503,Sascha,Dey,sdeydy@slashdot.org,Male,230.6.104.62
504,Van,Toward,vtowarddz@facebook.com,Male,84.121.98.0
505,Row,Fuente,rfuentee0@goo.ne.jp,Female,235.250.41.235
506,Marylou,Sawyer,msawyere1@multiply.com,Female,63.247.226.94
507,Conway,Downage,cdownagee2@independent.co.uk,Male,75.91.192.204
508,Breena,Biagioni,bbiagionie3@is.gd,Female,218.114.167.172
509,Jordan,Ruthven,jruthvene4@squidoo.com,Polygender,100.68.104.162
510,Kalle,Stitfall,kstitfalle5@yolasite.com,Male,60.56.79.160
511,Annamarie,Randall,arandalle6@lulu.com,Polygender,62.80.99.64
512,Wilma,Thorogood,wthorogoode7@nba.com,Female,221.54.6.51
513,Kerwin,Millions,kmillionse8@miitbeian.gov.cn,Male,220.1.27.57
514,Ron,Sheldrake,rsheldrakee9@tuttocitta.it,Agender,110.195.234.91
515,Sasha,Sleford,sslefordea@state.gov,Male,234.104.143.35
516,Merridie,Olliver,mollivereb@jimdo.com,Female,200.219.28.61
517,Broderick,Marvell,bmarvellec@xing.com,Male,203.159.147.106
518,Nicky,Wintour,nwintoured@biglobe.ne.jp,Female,248.58.221.30
519,Nicki,Matzaitis,nmatzaitisee@amazon.co.uk,Female,235.179.137.246
520,Anita,Urvoy,aurvoyef@soundcloud.com,Female,188.190.253.173
521,Clara,Algeo,calgeoeg@a8.net,Female,231.17.70.115
522,Barnaby,Fearby,bfearbyeh@ustream.tv,Male,228.234.131.240
523,Rosie,Merriman,rmerrimanei@tinypic.com,Female,210.81.206.238
524,Sherlocke,Sloper,ssloperej@dot.gov,Genderfluid,101.53.26.236
525,Lorianna,Manklow,lmanklowek@mysql.com,Female,170.141.107.63
526,Naomi,Logsdail,nlogsdailel@wikia.com,Female,222.39.60.193
527,Orlan,Cuxon,ocuxonem@ca.gov,Male,20.215.182.45
528,Rockwell,Jellings,rjellingsen@godaddy.com,Male,217.105.227.9
529,Ganny,Hallard,ghallardeo@tuttocitta.it,Agender,184.30.190.160
530,Reggie,Hordle,rhordleep@google.pl,Female,194.226.62.31
531,Josy,Spread,jspreadeq@instagram.com,Female,95.65.160.146
532,Marina,Hunnawill,mhunnawiller@biblegateway.com,Female,97.15.121.77
533,Jude,Brunsen,jbrunsenes@1688.com,Male,240.103.85.67
534,Jordana,Larkins,jlarkinset@mlb.com,Female,197.98.227.58
535,Ware,Kenyam,wkenyameu@geocities.jp,Male,157.173.137.107
536,Goober,Grundey,ggrundeyev@vinaora.com,Male,237.170.105.245
537,Bennie,Stoter,bstoterew@purevolume.com,Female,172.207.179.53
538,Meghan,Shaefer,mshaeferex@furl.net,Female,59.183.14.198
539,Conan,Yanne,cyanneey@prlog.org,Bigender,136.192.29.73
540,Marc,Robbey,mrobbeyez@tmall.com,Male,130.181.92.23
541,Ingmar,Guirard,iguirardf0@irs.gov,Male,104.200.83.251
542,Roxie,Turrill,rturrillf1@apache.org,Female,187.149.1.230
543,Vanni,Rundle,vrundlef2@sphinn.com,Female,234.134.2.195
544,Cookie,Soigne,csoignef3@examiner.com,Female,7.37.113.94
545,Agnola,Dast,adastf4@hud.gov,Female,195.137.118.138
546,Norman,Dannehl,ndannehlf5@businesswire.com,Male,131.138.114.17
547,Codie,McGrady,cmcgradyf6@nature.com,Female,146.44.33.137
548,Carolann,Milliken,cmillikenf7@weibo.com,Female,4.13.205.84
549,Harrison,Tarling,htarlingf8@tamu.edu,Male,99.79.49.146
550,Sybilla,Daintith,sdaintithf9@dailymail.co.uk,Female,153.18.71.188
551,Silvana,Douche,sdouchefa@techcrunch.com,Female,146.211.180.156
552,Ardella,Kepe,akepefb@uol.com.br,Female,160.156.41.186
553,Rasla,McDougal,rmcdougalfc@meetup.com,Genderfluid,56.241.238.245
554,Yvon,Germain,ygermainfd@wordpress.org,Male,192.33.78.250
555,Emmy,Liverock,eliverockfe@cargocollective.com,Male,196.208.158.189
556,Cosetta,Lidgate,clidgateff@tripod.com,Female,157.80.242.186
557,Eugen,Gianasi,egianasifg@tripadvisor.com,Male,237.122.84.236
558,Renaud,Brigstock,rbrigstockfh@usa.gov,Male,196.63.226.99
559,Christian,Tolman,ctolmanfi@webs.com,Male,158.189.195.61
560,Lindsey,Aitkenhead,laitkenheadfj@nih.gov,Male,2.78.61.30
561,Casandra,Gorrissen,cgorrissenfk@nytimes.com,Female,35.119.117.179
562,Virgie,Kettley,vkettleyfl@jigsy.com,Male,230.188.200.66
563,Chryste,Entres,centresfm@twitpic.com,Female,69.146.198.28
564,Maddi,Jeff,mjefffn@indiatimes.com,Female,211.127.208.150
565,Therese,Kretchmer,tkretchmerfo@hubpages.com,Female,145.18.33.52
566,Olenolin,Ratnege,oratnegefp@ucsd.edu,Male,136.18.76.184
567,Upton,Menpes,umenpesfq@ed.gov,Male,162.177.57.200
568,Ebonee,Graser,egraserfr@bandcamp.com,Female,136.37.230.56
569,Johanna,Glavin,jglavinfs@usnews.com,Female,236.228.250.69
570,Gladi,Ronchka,gronchkaft@alibaba.com,Female,33.105.4.209
571,Mickie,Wardel,mwardelfu@reuters.com,Male,105.194.175.161
572,Travus,Teodori,tteodorifv@free.fr,Male,110.203.185.23
573,Baryram,Renard,brenardfw@dropbox.com,Male,192.108.97.209
574,Berenice,Isakovitch,bisakovitchfx@fema.gov,Female,113.153.39.233
575,Irene,Atkinson,iatkinsonfy@boston.com,Genderfluid,30.197.49.233
576,Robinet,MacIan,rmacianfz@blogtalkradio.com,Female,214.64.162.60
577,Mahmud,Peregrine,mperegrineg0@mail.ru,Male,228.249.18.249
578,Johnnie,Mercey,jmerceyg1@marriott.com,Male,236.94.40.51
579,Luise,Denziloe,ldenziloeg2@gmpg.org,Female,202.24.55.26
580,Penn,Roderighi,proderighig3@paginegialle.it,Male,205.229.91.240
581,Willyt,Spire,wspireg4@ezinearticles.com,Female,171.87.17.255
582,Kissiah,Peters,kpetersg5@cafepress.com,Female,235.2.103.137
583,Rodina,Brantl,rbrantlg6@github.io,Female,52.34.197.83
584,Isis,Gillise,igilliseg7@va.gov,Female,195.132.82.227
585,Brand,Jacobowicz,bjacobowiczg8@cargocollective.com,Male,243.110.164.39
586,Hall,Jiles,hjilesg9@live.com,Male,67.62.175.127
587,Moira,Siggins,msigginsga@twitpic.com,Non-binary,52.105.178.111
588,Philomena,Caesar,pcaesargb@ning.com,Female,191.218.71.242
589,Sadye,McCaughey,smccaugheygc@dmoz.org,Female,235.84.23.179
590,Aggi,Sprason,asprasongd@dmoz.org,Agender,114.3.26.249
591,Salem,Bridewell,sbridewellge@netlog.com,Male,222.233.53.43
592,Tania,Dowding,tdowdinggf@addthis.com,Female,217.120.227.135
593,Alyce,Headings,aheadingsgg@amazon.com,Female,3.3.230.84
594,Emyle,Dillingston,edillingstongh@de.vu,Bigender,8.106.154.189
595,Raf,Childes,rchildesgi@npr.org,Female,247.148.245.172
596,Wandie,Snowding,wsnowdinggj@jiathis.com,Non-binary,242.248.63.165
597,Gabie,Wherton,gwhertongk@hp.com,Male,78.103.181.130
598,Shaylynn,Forestel,sforestelgl@un.org,Female,202.31.143.253
599,Orrin,Ryce,orycegm@nhs.uk,Male,212.175.132.142
600,Rudie,Empleton,rempletongn@springer.com,Male,65.113.16.202
