id,first_name,last_name,email,gender,ip_address
1,Robenia,Witchard,rwitchard0@com.com,Female,110.225.21.219
2,Curcio,Baytrop,cbaytrop1@amazonaws.com,Genderfluid,77.115.146.93
3,Brigitte,Mallon,bmallon2@google.es,Non-binary,72.97.186.42
4,Zerk,Michelet,zmichelet3@upenn.edu,Male,194.32.55.193
5,Chery,Vicent,cvicent4@g.co,Female,71.190.44.186
6,Kimball,Trainer,ktrainer5@businessweek.com,Male,15.205.110.31
7,Adela,Ronnay,aronnay6@flavors.me,Female,229.49.14.172
8,Joe,Driffield,jdriffield7@ameblo.jp,Male,127.16.27.22
9,Taryn,Lockyear,tlockyear8@creativecommons.org,Female,151.187.211.43
10,Base,Reese,breese9@geocities.com,Male,24.215.242.28
11,Farris,Mealiffe,fmealiffea@ihg.com,Male,199.53.140.31
12,Clive,Greggersen,cgreggersenb@altervista.org,Male,202.109.13.248
13,Kerrin,De Blasio,kdeblasioc@list-manage.com,Non-binary,172.113.4.248
14,Sergei,Bodman,sbodmand@sun.com,Male,255.113.169.255
15,Barbie,Rubenfeld,brubenfelde@drupal.org,Female,240.205.60.156
16,Coraline,Edmundson,cedmundsonf@sphinn.com,Female,83.1.89.217
17,Gigi,Bertie,gbertieg@mozilla.org,Non-binary,167.35.116.208
18,Laurence,Taylorson,ltaylorsonh@shutterfly.com,Polygender,115.79.94.180
19,Cordula,Cromblehome,ccromblehomei@chron.com,Female,231.167.115.152
20,Freddy,Bartak,fbartakj@t.co,Male,24.145.120.114
21,Hinze,Caunter,hcaunterk@dyndns.org,Male,242.226.208.19
22,Hal,Duce,hducel@fotki.com,Male,179.215.152.155
23,Brocky,Creevy,bcreevym@ucoz.com,Male,30.212.10.139
24,Thorsten,Scattergood,tscattergoodn@indiatimes.com,Male,214.113.59.168
25,Susannah,Kimblin,skimblino@wsj.com,Female,200.151.242.76
26,Charmion,Faulks,cfaulksp@tamu.edu,Female,204.115.60.81
27,Cart,Pietz,cpietzq@statcounter.com,Male,231.137.180.173
28,Lindi,Dowsing,ldowsingr@pcworld.com,Bigender,244.134.66.125
29,Elden,Steggals,esteggalss@toplist.cz,Male,45.106.210.78
30,Benedikta,Custed,bcustedt@multiply.com,Female,43.204.134.163
31,Broddy,Wykey,bwykeyu@uiuc.edu,Male,57.91.88.218
32,Leticia,Crofts,lcroftsv@youtube.com,Female,26.131.72.73
33,Allyn,Iianon,aiianonw@prnewswire.com,Female,172.176.186.242
34,Clemente,Willoughby,cwilloughbyx@hatena.ne.jp,Male,29.192.166.45
35,Kinnie,Eacle,keacley@toplist.cz,Polygender,218.195.192.157
36,Harwilll,Tabard,htabardz@skyrock.com,Male,175.203.191.144
37,Katharina,Breach,kbreach10@omniture.com,Female,116.32.155.37
38,Barrie,Ridsdale,bridsdale11@sciencedirect.com,Polygender,232.156.15.228
39,Susanetta,Loffill,sloffill12@vistaprint.com,Female,40.31.24.87
40,Alvinia,Blackey,ablackey13@icio.us,Female,117.15.250.138
41,Quill,Crombie,qcrombie14@kickstarter.com,Male,27.116.191.49
42,Hogan,Skamal,hskamal15@eventbrite.com,Male,251.52.33.49
43,Theobald,Bolf,tbolf16@google.it,Male,93.196.115.199
44,Sybil,Habert,shabert17@blog.com,Female,89.217.208.160
45,Hale,Feldmark,hfeldmark18@nih.gov,Male,171.71.191.65
46,Kirby,Bosket,kbosket19@home.pl,Female,244.162.24.120
47,Clarey,Hanton,chanton1a@netlog.com,Female,217.60.254.180
48,Bunny,Trumble,btrumble1b@google.es,Female,126.177.1.162
49,Rowena,Camelia,rcamelia1c@plala.or.jp,Female,156.234.76.179
50,Rodney,Gerren,rgerren1d@nydailynews.com,Male,180.97.140.194
51,Raynard,Ryland,rryland1e@cafepress.com,Agender,2.197.88.172
52,Lilith,Evanson,levanson1f@webmd.com,Female,253.215.78.133
53,Algernon,Janiszewski,ajaniszewski1g@ca.gov,Male,8.2.86.158
54,Kaitlyn,Lesaunier,klesaunier1h@123-reg.co.uk,Female,139.16.44.68
55,Saraann,Bernardinelli,sbernardinelli1i@csmonitor.com,Female,66.202.25.89
56,Gracie,Tregian,gtregian1j@desdev.cn,Female,151.41.163.3
57,Fawnia,Harpin,fharpin1k@tripod.com,Female,236.235.111.103
58,Sonnnie,Haycroft,shaycroft1l@scribd.com,Female,135.53.159.137
59,Guss,Josovich,gjosovich1m@princeton.edu,Male,82.66.165.62
60,Madelyn,Karpol,mkarpol1n@google.com.au,Female,47.94.70.164
61,Thedrick,Huey,thuey1o@bloglines.com,Male,135.230.162.71
62,Candie,Cready,ccready1p@blinklist.com,Female,220.74.103.13
63,Keane,Dewberry,kdewberry1q@goodreads.com,Male,171.74.250.5
64,Mariejeanne,Simondson,msimondson1r@liveinternet.ru,Female,62.15.24.10
65,Emalia,Paz,epaz1s@dell.com,Female,205.166.114.30
66,Fayette,Petroulis,fpetroulis1t@tuttocitta.it,Genderqueer,218.213.104.160
67,Lindsay,Cristofari,lcristofari1u@w3.org,Male,213.193.172.148
68,Kristoforo,Mackieson,kmackieson1v@printfriendly.com,Male,197.183.90.252
69,Jean,Timmes,jtimmes1w@examiner.com,Female,190.23.190.174
70,Billi,Paddy,bpaddy1x@sitemeter.com,Female,48.127.94.61
71,Kinna,Fennell,kfennell1y@ihg.com,Female,88.22.182.188
72,Bryanty,Perel,bperel1z@issuu.com,Male,38.44.150.192
73,Othella,Paulus,opaulus20@shop-pro.jp,Female,246.58.41.237
74,Hilario,Millthorpe,hmillthorpe21@unblog.fr,Male,67.160.30.237
75,Fredric,Kyme,fkyme22@howstuffworks.com,Male,213.210.90.251
76,Lynn,Vanes,lvanes23@odnoklassniki.ru,Female,184.110.0.223
77,Sterling,Jagg,sjagg24@example.com,Male,188.179.160.54
78,Worth,Benditt,wbenditt25@microsoft.com,Male,81.61.98.55
79,Garrard,Bencher,gbencher26@forbes.com,Male,129.93.1.139
80,Babbie,Leivers,bleivers27@multiply.com,Female,86.41.170.49
81,Artemis,Guiton,aguiton28@edublogs.org,Male,160.82.129.87
82,Sissy,Laughren,slaughren29@apache.org,Female,207.77.63.112
83,Sara,Melchior,smelchior2a@wordpress.com,Female,189.12.230.197
84,Marcellina,Simeoli,msimeoli2b@desdev.cn,Female,108.217.151.51
85,Jorgan,McCue,jmccue2c@w3.org,Male,55.80.216.225
86,Holmes,Ferrucci,hferrucci2d@weibo.com,Male,202.250.145.232
87,Darbie,Semrad,dsemrad2e@cornell.edu,Female,145.189.168.171
88,Dory,Kibblewhite,dkibblewhite2f@cmu.edu,Male,26.72.80.141
89,Luce,Doddridge,ldoddridge2g@xrea.com,Female,223.120.112.190
90,Andra,Yeulet,ayeulet2h@bloomberg.com,Female,213.127.26.74
91,King,Calcraft,kcalcraft2i@taobao.com,Male,55.213.67.149
92,Sherline,Matteuzzi,smatteuzzi2j@ox.ac.uk,Female,108.85.25.86
93,Fleurette,Themann,fthemann2k@virginia.edu,Female,149.201.107.188
94,Cathleen,Elnaugh,celnaugh2l@wired.com,Female,95.66.114.177
95,Eveleen,Rutland,erutland2m@nhs.uk,Female,124.164.110.44
96,Todd,Knevett,tknevett2n@zimbio.com,Male,155.236.11.184
97,Harris,Andreopolos,handreopolos2o@a8.net,Male,9.57.32.233
98,Rubetta,Teissier,rteissier2p@wisc.edu,Female,135.174.149.1
99,Barbara-anne,Dreghorn,bdreghorn2q@ox.ac.uk,Female,68.7.250.72
100,Caroljean,Figger,cfigger2r@cbc.ca,Bigender,44.97.133.71
101,Barthel,Molan,bmolan2s@google.com.hk,Male,86.62.95.202
102,Levy,Jelks,ljelks2t@qq.com,Male,217.162.129.192
103,Benedicto,Decroix,bdecroix2u@bigcartel.com,Genderqueer,172.170.1.1
104,Aristotle,Cobain,acobain2v@fastcompany.com,Male,230.5.228.103
105,Kissie,Doig,kdoig2w@seattletimes.com,Genderqueer,218.168.67.17
106,Deanna,McIlwaine,dmcilwaine2x@quantcast.com,Female,133.110.101.170
107,Judi,Gash,jgash2y@unesco.org,Agender,110.253.177.89
108,Bard,Klassmann,bklassmann2z@miitbeian.gov.cn,Male,82.198.189.76
109,Shirleen,Newlan,snewlan30@yellowpages.com,Female,4.126.34.16
110,Natty,Abrahams,nabrahams31@vinaora.com,Female,195.245.25.155
111,Oneida,Earwaker,oearwaker32@imdb.com,Female,0.90.212.207
112,Gothart,Gilroy,ggilroy33@state.gov,Male,4.198.77.250
113,Sayers,Giraudy,sgiraudy34@theguardian.com,Male,197.12.255.170
114,Lon,Christie,lchristie35@nytimes.com,Male,111.50.47.222
115,Van,Glandfield,vglandfield36@oakley.com,Female,187.110.67.171
116,Marietta,Vize,mvize37@jalbum.net,Female,49.183.16.187
117,Pedro,Lampet,plampet38@archive.org,Male,253.115.16.90
118,Harlie,Sargison,hsargison39@sciencedirect.com,Non-binary,169.215.156.83
119,Jens,Fromant,jfromant3a@typepad.com,Male,207.220.119.34
120,Salmon,Abisetti,sabisetti3b@dion.ne.jp,Male,249.140.9.43
121,Giustina,Halse,ghalse3c@sina.com.cn,Female,199.221.163.123
122,Kaspar,Wasling,kwasling3d@netlog.com,Agender,95.228.183.158
123,Nolie,Eakle,neakle3e@a8.net,Female,155.152.131.154
124,Ola,Brandsma,obrandsma3f@devhub.com,Female,118.36.169.109
125,Lonni,Stopforth,lstopforth3g@icq.com,Female,92.142.38.29
126,Brod,Drews,bdrews3h@blogspot.com,Male,254.12.166.80
127,Carlota,Vardy,cvardy3i@studiopress.com,Female,219.108.27.184
128,Karlyn,Bartlet,kbartlet3j@ifeng.com,Agender,12.214.110.23
129,Borden,Dugmore,bdugmore3k@ning.com,Male,255.46.51.218
130,Allie,Tremblet,atremblet3l@springer.com,Bigender,75.98.20.122
131,Keen,Szwarc,kszwarc3m@narod.ru,Male,98.213.167.176
132,Gale,Godlonton,ggodlonton3n@php.net,Male,187.247.68.105
133,Ellswerth,Lascell,elascell3o@yolasite.com,Male,148.230.6.221
134,Serena,Ochterlonie,sochterlonie3p@google.co.uk,Female,190.189.128.98
135,Fair,De Mattei,fdemattei3q@wikia.com,Male,217.185.87.110
136,Audra,Dewdney,adewdney3r@mac.com,Female,176.128.0.105
137,Lindi,Binnes,lbinnes3s@washingtonpost.com,Female,41.212.142.184
138,Catina,Bleakman,cbleakman3t@google.de,Female,121.147.33.96
139,Noll,Whenman,nwhenman3u@ucoz.ru,Male,91.164.46.158
140,Garry,Semper,gsemper3v@squarespace.com,Male,109.0.72.71
141,Patrice,Offener,poffener3w@jiathis.com,Male,232.144.240.41
142,Hi,Kenafaque,hkenafaque3x@walmart.com,Male,4.197.245.70
143,Danny,Gatiss,dgatiss3y@acquirethisname.com,Male,173.209.135.215
144,Nick,Antoszczyk,nantoszczyk3z@cdc.gov,Male,144.175.102.20
145,Matty,Brittle,mbrittle40@stumbleupon.com,Male,109.200.177.177
146,Corissa,Bramsom,cbramsom41@studiopress.com,Female,80.61.120.157
147,Gaspar,Portail,gportail42@redcross.org,Male,93.129.245.190
148,Wynn,Dassindale,wdassindale43@redcross.org,Female,76.133.74.193
149,Kip,Jakubowski,kjakubowski44@seattletimes.com,Female,56.221.190.38
150,Adelaide,Blazeby,ablazeby45@google.cn,Female,40.88.69.201
151,Hadley,Latchford,hlatchford46@sakura.ne.jp,Male,77.253.30.185
152,Brittni,Heinritz,bheinritz47@businessweek.com,Female,190.8.9.143
153,Grantham,D'Abbot-Doyle,gdabbotdoyle48@biblegateway.com,Male,126.227.238.146
154,Rosabelle,Korneichuk,rkorneichuk49@netscape.com,Female,49.225.201.36
155,Nicoline,Brobeck,nbrobeck4a@cisco.com,Genderfluid,129.95.54.98
156,Lorianne,Highway,lhighway4b@foxnews.com,Female,183.96.63.0
157,Symon,Stammer,sstammer4c@nasa.gov,Male,95.148.241.195
158,Gilberta,Skeeles,gskeeles4d@oaic.gov.au,Female,25.54.54.3
159,Dennie,Marshalleck,dmarshalleck4e@vk.com,Female,252.164.73.134
160,Izzy,Motto,imotto4f@twitpic.com,Male,112.66.208.175
161,Brenden,Comrie,bcomrie4g@bandcamp.com,Male,214.35.236.128
162,Giovanna,Ardley,gardley4h@telegraph.co.uk,Female,65.210.146.192
163,Vassili,Petrello,vpetrello4i@icq.com,Male,231.229.12.162
164,Neale,Wozencraft,nwozencraft4j@mysql.com,Male,95.141.113.31
165,Phebe,Semechik,psemechik4k@europa.eu,Female,19.72.126.158
166,Cori,Rowston,crowston4l@booking.com,Female,163.65.105.134
167,Nichols,Heine,nheine4m@psu.edu,Male,60.154.149.223
168,Abigail,Blunsum,ablunsum4n@shareasale.com,Female,242.8.38.171
169,Masha,Foale,mfoale4o@networksolutions.com,Female,137.122.173.233
170,Albertina,Pinhorn,apinhorn4p@shop-pro.jp,Female,9.105.205.79
171,Tymon,Brodie,tbrodie4q@blog.com,Male,62.155.100.20
172,Karoline,Leyzell,kleyzell4r@columbia.edu,Female,184.38.147.228
173,Colin,Paskin,cpaskin4s@ox.ac.uk,Male,68.235.140.124
174,Yvette,Rabbe,yrabbe4t@surveymonkey.com,Female,253.80.131.253
175,Glad,Summerly,gsummerly4u@smugmug.com,Female,71.213.236.130
176,Curran,Lorain,clorain4v@squarespace.com,Male,226.182.212.110
177,Kristoffer,Merida,kmerida4w@godaddy.com,Male,166.213.127.57
178,Jase,Chavey,jchavey4x@reddit.com,Male,135.88.184.225
179,Von,Fleg,vfleg4y@i2i.jp,Male,21.243.42.248
180,Rhody,Harbertson,rharbertson4z@xrea.com,Female,11.58.145.103
181,Tiphanie,Ternouth,tternouth50@google.com.hk,Female,146.37.188.13
182,Ginger,Vasilenko,gvasilenko51@msn.com,Male,48.140.191.183
183,Pietro,Lohden,plohden52@hatena.ne.jp,Male,183.69.109.232
184,Kirby,Laverick,klaverick53@hugedomains.com,Male,94.185.200.70
185,Tabina,Vella,tvella54@msn.com,Female,16.21.142.36
186,Boycey,Phippard,bphippard55@artisteer.com,Male,30.4.53.229
187,Rab,Blanden,rblanden56@flavors.me,Male,30.230.144.172
188,Stacy,Hulland,shulland57@1und1.de,Female,139.230.214.17
189,Kristin,Sponton,ksponton58@chicagotribune.com,Agender,219.179.123.20
190,Lian,Stangoe,lstangoe59@weebly.com,Genderfluid,162.182.246.39
191,Keary,Rosbottom,krosbottom5a@bigcartel.com,Male,137.187.189.3
192,Timi,Dispencer,tdispencer5b@miitbeian.gov.cn,Female,78.100.35.185
193,Grove,Rusling,grusling5c@g.co,Male,12.200.182.74
194,Lanna,Stollsteiner,lstollsteiner5d@utexas.edu,Female,55.173.25.138
195,Mart,Craddock,mcraddock5e@nps.gov,Male,152.33.10.166
196,Carlyle,Alesi,calesi5f@hud.gov,Male,253.134.1.2
197,Chiquita,Andreucci,candreucci5g@sciencedaily.com,Female,138.191.246.249
198,Carrol,Brakewell,cbrakewell5h@accuweather.com,Male,150.28.87.185
199,Wiatt,Veljes,wveljes5i@lycos.com,Male,239.55.10.49
200,Felic,Regitz,fregitz5j@phoca.cz,Male,183.146.48.159
201,Felice,Hindrich,fhindrich5k@themeforest.net,Male,181.16.216.123
202,Micky,Bollands,mbollands5l@xinhuanet.com,Male,20.224.154.193
203,Christa,Christene,cchristene5m@usda.gov,Agender,15.2.170.136
204,Ross,Beckson,rbeckson5n@myspace.com,Male,233.221.167.223
205,Che,Ferrillo,cferrillo5o@ezinearticles.com,Male,211.194.216.247
206,Valle,Durston,vdurston5p@va.gov,Male,204.96.183.160
207,Ernestine,Mantione,emantione5q@360.cn,Female,254.32.33.240
208,Gan,Candish,gcandish5r@reddit.com,Male,18.114.131.134
209,Fielding,MacKellen,fmackellen5s@spiegel.de,Male,48.166.140.238
210,Kissiah,O'Heyne,koheyne5t@jalbum.net,Female,167.193.20.119
211,Valentina,Papa,vpapa5u@phpbb.com,Female,167.179.146.255
212,Paulita,Runchman,prunchman5v@nbcnews.com,Female,83.149.19.48
213,Herschel,Agglione,hagglione5w@tripod.com,Male,204.113.107.145
214,Andrey,Greystock,agreystock5x@sohu.com,Male,93.215.236.26
215,Christan,Matissoff,cmatissoff5y@cbc.ca,Female,115.38.229.23
216,Joane,Aven,javen5z@hatena.ne.jp,Female,210.43.42.20
217,Brucie,Close,bclose60@tinyurl.com,Polygender,72.195.70.4
218,Lou,Minney,lminney61@friendfeed.com,Female,48.233.254.239
219,Packston,Simes,psimes62@goodreads.com,Male,27.17.6.69
220,Eddie,Waylett,ewaylett63@wsj.com,Male,41.36.187.28
221,Lonnard,Bouskill,lbouskill64@amazon.co.uk,Male,204.124.146.118
222,Bobinette,Fetter,bfetter65@jalbum.net,Female,49.3.7.104
223,Conney,Barff,cbarff66@noaa.gov,Male,39.177.50.7
224,Timi,Bagehot,tbagehot67@edublogs.org,Female,102.89.115.240
225,Arturo,Ellwood,aellwood68@cargocollective.com,Non-binary,131.21.229.252
226,Ula,Polkinghorne,upolkinghorne69@blog.com,Polygender,80.38.203.105
227,Tanner,London,tlondon6a@ucsd.edu,Non-binary,44.226.206.98
228,Celestyn,Scranny,cscranny6b@mit.edu,Female,215.5.87.120
229,Sloane,Caukill,scaukill6c@theatlantic.com,Male,22.27.19.34
230,Laurie,Akenhead,lakenhead6d@google.ru,Male,146.178.7.61
231,Kathie,Kleine,kkleine6e@gnu.org,Female,12.197.191.173
232,Wandie,Sitlington,wsitlington6f@ucoz.ru,Female,229.112.219.177
233,Jo,Glancy,jglancy6g@slate.com,Genderqueer,100.87.0.18
234,Louella,Gruczka,lgruczka6h@harvard.edu,Female,114.5.164.41
235,Camila,Marklow,cmarklow6i@yellowbook.com,Female,61.30.204.80
236,Kendra,Shellum,kshellum6j@senate.gov,Female,196.234.130.124
237,Gerrilee,Winckle,gwinckle6k@a8.net,Female,137.66.21.18
238,Budd,Matzeitis,bmatzeitis6l@discuz.net,Male,160.16.37.254
239,Rheta,Adamec,radamec6m@virginia.edu,Female,249.209.208.51
240,Fredrick,Tease,ftease6n@vimeo.com,Male,121.98.39.111
241,Herschel,Maass,hmaass6o@latimes.com,Male,81.121.152.124
242,Raimundo,Tysall,rtysall6p@nasa.gov,Male,28.108.237.78
243,Stewart,Walicki,swalicki6q@amazon.co.uk,Male,238.79.40.207
244,Clo,Mundwell,cmundwell6r@microsoft.com,Female,90.204.155.71
245,Miguela,Sollom,msollom6s@studiopress.com,Female,2.107.50.188
246,Jeno,Flaxon,jflaxon6t@cbslocal.com,Agender,42.230.59.231
247,Phyllys,Binfield,pbinfield6u@webnode.com,Female,141.0.2.238
248,Onfroi,Witchell,owitchell6v@miibeian.gov.cn,Bigender,121.5.67.219
249,Ebony,Shillabear,eshillabear6w@printfriendly.com,Female,241.78.80.132
250,Ileane,Lishman,ilishman6x@drupal.org,Female,79.173.2.65
251,Hart,Perrat,hperrat6y@homestead.com,Male,76.215.30.108
252,Darby,Blue,dblue6z@sitemeter.com,Female,196.21.50.96
253,Darbee,Bodocs,dbodocs70@gnu.org,Male,7.216.68.174
254,Anthia,Francesch,afrancesch71@google.nl,Female,155.150.195.118
255,Vasily,Child,vchild72@amazon.de,Male,207.43.17.222
256,Johann,Hounsham,jhounsham73@theatlantic.com,Male,240.5.196.58
257,Merlina,Elwin,melwin74@mayoclinic.com,Female,12.68.221.172
258,Clement,Gager,cgager75@lulu.com,Male,91.123.132.69
259,Sloan,Giacomini,sgiacomini76@msn.com,Male,5.172.145.56
260,Judye,Boshere,jboshere77@narod.ru,Bigender,144.149.66.117
261,Jabez,Rolles,jrolles78@ucsd.edu,Male,40.136.66.144
262,Hinda,Wicklin,hwicklin79@nytimes.com,Female,107.11.173.80
263,Michaela,MacCallester,mmaccallester7a@goodreads.com,Female,56.97.71.155
264,Klemens,Bullon,kbullon7b@marketwatch.com,Male,33.241.88.249
265,Augusto,Debell,adebell7c@blogspot.com,Male,63.232.108.119
266,Leesa,Antognelli,lantognelli7d@adobe.com,Female,158.28.63.50
267,Van,Wilman,vwilman7e@wikia.com,Male,180.176.229.108
268,Loralie,Huffer,lhuffer7f@google.fr,Genderfluid,238.49.16.251
269,Giffard,Krolik,gkrolik7g@miitbeian.gov.cn,Male,193.184.250.188
270,Cassaundra,Saveall,csaveall7h@earthlink.net,Female,124.83.21.246
271,Gian,Snoddon,gsnoddon7i@gravatar.com,Male,37.207.202.54
272,Shelley,Sushams,ssushams7j@wikipedia.org,Male,188.117.32.231
273,Barny,Tippell,btippell7k@ehow.com,Male,234.241.10.87
274,Maureene,Blofield,mblofield7l@umn.edu,Female,64.41.181.160
275,Gaile,Lock,glock7m@google.com.au,Male,88.18.59.179
276,Kirsten,Wyllis,kwyllis7n@vimeo.com,Bigender,14.252.135.224
277,Ivory,Kleisel,ikleisel7o@noaa.gov,Female,245.83.82.215
278,Barth,Leakner,bleakner7p@reverbnation.com,Male,216.238.165.205
279,Lynna,Feldklein,lfeldklein7q@fotki.com,Female,5.86.231.228
280,Avigdor,McLise,amclise7r@seattletimes.com,Male,57.205.203.178
281,Kipp,Garoghan,kgaroghan7s@wired.com,Male,146.214.245.157
282,Cybill,Gambles,cgambles7t@abc.net.au,Female,138.101.27.164
283,Herminia,Cornillot,hcornillot7u@ustream.tv,Agender,165.238.15.168
284,Eachelle,Comer,ecomer7v@army.mil,Female,215.177.176.135
285,Henrie,Golden of Ireland,hgoldenofireland7w@instagram.com,Female,132.10.77.237
286,Saul,Crosswaite,scrosswaite7x@earthlink.net,Male,105.201.113.22
287,Sherwynd,Breckell,sbreckell7y@sogou.com,Male,52.84.209.171
288,Dame,Bowart,dbowart7z@shop-pro.jp,Male,14.39.206.143
289,Valeda,Fiveash,vfiveash80@hostgator.com,Female,71.146.250.168
290,Thayne,Boow,tboow81@nationalgeographic.com,Male,162.138.63.142
291,Merrile,Bartley,mbartley82@wp.com,Female,90.171.126.187
292,Mackenzie,Olin,molin83@drupal.org,Male,245.166.47.252
293,Barbe,Reedy,breedy84@amazon.co.jp,Female,107.171.101.98
294,Roland,Lawlie,rlawlie85@msn.com,Male,122.129.44.173
295,Yance,Di Napoli,ydinapoli86@google.cn,Male,105.165.72.65
296,Gwyn,Hubbins,ghubbins87@ucsd.edu,Female,165.136.59.126
297,Randi,Brydon,rbrydon88@sogou.com,Female,3.166.178.205
298,Archibold,Olivera,aolivera89@photobucket.com,Male,146.255.24.198
299,Mycah,Huie,mhuie8a@tiny.cc,Genderfluid,134.59.1.196
300,Bank,Grinnov,bgrinnov8b@discuz.net,Male,21.236.101.236
301,Isaiah,Yendle,iyendle8c@joomla.org,Male,184.66.190.204
302,Adelina,Bickerdike,abickerdike8d@angelfire.com,Female,134.67.198.68
303,Townsend,Lindsay,tlindsay8e@vimeo.com,Male,86.179.218.8
304,Kamilah,Huckerby,khuckerby8f@cloudflare.com,Female,143.156.232.75
305,Mariele,Forsbey,mforsbey8g@ftc.gov,Female,222.17.132.46
306,Manolo,Apps,mapps8h@japanpost.jp,Male,61.16.176.16
307,Madlin,Fellibrand,mfellibrand8i@drupal.org,Female,73.29.210.150
308,Junie,Boyet,jboyet8j@edublogs.org,Female,117.198.240.27
309,Peri,Bambery,pbambery8k@newyorker.com,Female,211.231.73.139
310,Nikos,Lorait,nlorait8l@adobe.com,Male,225.87.166.198
311,Nero,Klimus,nklimus8m@cisco.com,Male,193.96.119.33
312,Coralie,Sennett,csennett8n@vimeo.com,Female,130.219.0.92
313,Conway,Ree,cree8o@sogou.com,Male,182.234.27.237
314,Karin,Lazarus,klazarus8p@github.io,Female,228.33.183.60
315,Nickolaus,Bartoszewicz,nbartoszewicz8q@unesco.org,Male,220.46.71.117
316,Milka,Trew,mtrew8r@artisteer.com,Genderfluid,156.142.139.143
317,Amelita,Howroyd,ahowroyd8s@nhs.uk,Female,89.209.34.41
318,Danielle,Joris,djoris8t@t.co,Genderfluid,44.103.142.170
319,Emma,Immer,eimmer8u@unicef.org,Female,46.12.156.174
320,Phyllys,Haugeh,phaugeh8v@walmart.com,Female,26.19.16.184
321,Pembroke,Pendlebery,ppendlebery8w@tamu.edu,Male,169.73.23.124
322,Kaile,Nanni,knanni8x@liveinternet.ru,Female,144.194.190.128
323,Giulia,Crosbie,gcrosbie8y@nbcnews.com,Polygender,189.167.226.86
324,Emlen,Milnthorpe,emilnthorpe8z@delicious.com,Male,45.51.36.55
325,Meg,Stuttard,mstuttard90@psu.edu,Female,230.244.79.62
326,Laurella,Lindstedt,llindstedt91@constantcontact.com,Non-binary,76.183.180.240
327,Rudolfo,Fattorini,rfattorini92@hibu.com,Polygender,136.253.216.89
328,Jodi,Gossage,jgossage93@cdc.gov,Female,69.249.79.134
329,Olivier,Sivell,osivell94@tamu.edu,Male,51.51.42.166
330,Anselm,Featherstone,afeatherstone95@altervista.org,Male,253.79.82.178
331,Edsel,Key,ekey96@creativecommons.org,Male,41.218.69.166
332,Antonino,Vittore,avittore97@barnesandnoble.com,Agender,3.59.249.119
333,Merilyn,McTrusty,mmctrusty98@photobucket.com,Female,124.178.151.150
334,Yves,Baptiste,ybaptiste99@baidu.com,Male,192.38.200.203
335,Larine,Tatlowe,ltatlowe9a@cloudflare.com,Female,132.17.11.201
336,Powell,Skunes,pskunes9b@ibm.com,Male,202.218.174.72
337,Ianthe,Mathieu,imathieu9c@myspace.com,Polygender,225.169.118.229
338,Yanaton,MacAndrew,ymacandrew9d@gravatar.com,Male,5.99.33.98
339,Anselm,Norsworthy,anorsworthy9e@ning.com,Male,109.191.118.50
340,Caitrin,Hamblett,chamblett9f@opensource.org,Female,150.14.239.183
341,Jayson,de Chastelain,jdechastelain9g@163.com,Male,18.53.99.90
342,Herb,Ruler,hruler9h@ftc.gov,Male,39.98.68.154
343,Eloise,Tiplady,etiplady9i@spiegel.de,Female,196.22.33.163
344,Beilul,Featley,bfeatley9j@bloomberg.com,Female,140.188.66.212
345,Tommi,Jerzak,tjerzak9k@cnbc.com,Female,148.0.106.69
346,Clive,Franckton,cfranckton9l@fda.gov,Male,168.25.254.121
347,Alyssa,Vennart,avennart9m@dion.ne.jp,Female,206.155.241.150
348,Paulita,Sawden,psawden9n@taobao.com,Female,94.16.201.31
349,Rafaelita,Innocenti,rinnocenti9o@shareasale.com,Female,242.53.28.241
350,Aaron,Fleming,afleming9p@mac.com,Male,114.72.82.133
351,Broderic,Stoller,bstoller9q@ebay.co.uk,Male,147.250.41.83
352,Hester,Baldetti,hbaldetti9r@columbia.edu,Female,200.161.83.175
353,Trevor,Farnall,tfarnall9s@google.com.hk,Male,12.89.6.223
354,Sauveur,Meneur,smeneur9t@microsoft.com,Male,34.154.133.247
355,Francesco,Bellino,fbellino9u@jimdo.com,Genderfluid,167.215.27.151
356,Ferrel,Butchart,fbutchart9v@tinyurl.com,Male,72.212.171.219
357,Lise,Keep,lkeep9w@skyrock.com,Female,102.239.243.135
358,Germaine,Wreiford,gwreiford9x@mediafire.com,Male,241.130.104.182
359,Ebeneser,Jankowski,ejankowski9y@amazon.co.jp,Male,74.153.43.83
360,Lois,Middas,lmiddas9z@google.co.jp,Female,172.132.139.236
361,Arnie,Spritt,aspritta0@guardian.co.uk,Male,120.206.137.242
362,Roxana,Seager,rseagera1@fotki.com,Female,198.117.1.236
363,Anett,Dewdney,adewdneya2@theglobeandmail.com,Female,191.52.77.156
364,Luke,Ventris,lventrisa3@fema.gov,Male,194.20.247.127
365,Petra,Haborn,phaborna4@soup.io,Female,72.116.154.87
366,Cullie,Howse,chowsea5@opera.com,Male,162.32.17.134
367,Rainer,Burkett,rburketta6@infoseek.co.jp,Male,63.68.75.69
368,Isadore,Matteoli,imatteolia7@sciencedaily.com,Male,48.142.220.87
369,Marge,Dober,mdobera8@pbs.org,Female,217.142.28.230
370,Emyle,Renfree,erenfreea9@webs.com,Female,131.97.57.116
371,Cynthia,Gisbey,cgisbeyaa@wiley.com,Female,155.251.42.185
372,Albina,Swallow,aswallowab@mit.edu,Female,20.123.163.195
373,Celene,Tungay,ctungayac@godaddy.com,Female,159.168.144.141
374,Susanne,Feeny,sfeenyad@cmu.edu,Female,76.178.250.131
375,Jsandye,Gammack,jgammackae@csmonitor.com,Female,54.48.135.56
376,Currey,Favelle,cfavelleaf@businessinsider.com,Male,206.224.253.96
377,Dorella,Jorio,djorioag@dailymotion.com,Bigender,104.167.39.36
378,Patsy,Mival,pmivalah@facebook.com,Female,99.65.10.207
379,Inna,Simenel,isimenelai@yale.edu,Genderfluid,151.214.42.44
380,Jeannie,Stead,jsteadaj@1688.com,Female,45.146.135.160
381,Berny,Kasper,bkasperak@homestead.com,Male,40.57.106.87
382,Nathaniel,Blow,nblowal@ebay.com,Male,122.175.251.69
383,Dennet,Skechley,dskechleyam@delicious.com,Male,94.145.191.159
384,Leupold,Tringham,ltringhaman@smugmug.com,Male,254.90.7.150
385,Hallie,Strother,hstrotherao@yellowpages.com,Female,51.73.100.176
386,Charlena,Tuftin,ctuftinap@prnewswire.com,Female,166.20.171.113
387,Cari,Littlemore,clittlemoreaq@wikispaces.com,Female,149.1.207.99
388,Darcey,Tiltman,dtiltmanar@networkadvertising.org,Female,83.116.203.109
389,Goldia,Kundert,gkundertas@feedburner.com,Female,63.70.204.138
390,Giffard,Presnail,gpresnailat@fc2.com,Male,65.115.135.145
391,June,Johnys,jjohnysau@pinterest.com,Female,96.78.76.150
392,Cyndia,Melluish,cmelluishav@discuz.net,Female,199.229.249.213
393,Brennen,Keeney,bkeeneyaw@ed.gov,Male,217.85.53.169
394,Muriel,Farnill,mfarnillax@ft.com,Female,76.225.51.135
395,Dawna,Deverill,ddeverillay@amazon.de,Female,70.170.155.13
396,Melesa,Kinastan,mkinastanaz@discuz.net,Female,47.168.7.97
397,Desirae,Harteley,dharteleyb0@patch.com,Female,133.68.81.188
398,Ethyl,Tubbs,etubbsb1@feedburner.com,Female,33.162.177.95
399,Vittoria,Winterscale,vwinterscaleb2@netvibes.com,Female,8.179.187.255
400,Aleece,Chilver,achilverb3@vk.com,Female,186.73.254.40
401,Calvin,Youle,cyouleb4@people.com.cn,Male,158.82.223.133
402,Cherye,Ropkins,cropkinsb5@rediff.com,Female,240.127.12.21
403,Pauli,Maine,pmaineb6@thetimes.co.uk,Female,118.126.110.69
404,Arlyn,Canedo,acanedob7@youtu.be,Female,250.122.127.203
405,Zonda,Stockin,zstockinb8@senate.gov,Female,50.229.118.13
406,Anthia,Slogrove,aslogroveb9@irs.gov,Polygender,215.179.246.237
407,Reeva,Ollive,rolliveba@myspace.com,Female,35.144.32.168
408,Clim,Abela,cabelabb@apache.org,Male,164.146.92.192
409,Pattin,Lamborne,plambornebc@csmonitor.com,Male,59.146.12.156
410,Elsworth,Dibbert,edibbertbd@skype.com,Male,185.55.189.66
411,Eleen,McFee,emcfeebe@amazon.co.jp,Female,227.188.1.144
412,Paxon,Rangle,pranglebf@meetup.com,Male,176.243.143.184
413,Baryram,Hunnicutt,bhunnicuttbg@mit.edu,Male,216.31.243.251
414,Flory,Underdown,funderdownbh@scribd.com,Female,95.56.137.152
415,Nonah,Scotchmer,nscotchmerbi@utexas.edu,Female,77.101.54.127
416,Gauthier,Coultous,gcoultousbj@blogspot.com,Male,111.143.242.104
417,Antony,Northey,anortheybk@deliciousdays.com,Male,232.158.97.143
418,Victoria,Dehn,vdehnbl@de.vu,Female,129.94.173.199
419,Riley,Widmoor,rwidmoorbm@squidoo.com,Male,104.171.25.19
420,Fredric,Tichelaar,ftichelaarbn@free.fr,Male,36.200.253.255
421,Suzi,Fishburn,sfishburnbo@comsenz.com,Female,142.216.144.216
422,Lanie,Spackman,lspackmanbp@gravatar.com,Female,91.21.117.215
423,Adlai,Chandlar,achandlarbq@free.fr,Bigender,122.98.121.242
424,Hilly,McGaugan,hmcgauganbr@1und1.de,Male,233.194.235.141
425,Toinette,Rubica,trubicabs@blogger.com,Genderqueer,44.110.44.150
426,Fayre,Franchyonok,ffranchyonokbt@goo.gl,Genderqueer,109.211.132.199
427,Gustavo,Bitcheno,gbitchenobu@biglobe.ne.jp,Male,65.215.69.30
428,Erie,O'Fallone,eofallonebv@yellowbook.com,Male,213.195.110.240
429,Guss,Storr,gstorrbw@mit.edu,Male,142.202.223.37
430,Farr,Brennand,fbrennandbx@reverbnation.com,Male,32.152.182.134
431,Aube,Mellows,amellowsby@statcounter.com,Genderqueer,113.67.153.95
432,Marlee,McCafferky,mmccafferkybz@ocn.ne.jp,Female,31.80.219.155
433,Humphrey,Assante,hassantec0@usgs.gov,Male,39.42.63.126
434,Udell,Follows,ufollowsc1@typepad.com,Male,69.27.79.140
435,Charis,Capoun,ccapounc2@ed.gov,Female,2.48.164.45
436,Leah,Witherop,lwitheropc3@acquirethisname.com,Female,59.123.145.244
437,Dominique,Binge,dbingec4@blogger.com,Female,89.184.72.249
438,Dawn,Shapcott,dshapcottc5@is.gd,Agender,208.107.51.213
439,Kliment,Silverston,ksilverstonc6@skype.com,Male,231.94.75.75
440,Daffi,Kik,dkikc7@wikia.com,Female,103.39.104.183
441,Nevile,Phethean,nphetheanc8@pbs.org,Male,61.190.139.105
442,Chantal,Bautiste,cbautistec9@prnewswire.com,Female,199.233.109.71
443,Chev,Spadollini,cspadollinica@jiathis.com,Genderqueer,18.121.50.217
444,Cloris,Mirralls,cmirrallscb@msu.edu,Female,240.150.231.246
445,Jo,Dabes,jdabescc@fema.gov,Male,93.190.16.252
446,Waite,Lowton,wlowtoncd@clickbank.net,Male,253.75.190.12
447,Faber,Golagley,fgolagleyce@cisco.com,Male,21.143.228.157
448,Karyn,Johnys,kjohnyscf@sbwire.com,Female,64.149.12.33
449,Ugo,Bernhard,ubernhardcg@wikimedia.org,Male,211.33.38.49
450,Dell,Braunroth,dbraunrothch@ucsd.edu,Male,132.41.179.239
451,Janeta,McIlmorie,jmcilmorieci@bloglovin.com,Female,224.131.69.98
452,Rosanne,Eadmeades,readmeadescj@wufoo.com,Non-binary,174.235.92.66
453,Averil,Yoxen,ayoxenck@reference.com,Female,220.40.201.151
454,Shay,Ruppele,sruppelecl@w3.org,Male,20.204.220.132
455,Lurlene,Railton,lrailtoncm@last.fm,Female,23.229.89.157
456,Yvon,Chessor,ychessorcn@ihg.com,Male,232.155.71.177
457,Ferguson,Pagen,fpagenco@vistaprint.com,Male,249.78.52.203
458,Gisele,Canellas,gcanellascp@archive.org,Female,133.114.23.128
459,Salim,Youles,syoulescq@rediff.com,Male,191.249.167.26
460,Alica,Hucquart,ahucquartcr@infoseek.co.jp,Female,245.114.245.222
461,Cherry,Myner,cmynercs@instagram.com,Female,41.144.202.212
462,Ofilia,Lemmon,olemmonct@woothemes.com,Female,26.206.172.67
463,Linda,Allston,lallstoncu@acquirethisname.com,Female,170.58.247.133
464,Raynell,Angerstein,rangersteincv@msn.com,Non-binary,57.174.227.187
465,Eugen,Keetley,ekeetleycw@cornell.edu,Male,180.69.43.202
466,Mark,Banghe,mbanghecx@tripadvisor.com,Genderqueer,40.200.47.50
467,Nathalie,Paute,npautecy@123-reg.co.uk,Female,165.66.166.123
468,Jenny,See,jseecz@g.co,Female,26.201.114.150
469,Lynett,Harewood,lharewoodd0@indiatimes.com,Non-binary,123.93.176.160
470,Vittorio,Willacot,vwillacotd1@auda.org.au,Male,125.25.34.99
471,Kiele,Steere,ksteered2@jimdo.com,Female,215.175.237.166
472,Xever,Heald,xhealdd3@weebly.com,Male,59.116.140.212
473,Austen,Crake,acraked4@google.co.jp,Male,103.181.222.46
474,Corry,Cronchey,ccroncheyd5@stumbleupon.com,Female,144.170.236.64
475,Lorrayne,Varns,lvarnsd6@redcross.org,Female,183.119.102.255
476,Siusan,Botten,sbottend7@storify.com,Female,55.255.151.68
477,Greggory,Pittock,gpittockd8@house.gov,Male,130.46.163.204
478,Bunni,Januszkiewicz,bjanuszkiewiczd9@ning.com,Female,217.104.160.63
479,Willy,Brewitt,wbrewittda@cocolog-nifty.com,Non-binary,63.100.103.208
480,Jacki,Youdell,jyoudelldb@cocolog-nifty.com,Female,124.226.8.252
481,Michel,McNellis,mmcnellisdc@irs.gov,Male,180.228.243.237
482,Cart,Newbury,cnewburydd@bluehost.com,Male,19.254.83.61
483,Abagael,Dowson,adowsonde@answers.com,Female,250.142.18.94
484,Lev,Falconer-Taylor,lfalconertaylordf@techcrunch.com,Male,35.214.186.111
485,Cullie,Wallis,cwallisdg@home.pl,Male,81.229.77.184
486,Filbert,Tremayle,ftremayledh@telegraph.co.uk,Male,185.0.9.177
487,Stavros,Tenant,stenantdi@multiply.com,Male,209.177.183.42
488,Walden,Gellier,wgellierdj@sina.com.cn,Polygender,181.35.237.34
489,Mallissa,Kliment,mklimentdk@mac.com,Female,2.18.163.176
490,Allie,Buckthorp,abuckthorpdl@miitbeian.gov.cn,Male,32.202.149.90
491,Carlo,Skaif,cskaifdm@cdc.gov,Male,86.236.165.149
492,Amelia,Simmgen,asimmgendn@a8.net,Female,147.124.138.135
493,Missy,MacCartan,mmaccartando@flickr.com,Female,39.122.132.49
494,Arlyn,Borrel,aborreldp@bbc.co.uk,Female,115.92.196.111
495,Gustavus,Asser,gasserdq@canalblog.com,Male,6.19.113.134
496,Joseito,Giffaut,jgiffautdr@fastcompany.com,Male,159.61.103.217
497,Dougy,Abilowitz,dabilowitzds@hp.com,Male,186.249.79.146
498,Daphene,Wadham,dwadhamdt@census.gov,Female,91.15.119.162
499,Judon,Brotheridge,jbrotheridgedu@wikia.com,Male,26.127.94.69
500,Debbi,Matejic,dmatejicdv@pagesperso-orange.fr,Female,190.254.141.222
501,Rani,Boshers,rboshersdw@posterous.com,Female,72.7.9.6
502,Wilt,Godman,wgodmandx@oakley.com,Male,134.101.139.213
503,Bancroft,Dowry,bdowrydy@is.gd,Bigender,66.240.46.209
504,Adrian,Peckham,apeckhamdz@list-manage.com,Female,85.75.65.59
505,Terese,Sangwin,tsangwine0@netlog.com,Female,231.50.235.99
506,Hedvige,Dinis,hdinise1@typepad.com,Female,200.250.139.126
507,Cleve,Arnout,carnoute2@etsy.com,Male,184.169.125.190
508,Marris,Goady,mgoadye3@liveinternet.ru,Agender,124.170.255.51
509,Halsey,Goodanew,hgoodanewe4@cbsnews.com,Male,178.54.175.44
510,Hermon,Blaszczynski,hblaszczynskie5@issuu.com,Male,32.162.11.188
511,Adah,Authers,aautherse6@cocolog-nifty.com,Female,199.198.227.95
512,Lavena,Stiffkins,lstiffkinse7@digg.com,Female,19.146.36.32
513,Nicky,Poolman,npoolmane8@seattletimes.com,Male,38.17.9.163
514,Goddart,Pudsey,gpudseye9@ning.com,Male,147.194.216.103
515,Nicki,O' Cloney,nocloneyea@amazon.de,Female,80.165.81.226
516,Orville,Albon,oalboneb@state.tx.us,Male,239.62.100.237
517,Ulla,Suttill,usuttillec@nba.com,Female,123.255.88.67
518,Milly,Sidey,msideyed@paginegialle.it,Female,4.21.135.164
519,Winne,Mayzes,wmayzesee@seattletimes.com,Female,104.184.176.6
520,Tatum,Tejada,ttejadaef@fotki.com,Female,155.169.118.228
521,Evita,Dunkerton,edunkertoneg@weather.com,Female,190.83.84.213
522,Ardyth,Cordero,acorderoeh@wikipedia.org,Polygender,152.30.163.45
523,Kim,Ghio,kghioei@alibaba.com,Female,165.3.34.196
524,Ginnifer,Linge,glingeej@berkeley.edu,Female,241.233.209.239
525,Jamison,Alejandri,jalejandriek@istockphoto.com,Male,143.115.127.206
526,Abigale,Lermouth,alermouthel@parallels.com,Female,167.150.44.233
527,Ara,Ochterlony,aochterlonyem@telegraph.co.uk,Male,0.204.69.164
528,Spenser,Gaisford,sgaisforden@newsvine.com,Male,220.121.83.205
529,Fanchon,Hearne,fhearneeo@va.gov,Female,230.83.190.108
530,Giffard,Domico,gdomicoep@ftc.gov,Male,86.78.78.233
531,Griswold,Skene,gskeneeq@umich.edu,Male,124.172.213.193
532,Allissa,Dewett,adewetter@smugmug.com,Female,57.147.107.33
533,Darb,Trett,dtrettes@discuz.net,Male,161.25.107.64
534,Ermin,Sivier,esivieret@reuters.com,Male,209.67.7.116
535,Daune,Padgham,dpadghameu@who.int,Female,116.17.123.96
536,Cody,Guillon,cguillonev@squarespace.com,Female,133.183.53.216
537,Lance,Delany,ldelanyew@bing.com,Male,236.115.41.114
538,Justinian,Abrahamian,jabrahamianex@pcworld.com,Non-binary,52.75.147.66
539,Milt,Blest,mblestey@istockphoto.com,Male,115.61.220.48
540,Beverlie,Howse,bhowseez@wikipedia.org,Female,174.105.92.182
541,Anica,Killwick,akillwickf0@accuweather.com,Female,215.77.111.59
542,Ewart,Wilsee,ewilseef1@gov.uk,Male,85.24.130.118
543,Hadlee,Sinclar,hsinclarf2@smh.com.au,Male,113.27.105.9
544,Nikolas,Kendle,nkendlef3@ucoz.ru,Male,4.70.94.178
545,Lenna,Gavigan,lgaviganf4@sciencedaily.com,Female,123.61.252.0
546,Viviana,McVane,vmcvanef5@webmd.com,Female,140.149.46.106
547,Clarette,Anthona,canthonaf6@youtu.be,Female,118.71.113.19
548,Zaneta,Purdey,zpurdeyf7@hatena.ne.jp,Female,102.184.115.27
549,Klemens,Britch,kbritchf8@scribd.com,Male,201.48.217.192
550,Willard,Greatreax,wgreatreaxf9@yelp.com,Male,209.19.34.42
551,Janos,Martin,jmartinfa@google.com.br,Male,243.227.108.218
552,Jessamyn,Snarie,jsnariefb@wix.com,Female,134.69.157.70
553,Eduardo,Vonderdell,evonderdellfc@google.nl,Male,227.35.110.19
554,Demetre,Tompkiss,dtompkissfd@friendfeed.com,Male,157.46.241.40
555,Vanessa,Luparto,vlupartofe@utexas.edu,Female,32.136.6.165
556,Jennifer,Benedetti,jbenedettiff@utexas.edu,Female,238.237.101.139
557,Lebbie,Snassell,lsnassellfg@admin.ch,Female,14.126.191.188
558,Vassili,Knill,vknillfh@hibu.com,Male,231.244.216.20
559,Malina,Leivers,mleiversfi@state.tx.us,Female,222.26.70.183
560,Ottilie,Ruffy,oruffyfj@ox.ac.uk,Female,25.89.10.25
561,Greer,Thinn,gthinnfk@vinaora.com,Female,188.75.112.130
562,Deana,Everingham,deveringhamfl@go.com,Female,97.226.212.57
563,Terrye,Ashleigh,tashleighfm@yelp.com,Female,99.195.74.121
564,Berton,Mizzen,bmizzenfn@stanford.edu,Male,55.187.195.116
565,Jackquelin,Rough,jroughfo@zimbio.com,Female,248.112.225.54
566,Chere,Kyme,ckymefp@google.cn,Female,214.120.97.42
567,Salaidh,O'Heaney,soheaneyfq@cnn.com,Non-binary,136.26.163.147
568,Hobie,Huguenet,hhuguenetfr@microsoft.com,Male,78.117.21.14
569,Nevins,Michallat,nmichallatfs@reverbnation.com,Male,197.78.9.87
570,Jeanelle,Ebbotts,jebbottsft@networksolutions.com,Agender,155.118.113.187
571,Evyn,Winborn,ewinbornfu@friendfeed.com,Male,254.252.213.33
572,Fae,Bodley,fbodleyfv@g.co,Female,221.233.53.33
573,Sher,Abrey,sabreyfw@tmall.com,Female,53.134.231.117
574,Hermie,Storrah,hstorrahfx@moonfruit.com,Male,136.125.152.153
575,Barry,Toulson,btoulsonfy@ehow.com,Male,200.182.70.232
576,Brok,Arnal,barnalfz@furl.net,Male,26.127.169.142
577,Briano,Franzoli,bfranzolig0@wiley.com,Male,65.141.179.23
578,Bryon,Skellion,bskelliong1@telegraph.co.uk,Male,173.172.53.197
579,Min,Ebbins,mebbinsg2@chronoengine.com,Female,117.58.243.107
580,Tiffani,Goare,tgoareg3@cmu.edu,Female,228.206.250.74
581,Wendeline,Waylett,wwaylettg4@reuters.com,Female,80.157.6.152
582,Rochester,Hammarberg,rhammarbergg5@indiegogo.com,Male,234.208.145.26
583,Shannon,Dimbleby,sdimblebyg6@vinaora.com,Male,153.239.214.164
584,Ernesto,Cattermull,ecattermullg7@time.com,Male,246.42.99.66
585,Keane,Brightling,kbrightlingg8@blogtalkradio.com,Genderqueer,214.25.169.161
586,Emlynne,Marjoribanks,emarjoribanksg9@360.cn,Female,131.240.71.0
587,Diarmid,Goodlife,dgoodlifega@mit.edu,Male,9.226.48.91
588,My,Knightley,mknightleygb@microsoft.com,Male,110.103.55.61
589,Joletta,Frankland,jfranklandgc@ezinearticles.com,Female,74.36.160.212
590,Brittaney,Warters,bwartersgd@github.io,Female,202.69.97.131
591,Karna,Messer,kmesserge@artisteer.com,Polygender,221.117.171.132
592,Theo,Jinkinson,tjinkinsongf@smugmug.com,Male,212.134.82.78
593,Perry,Jiruca,pjirucagg@constantcontact.com,Male,32.56.230.29
594,Courtney,Pancost,cpancostgh@illinois.edu,Male,235.235.163.44
595,Nahum,Wholesworth,nwholesworthgi@parallels.com,Male,206.171.42.242
596,Margaux,Bonnefin,mbonnefingj@tinypic.com,Female,33.42.248.77
597,Marcelline,Baselli,mbaselligk@github.io,Female,96.79.235.90
598,Geoffrey,Budden,gbuddengl@stanford.edu,Male,97.144.118.195
599,Heda,Elleton,helletongm@cnn.com,Female,50.53.241.70
600,Annnora,Shapcott,ashapcottgn@sciencedaily.com,Female,92.157.44.192
601,Asher,Hannay,ahannaygo@fema.gov,Male,32.175.156.124
602,Bernardina,Novello,bnovellogp@diigo.com,Female,237.41.228.226
603,Johan,Drewet,jdrewetgq@ucsd.edu,Male,10.67.76.52
604,Rori,De Giovanni,rdegiovannigr@apple.com,Female,251.121.165.110
605,Filmer,Gayton,fgaytongs@washingtonpost.com,Male,219.88.71.18
606,Willyt,Myerscough,wmyerscoughgt@so-net.ne.jp,Female,250.43.242.128
607,Goldarina,Paslow,gpaslowgu@amazon.de,Female,100.221.10.195
608,Isa,Marcussen,imarcussengv@flickr.com,Female,93.63.200.154
609,Evaleen,Ogus,eogusgw@blogger.com,Female,173.250.195.220
610,Glenn,O'Grady,gogradygx@dmoz.org,Female,88.237.18.135
611,Monro,Everly,meverlygy@plala.or.jp,Male,145.159.90.44
612,Adolpho,Grevatt,agrevattgz@infoseek.co.jp,Male,145.44.89.213
613,Hedwig,Facchini,hfacchinih0@shareasale.com,Non-binary,143.116.130.155
614,Norina,Cashell,ncashellh1@nsw.gov.au,Female,61.6.116.38
615,Walton,Lackmann,wlackmannh2@irs.gov,Male,82.41.221.51
616,Batsheva,Chesser,bchesserh3@vkontakte.ru,Female,202.175.76.202
617,Michel,Balam,mbalamh4@slate.com,Female,244.70.118.150
618,Haskell,Fehner,hfehnerh5@sina.com.cn,Male,127.37.40.144
619,Merci,Morrell,mmorrellh6@dot.gov,Female,107.161.50.90
620,Bibby,Jaukovic,bjaukovich7@bloglovin.com,Female,25.46.181.137
621,Skipton,Dumberrill,sdumberrillh8@cmu.edu,Genderfluid,72.59.148.92
622,Stafani,Depport,sdepporth9@ebay.co.uk,Female,131.189.195.247
623,Fleurette,Willoughby,fwilloughbyha@vistaprint.com,Female,57.125.233.17
624,Mikaela,Stapleton,mstapletonhb@blogtalkradio.com,Female,67.88.251.50
625,Kristan,Carrane,kcarranehc@fema.gov,Female,77.55.36.41
626,Kathlin,Andrivel,kandrivelhd@npr.org,Female,159.237.16.201
627,Darcy,Ealles,dealleshe@nifty.com,Male,212.29.174.203
628,Merci,Guilford,mguilfordhf@aboutads.info,Female,109.21.96.101
629,Addy,Spry,aspryhg@vinaora.com,Male,240.17.46.135
630,Kare,Ciobotaru,kciobotaruhh@google.es,Female,76.166.75.176
631,Abbey,Pharro,apharrohi@zdnet.com,Male,58.200.171.144
632,Emelda,Rosborough,erosboroughhj@artisteer.com,Non-binary,119.252.156.42
633,Angelique,Szymonowicz,aszymonowiczhk@ucoz.com,Female,191.97.136.109
634,Edmund,Cella,ecellahl@xrea.com,Male,178.80.8.215
635,Sabra,Veall,sveallhm@smugmug.com,Agender,107.53.66.189
636,Cos,Haily,chailyhn@nba.com,Male,110.177.243.57
637,Penny,Bebbington,pbebbingtonho@51.la,Male,67.197.139.133
638,Woodrow,Mitchel,wmitchelhp@craigslist.org,Male,184.44.68.170
639,Stanislaw,Kettlestring,skettlestringhq@dion.ne.jp,Male,134.63.206.164
640,Joleen,Lowdeane,jlowdeanehr@marriott.com,Female,231.104.94.199
641,Aron,Smyth,asmythhs@mapquest.com,Male,238.190.1.7
642,Lemmie,Phippard,lphippardht@pinterest.com,Male,209.67.245.187
643,Linea,Skeates,lskeateshu@comsenz.com,Female,71.222.141.198
644,Beret,Landells,blandellshv@netlog.com,Female,146.228.221.251
645,Stinky,Moulster,smoulsterhw@sciencedaily.com,Agender,169.47.210.187
646,Stafford,O' Flaherty,soflahertyhx@washingtonpost.com,Male,27.126.33.55
647,Coletta,Rowbottam,crowbottamhy@cnbc.com,Female,79.221.4.160
648,Jamie,Loynton,jloyntonhz@cpanel.net,Non-binary,244.235.162.90
649,Dwight,Ledwitch,dledwitchi0@nytimes.com,Male,44.177.86.31
650,Tades,Haugg,thauggi1@samsung.com,Male,53.46.8.228
651,Rudie,Reinhart,rreinharti2@yahoo.co.jp,Male,3.173.99.126
652,Spike,Ney,sneyi3@guardian.co.uk,Non-binary,133.155.216.146
653,Uta,Telford,utelfordi4@slate.com,Female,72.21.185.89
654,Joann,Eamer,jeameri5@livejournal.com,Female,220.160.39.234
655,Fax,Marritt,fmarritti6@yolasite.com,Male,145.153.150.132
656,Wyatan,Gobeau,wgobeaui7@smh.com.au,Male,42.75.213.100
657,Derry,Lytell,dlytelli8@fc2.com,Male,218.208.130.92
658,Opaline,Rounsefell,orounsefelli9@unblog.fr,Female,182.140.190.46
659,Jane,Egger,jeggeria@weebly.com,Female,222.218.107.26
660,Teodoor,Doddrell,tdoddrellib@networkadvertising.org,Male,1.145.244.74
661,Rip,Gallally,rgallallyic@123-reg.co.uk,Male,153.20.74.199
662,Neil,McGrudder,nmcgrudderid@devhub.com,Male,178.254.39.83
663,Teodoro,Pepperrall,tpepperrallie@wix.com,Male,64.182.130.68
664,Colver,Bolam,cbolamif@hatena.ne.jp,Male,218.169.74.157
665,Yardley,Iacofo,yiacofoig@ezinearticles.com,Male,199.116.172.117
666,Tabb,Duncombe,tduncombeih@chicagotribune.com,Male,89.37.135.235
667,Orv,Ramel,oramelii@github.io,Male,59.198.87.20
668,Mikey,Fishly,mfishlyij@ocn.ne.jp,Male,142.12.243.240
669,Renato,Weatherley,rweatherleyik@bandcamp.com,Male,174.140.194.196
670,Karen,Healey,khealeyil@yahoo.co.jp,Female,48.217.12.91
671,Maxi,Borrowman,mborrowmanim@imdb.com,Female,157.207.50.72
672,Boonie,Springham,bspringhamin@linkedin.com,Male,15.92.226.165
673,Worthy,Mitchiner,wmitchinerio@uiuc.edu,Male,252.12.3.6
674,Annmaria,Triebner,atriebnerip@thetimes.co.uk,Female,150.126.87.203
675,Godart,Wheildon,gwheildoniq@ucoz.com,Male,187.234.124.127
676,Madelena,Aronowitz,maronowitzir@exblog.jp,Female,243.248.234.214
677,Reagen,Sprackling,rspracklingis@live.com,Male,116.6.109.120
678,Lombard,McIlvenna,lmcilvennait@networkadvertising.org,Male,123.203.85.56
679,Alec,Lambeth,alambethiu@washingtonpost.com,Male,219.29.155.106
680,Candice,Hartridge,chartridgeiv@wikipedia.org,Female,138.212.77.75
681,Inger,Klimpke,iklimpkeiw@vinaora.com,Male,116.38.169.16
682,Babette,Haffard,bhaffardix@tamu.edu,Polygender,139.100.249.187
683,Shandeigh,Iorio,siorioiy@berkeley.edu,Bigender,197.161.59.6
684,Herminia,Tigner,htigneriz@nifty.com,Female,121.11.223.110
685,Roshelle,Provest,rprovestj0@domainmarket.com,Female,69.27.236.104
686,Basia,Livsey,blivseyj1@epa.gov,Female,255.107.53.17
687,Normy,McCurley,nmccurleyj2@economist.com,Male,41.186.49.59
688,Graehme,Thewless,gthewlessj3@joomla.org,Male,185.130.2.137
689,Mia,Lewsy,mlewsyj4@chicagotribune.com,Female,57.191.181.86
690,Janina,Golborne,jgolbornej5@salon.com,Female,121.96.198.47
691,Nevins,Kuhnert,nkuhnertj6@umn.edu,Male,99.85.244.81
692,Agata,Rivaland,arivalandj7@amazon.de,Female,64.52.254.232
693,Anatollo,Petrowsky,apetrowskyj8@blogger.com,Male,16.84.106.136
694,Corey,Bruffell,cbruffellj9@google.com.au,Male,113.55.99.185
695,Maiga,Duiguid,mduiguidja@boston.com,Female,194.128.246.55
696,Jo ann,Dawid,jdawidjb@forbes.com,Female,130.56.175.212
697,Joleen,Shilburne,jshilburnejc@mac.com,Female,173.58.207.218
698,Kristin,Heinzler,kheinzlerjd@state.tx.us,Female,40.1.197.90
699,Arlen,Klagge,aklaggeje@nifty.com,Agender,139.124.223.111
700,Melvin,Camilleri,mcamillerijf@infoseek.co.jp,Male,85.159.69.76
701,Sterling,Goodspeed,sgoodspeedjg@epa.gov,Male,24.67.139.38
702,Dara,Velde,dveldejh@technorati.com,Female,84.250.225.150
703,Lloyd,Bushnell,lbushnellji@sohu.com,Male,244.86.255.116
704,Calley,Oakey,coakeyjj@google.com.au,Female,195.201.121.31
705,Douglass,Iacovucci,diacovuccijk@jiathis.com,Male,43.189.216.235
706,Chadwick,Heaffey,cheaffeyjl@nps.gov,Male,26.237.130.160
707,Arly,Charette,acharettejm@opensource.org,Female,252.9.179.1
708,Herculie,Powton,hpowtonjn@gmpg.org,Male,133.160.53.203
709,Cyrillus,Howsden,chowsdenjo@moonfruit.com,Male,157.160.253.35
710,Isidora,Caccavale,icaccavalejp@phpbb.com,Female,202.34.254.215
711,Stephi,Thiolier,sthiolierjq@soundcloud.com,Female,198.233.218.230
712,Noami,Girdwood,ngirdwoodjr@google.ca,Female,168.117.3.244
713,Matthieu,Balazot,mbalazotjs@biglobe.ne.jp,Male,13.190.235.38
714,Etienne,De Dantesie,ededantesiejt@youtube.com,Non-binary,100.100.128.33
715,Tara,Dinnage,tdinnageju@cnbc.com,Female,112.194.28.164
716,Kimmy,Wedon,kwedonjv@mozilla.com,Female,208.54.217.161
717,Peta,Culver,pculverjw@goo.gl,Female,34.28.54.175
718,Nev,Brimmicombe,nbrimmicombejx@census.gov,Male,229.230.138.212
719,Celeste,Sizeland,csizelandjy@technorati.com,Female,253.47.230.74
720,Lynett,Gasperi,lgasperijz@virginia.edu,Female,42.19.28.245
721,Cherice,Bowld,cbowldk0@epa.gov,Female,203.21.95.173
722,Adrianne,Jacks,ajacksk1@ibm.com,Female,167.135.199.153
723,Milena,de Quincey,mdequinceyk2@smh.com.au,Female,201.8.183.138
724,Jacquelynn,Merrill,jmerrillk3@rakuten.co.jp,Agender,94.105.220.146
725,Cleon,Kilduff,ckilduffk4@apache.org,Male,83.0.58.34
726,Luciana,Zorzin,lzorzink5@cdbaby.com,Female,222.41.215.93
727,Crin,Picker,cpickerk6@tinypic.com,Female,56.243.190.200
728,Felice,Manwell,fmanwellk7@loc.gov,Male,25.156.222.144
729,Binky,Sanham,bsanhamk8@umich.edu,Male,229.118.206.63
730,Delila,Stonman,dstonmank9@va.gov,Female,119.11.10.247
731,Victor,Folley,vfolleyka@yolasite.com,Male,3.153.204.6
732,Ruy,McGinnell,rmcginnellkb@craigslist.org,Polygender,204.243.147.30
733,Bendicty,Mitchenson,bmitchensonkc@opensource.org,Male,242.24.214.247
734,Hailey,Chifney,hchifneykd@prnewswire.com,Male,159.95.144.48
735,Bartel,Hazeldene,bhazeldeneke@army.mil,Male,28.197.85.158
736,Patrizio,Longland,plonglandkf@economist.com,Male,155.219.235.247
737,Odo,Tofano,otofanokg@linkedin.com,Male,204.94.201.152
738,Gizela,Airlie,gairliekh@disqus.com,Genderqueer,15.95.88.173
739,Desmund,Pickerell,dpickerellki@fema.gov,Male,241.51.34.60
740,Fowler,Linger,flingerkj@qq.com,Genderfluid,31.72.23.187
741,Cary,Reisenstein,creisensteinkk@ucla.edu,Male,244.199.41.141
742,Kissie,Inglis,kingliskl@spiegel.de,Female,120.65.34.104
743,Horacio,Yarnell,hyarnellkm@flickr.com,Male,146.10.165.157
744,Tore,Baldoni,tbaldonikn@nih.gov,Male,223.182.118.26
745,Sela,Bunson,sbunsonko@wix.com,Female,67.153.17.106
746,Kacy,Petrik,kpetrikkp@apache.org,Female,183.201.220.151
747,Elsbeth,Gulley,egulleykq@jugem.jp,Female,34.92.190.37
748,Corie,Passie,cpassiekr@omniture.com,Female,43.142.215.131
749,Alejandrina,Conroy,aconroyks@hao123.com,Female,73.152.48.143
750,Robert,Secret,rsecretkt@apple.com,Male,98.4.149.253
751,Nikolos,Pappi,npappiku@jiathis.com,Male,166.161.96.189
752,Pamelina,Goatman,pgoatmankv@engadget.com,Female,50.3.187.163
753,Adorne,Livermore,alivermorekw@uol.com.br,Female,239.224.215.32
754,Debora,Kinnett,dkinnettkx@zdnet.com,Female,59.126.198.190
755,Colline,Pursey,cpurseyky@dagondesign.com,Female,117.33.17.179
756,Layla,de Savery,ldesaverykz@state.tx.us,Female,102.180.237.74
757,Wendeline,Begg,wbeggl0@prweb.com,Female,48.40.139.226
758,Fran,Aspling,fasplingl1@weebly.com,Male,125.57.252.121
759,Kacie,Redmond,kredmondl2@google.co.jp,Female,136.224.228.200
760,Gavan,Kesby,gkesbyl3@dedecms.com,Male,1.237.237.130
761,Isa,Beran,iberanl4@narod.ru,Male,67.82.69.242
762,Phillipp,Braxay,pbraxayl5@jigsy.com,Male,112.125.120.32
763,Early,Saing,esaingl6@gov.uk,Male,241.241.34.202
764,Jamill,Branch,jbranchl7@webnode.com,Male,35.163.0.44
765,Sophi,Baxstair,sbaxstairl8@pcworld.com,Female,97.153.163.122
766,Yettie,Lampe,ylampel9@japanpost.jp,Female,156.60.174.113
767,Hercule,Folger,hfolgerla@hatena.ne.jp,Male,219.135.183.203
768,Franky,Wedgwood,fwedgwoodlb@ycombinator.com,Male,118.165.58.98
769,Nydia,Rapps,nrappslc@php.net,Female,244.244.76.10
770,Skyler,Entres,sentresld@phpbb.com,Male,167.1.127.38
771,Rene,Lax,rlaxle@independent.co.uk,Female,208.69.137.229
772,Anstice,Sizzey,asizzeylf@stanford.edu,Female,168.54.91.77
773,Wallie,Paraman,wparamanlg@reverbnation.com,Female,214.74.137.32
774,Hale,Shingfield,hshingfieldlh@addthis.com,Male,228.130.92.104
775,Walliw,Best,wbestli@pen.io,Female,112.32.152.3
776,Osborn,Bwy,obwylj@free.fr,Male,222.185.62.116
777,Annmaria,Cowl,acowllk@biglobe.ne.jp,Female,152.207.240.233
778,Kelbee,Folbig,kfolbigll@yelp.com,Male,80.106.132.195
779,Mata,Coite,mcoitelm@indiegogo.com,Male,53.17.2.249
780,Lezley,Dericot,ldericotln@europa.eu,Male,18.241.171.85
781,Bobine,Merrywether,bmerrywetherlo@tinypic.com,Female,155.114.45.73
782,Giulio,Fawke,gfawkelp@businessinsider.com,Male,78.214.198.93
783,Gabby,Wigelsworth,gwigelsworthlq@msu.edu,Male,229.245.152.206
784,Etta,Aslum,easlumlr@edublogs.org,Female,111.158.5.23
785,Harp,Eric,hericls@hc360.com,Male,47.65.202.189
786,Lida,Hardesty,lhardestylt@wiley.com,Female,7.87.208.135
787,Leesa,Mudd,lmuddlu@de.vu,Female,168.82.254.87
788,Elsa,Honig,ehoniglv@chicagotribune.com,Female,31.182.184.176
789,Bev,Lias,bliaslw@blogs.com,Female,203.6.68.166
790,Tuesday,Mablestone,tmablestonelx@storify.com,Female,81.194.253.163
791,Zeb,Scrowton,zscrowtonly@cargocollective.com,Male,81.79.148.173
792,Amara,Champness,achampnesslz@mozilla.org,Female,210.185.164.108
793,Lulu,Brailey,lbraileym0@hugedomains.com,Female,50.154.23.245
794,Benedicto,Sokill,bsokillm1@europa.eu,Male,139.247.250.153
795,Trude,Stelli,tstellim2@independent.co.uk,Female,142.228.93.163
796,Helyn,Oldknowe,holdknowem3@aol.com,Female,46.73.223.22
797,Deane,Golborn,dgolbornm4@ameblo.jp,Female,223.99.32.76
798,Shaine,Donahue,sdonahuem5@tamu.edu,Female,194.158.58.142
799,Krishnah,Nevison,knevisonm6@netvibes.com,Bigender,121.146.232.209
800,Galven,Wakeham,gwakehamm7@imageshack.us,Male,159.181.110.150
801,Celine,McGowing,cmcgowingm8@yolasite.com,Female,240.255.99.242
802,Thayne,Patterson,tpattersonm9@sina.com.cn,Male,226.37.29.148
803,Pauline,Marczyk,pmarczykma@techcrunch.com,Female,177.136.77.149
804,Emilee,Scrafton,escraftonmb@slashdot.org,Female,165.92.65.71
805,Juli,Cluley,jcluleymc@opensource.org,Female,8.165.177.52
806,Guillermo,Dunkerley,gdunkerleymd@flickr.com,Male,13.189.155.119
807,Briant,Fryett,bfryettme@mac.com,Male,18.193.156.98
808,Faythe,Mayworth,fmayworthmf@hao123.com,Female,121.132.97.91
809,Candide,Loughan,cloughanmg@github.com,Female,188.244.151.190
810,Dmitri,Shave,dshavemh@over-blog.com,Male,15.249.150.190
811,Lorne,Paff,lpaffmi@phoca.cz,Male,148.12.155.78
812,Noelani,Duddle,nduddlemj@geocities.jp,Female,98.3.219.232
813,Olvan,Whalebelly,owhalebellymk@simplemachines.org,Male,196.163.184.7
814,Danny,Callander,dcallanderml@admin.ch,Male,242.69.237.147
815,Roberto,Mateiko,rmateikomm@cdbaby.com,Male,251.194.206.47
816,Timofei,Sheaf,tsheafmn@msu.edu,Male,249.30.72.135
817,Gavin,Riggoll,griggollmo@t.co,Male,37.18.249.222
818,Nerita,Hall-Gough,nhallgoughmp@gravatar.com,Genderqueer,120.48.181.127
819,Purcell,Legges,pleggesmq@nytimes.com,Male,140.154.157.61
820,Moreen,Suscens,msuscensmr@ibm.com,Female,175.173.229.178
821,Allister,Laskey,alaskeyms@google.it,Male,242.224.56.132
822,Frederich,Possek,fpossekmt@sogou.com,Male,84.250.42.171
823,Romain,Breadon,rbreadonmu@biblegateway.com,Male,131.185.47.113
824,Dara,Mansfield,dmansfieldmv@indiegogo.com,Female,27.143.155.0
825,Pren,Tomlett,ptomlettmw@blogspot.com,Male,249.194.131.83
826,Norbert,Crispe,ncrispemx@elegantthemes.com,Male,46.25.191.5
827,Levi,Bednell,lbednellmy@yandex.ru,Male,67.242.108.153
828,Bondie,Mirrlees,bmirrleesmz@epa.gov,Male,34.64.143.211
829,Franklin,Cathie,fcathien0@cnet.com,Male,133.253.228.173
830,Patrizio,Joerning,pjoerningn1@php.net,Male,189.87.155.18
831,Orazio,Frany,ofranyn2@odnoklassniki.ru,Male,56.212.200.177
832,Rowland,Frandsen,rfrandsenn3@vkontakte.ru,Male,68.182.128.49
833,Alisa,Dumphy,adumphyn4@etsy.com,Genderfluid,107.175.64.115
834,Dell,Layburn,dlayburnn5@youtube.com,Male,118.95.227.59
835,Marla,Lundbech,mlundbechn6@upenn.edu,Female,19.183.110.254
836,Janeczka,Corser,jcorsern7@wikimedia.org,Non-binary,194.90.195.103
837,Osgood,Elbourne,oelbournen8@cocolog-nifty.com,Male,219.95.137.34
838,Ulrich,Theze,uthezen9@java.com,Male,190.148.230.162
839,Terrence,Wildsmith,twildsmithna@w3.org,Male,176.51.72.102
840,Sashenka,Rubinshtein,srubinshteinnb@rakuten.co.jp,Female,46.99.207.63
841,Tanney,Leuchars,tleucharsnc@microsoft.com,Male,216.243.87.131
842,Randi,MacLucais,rmaclucaisnd@netscape.com,Bigender,23.146.3.158
843,Fletch,Hundley,fhundleyne@amazon.com,Male,45.54.45.100
844,Hedwiga,Edelston,hedelstonnf@wikia.com,Female,53.75.129.225
845,Kinsley,Chester,kchesterng@imdb.com,Male,14.125.238.58
846,Ram,Warder,rwardernh@flavors.me,Male,21.162.98.152
847,Franzen,O'Dee,fodeeni@guardian.co.uk,Male,101.91.34.1
848,Belinda,Pynn,bpynnnj@cpanel.net,Female,109.123.98.250
849,Archy,Thornally,athornallynk@xinhuanet.com,Male,164.71.217.31
850,Salem,McSperrin,smcsperrinnl@microsoft.com,Male,105.188.151.59
851,Nerissa,Cominotti,ncominottinm@yahoo.com,Bigender,121.151.17.131
852,Derk,Geratasch,dgerataschnn@toplist.cz,Male,200.107.161.155
853,Tallulah,Cockayme,tcockaymeno@google.ru,Female,9.178.181.211
854,Noellyn,Fieldhouse,nfieldhousenp@foxnews.com,Female,241.182.104.237
855,Micah,Drysdall,mdrysdallnq@biglobe.ne.jp,Male,223.81.29.220
856,Douglas,Gallahar,dgallaharnr@drupal.org,Male,136.79.96.28
857,Cathee,Doran,cdoranns@myspace.com,Female,207.49.164.176
858,Maurita,Robertshaw,mrobertshawnt@mac.com,Female,97.201.144.222
859,Merry,Dimitru,mdimitrunu@ycombinator.com,Male,143.50.183.173
860,Ynez,Burnitt,yburnittnv@miitbeian.gov.cn,Female,131.128.75.152
861,Evered,Jori,ejorinw@omniture.com,Male,118.179.94.156
862,Sarina,Billham,sbillhamnx@reuters.com,Female,15.24.20.108
863,Jephthah,Linacre,jlinacreny@elpais.com,Male,225.27.27.120
864,Ilise,Eldin,ieldinnz@over-blog.com,Female,95.178.1.149
865,Kipp,Wingeatt,kwingeatto0@pagesperso-orange.fr,Male,147.244.32.124
866,Linus,Simonnin,lsimonnino1@nih.gov,Male,157.106.29.26
867,Dacy,Bilson,dbilsono2@mozilla.org,Female,221.167.154.40
868,Cassandre,Wrigglesworth,cwriggleswortho3@patch.com,Female,145.86.244.37
869,Christye,McEnery,cmceneryo4@ihg.com,Genderfluid,119.207.233.108
870,Julius,Radeliffe,jradeliffeo5@google.nl,Male,34.192.116.175
871,Northrop,Caffin,ncaffino6@google.nl,Male,85.216.17.186
872,Ky,Dursley,kdursleyo7@cdbaby.com,Male,125.205.70.13
873,Humberto,Toomer,htoomero8@yellowpages.com,Male,96.13.187.169
874,Chaddie,Headingham,cheadinghamo9@sohu.com,Male,197.75.81.181
875,Alexio,Matussow,amatussowoa@homestead.com,Male,250.210.112.208
876,Adrianna,Wyson,awysonob@senate.gov,Genderqueer,138.124.26.47
877,Meta,Larchier,mlarchieroc@economist.com,Female,242.115.255.141
878,Alonso,Lowensohn,alowensohnod@miibeian.gov.cn,Male,129.141.184.65
879,Roddie,Ortner,rortneroe@uiuc.edu,Male,139.85.31.0
880,Rozanna,Brugh,rbrughof@hud.gov,Female,200.191.112.111
881,Andreana,Marages,amaragesog@npr.org,Female,174.238.33.14
882,Brigg,Learmount,blearmountoh@nih.gov,Male,203.175.177.27
883,Chico,Dossettor,cdossettoroi@list-manage.com,Male,46.70.7.39
884,Othelia,Blenkinsop,oblenkinsopoj@dell.com,Female,184.60.214.110
885,Miof mela,Filipowicz,mfilipowiczok@mit.edu,Female,228.86.10.151
886,Max,Matschek,mmatschekol@google.cn,Male,46.62.189.92
887,Moll,Tolomelli,mtolomelliom@shop-pro.jp,Female,165.243.153.38
888,Hyacinthie,Marsland,hmarslandon@ning.com,Female,240.139.80.176
889,Elliot,Glyssanne,eglyssanneoo@prnewswire.com,Male,101.140.37.159
890,Meryl,Puleston,mpulestonop@biblegateway.com,Male,218.254.69.120
891,Joscelin,Dargue,jdargueoq@upenn.edu,Female,75.141.43.65
892,Antonia,Orringe,aorringeor@about.me,Female,101.127.103.57
893,Northrop,McCardle,nmccardleos@oaic.gov.au,Male,220.174.153.138
894,Celene,O'Dyvoie,codyvoieot@unicef.org,Female,25.0.178.98
895,Nefen,Iron,nironou@github.com,Male,115.136.59.224
896,Wildon,Kaysor,wkaysorov@ocn.ne.jp,Male,199.205.199.78
897,Lindon,MacTrustie,lmactrustieow@bravesites.com,Male,116.160.137.212
898,Ginger,Dudin,gdudinox@samsung.com,Female,67.114.77.68
899,Maritsa,Kiendl,mkiendloy@comcast.net,Female,164.91.148.241
900,Annmarie,Kohlerman,akohlermanoz@etsy.com,Female,109.191.21.25
901,Bellina,Rousell,brousellp0@blog.com,Female,177.209.61.59
902,Creighton,Haselwood,chaselwoodp1@artisteer.com,Male,243.25.205.198
903,Melony,Levey,mleveyp2@bloglines.com,Female,29.5.13.17
904,Shep,Dehn,sdehnp3@newsvine.com,Male,123.95.95.176
905,Joelly,Titmuss,jtitmussp4@a8.net,Female,211.198.131.175
906,Staci,Poulney,spoulneyp5@microsoft.com,Female,107.95.39.73
907,Homere,Pimlock,hpimlockp6@mozilla.org,Male,32.195.172.158
908,Caterina,Tingle,ctinglep7@washingtonpost.com,Genderqueer,224.93.231.85
909,Nydia,Bridgwood,nbridgwoodp8@yale.edu,Female,236.53.182.233
910,Isadora,Breznovic,ibreznovicp9@nasa.gov,Female,19.73.233.203
911,Darsie,Cranage,dcranagepa@unblog.fr,Female,226.219.232.194
912,Rozanna,Celli,rcellipb@japanpost.jp,Female,242.115.238.78
913,Netty,Gipps,ngippspc@google.cn,Female,25.20.198.15
914,Herve,Bloxland,hbloxlandpd@nature.com,Male,213.10.245.219
915,Abie,Chittie,achittiepe@timesonline.co.uk,Male,120.42.117.138
916,Vivian,Kennifick,vkennifickpf@harvard.edu,Female,246.179.234.203
917,Karyl,Sone,ksonepg@army.mil,Female,111.44.178.5
918,Erny,Gimlet,egimletph@163.com,Male,251.239.191.78
919,Giavani,Huntress,ghuntresspi@miitbeian.gov.cn,Male,119.5.154.111
920,Giordano,Tsarovic,gtsarovicpj@mac.com,Male,198.210.71.120
921,Elicia,Hurleston,ehurlestonpk@chronoengine.com,Female,169.61.246.114
922,Freedman,Enderby,fenderbypl@spotify.com,Male,131.157.32.39
923,Sax,MacAnellye,smacanellyepm@bigcartel.com,Male,18.128.118.221
924,Merrily,McCracken,mmccrackenpn@yahoo.com,Bigender,5.217.61.189
925,Claudianus,Tierny,ctiernypo@zimbio.com,Male,176.1.44.110
926,Nara,Voas,nvoaspp@geocities.com,Polygender,196.116.148.87
927,Hyacinthia,McCuthais,hmccuthaispq@devhub.com,Female,8.112.231.190
928,Jamison,Gipp,jgipppr@google.ru,Male,215.6.197.147
929,Margette,Joron,mjoronps@loc.gov,Female,98.40.60.13
930,Maible,Bundey,mbundeypt@nih.gov,Female,50.8.35.18
931,Catherine,Castellanos,ccastellanospu@hp.com,Female,141.210.238.63
932,Jerrilee,McGiveen,jmcgiveenpv@wikimedia.org,Female,216.185.15.186
933,Carlotta,Nardi,cnardipw@google.nl,Genderqueer,28.235.71.43
934,Heinrik,Paulazzi,hpaulazzipx@people.com.cn,Male,134.140.183.79
935,Harrison,Deniso,hdenisopy@dion.ne.jp,Male,46.14.252.105
936,Sadie,Greenleaf,sgreenleafpz@goo.gl,Female,212.147.12.99
937,Bab,Cuxon,bcuxonq0@who.int,Female,250.197.114.31
938,Stacee,McClarence,smcclarenceq1@is.gd,Female,236.119.236.4
939,Elsie,Calloway,ecallowayq2@blinklist.com,Female,201.233.102.243
940,Olympia,Gallimore,ogallimoreq3@wikimedia.org,Female,104.105.0.143
941,Abba,Dawidowitz,adawidowitzq4@simplemachines.org,Male,170.249.186.162
942,Alisander,Paling,apalingq5@live.com,Agender,189.120.133.111
943,Edlin,Matlock,ematlockq6@mozilla.org,Male,40.133.213.76
944,Benjy,Franek,bfranekq7@printfriendly.com,Male,151.79.199.207
945,Marcelo,Gooms,mgoomsq8@discuz.net,Male,82.121.234.70
946,Barrett,McCosh,bmccoshq9@engadget.com,Male,222.209.80.200
947,Amalia,Muncey,amunceyqa@sohu.com,Female,94.22.255.39
948,Gill,Morton,gmortonqb@fastcompany.com,Male,171.79.172.45
949,Sallie,Wrigley,swrigleyqc@oaic.gov.au,Female,193.30.37.153
950,Yancy,Jagson,yjagsonqd@reuters.com,Male,204.179.227.0
951,Emilee,Krelle,ekrelleqe@unc.edu,Female,91.189.88.99
952,Donalt,Gaffney,dgaffneyqf@discovery.com,Male,176.45.63.116
953,Cindelyn,Sawdy,csawdyqg@netvibes.com,Female,64.255.235.59
954,Antone,Kaasmann,akaasmannqh@purevolume.com,Male,157.81.213.189
955,Jaclin,Cockley,jcockleyqi@facebook.com,Female,159.71.189.33
956,Lorena,McFaell,lmcfaellqj@artisteer.com,Female,227.255.242.80
957,Viki,Gower,vgowerqk@privacy.gov.au,Female,181.32.25.190
958,Kali,Dyter,kdyterql@wsj.com,Female,2.6.30.79
959,Jamil,Lantaff,jlantaffqm@miitbeian.gov.cn,Male,205.30.207.62
960,Sib,Casaroli,scasaroliqn@answers.com,Female,131.247.4.52
961,Breanne,Lough,bloughqo@dropbox.com,Female,43.155.115.52
962,Pierce,Flexman,pflexmanqp@wp.com,Genderqueer,79.175.87.130
963,Gui,Biswell,gbiswellqq@trellian.com,Female,70.6.125.31
964,Hermie,Ashington,hashingtonqr@prnewswire.com,Male,181.251.224.101
965,Hamish,Ciardo,hciardoqs@globo.com,Male,138.181.189.216
966,Neely,Prattin,nprattinqt@sakura.ne.jp,Non-binary,127.116.177.3
967,Gussi,Sangwine,gsangwinequ@scientificamerican.com,Female,168.233.39.203
968,Jere,Extil,jextilqv@google.ca,Female,199.149.63.125
969,Roselle,MacAughtrie,rmacaughtrieqw@europa.eu,Female,254.63.199.47
970,Arel,Filov,afilovqx@senate.gov,Male,193.190.126.161
971,Noni,Jostan,njostanqy@yellowpages.com,Female,123.4.187.243
972,Peyton,Girdler,pgirdlerqz@hud.gov,Male,237.187.111.151
973,Clovis,Bodechon,cbodechonr0@facebook.com,Female,72.246.186.225
974,Carley,Whiteland,cwhitelandr1@xrea.com,Female,40.105.156.157
975,Hughie,Coppen,hcoppenr2@mysql.com,Male,203.145.44.71
976,Sigrid,Mumbray,smumbrayr3@independent.co.uk,Female,191.146.207.107
977,Erwin,Lithgow,elithgowr4@microsoft.com,Bigender,202.165.234.37
978,Jeannette,Zamora,jzamorar5@ftc.gov,Female,175.120.255.42
979,Goran,Tubbs,gtubbsr6@seattletimes.com,Male,139.95.252.140
980,Edee,Arney,earneyr7@fastcompany.com,Genderqueer,241.236.68.3
981,Selie,McCullagh,smccullaghr8@hp.com,Female,63.97.239.74
982,Jackqueline,Jodlkowski,jjodlkowskir9@washington.edu,Female,176.33.92.203
983,Enos,Haine,ehainera@freewebs.com,Male,79.135.227.58
984,Noami,Claisse,nclaisserb@google.ru,Female,74.124.63.130
985,Jaymee,Petyanin,jpetyaninrc@csmonitor.com,Genderfluid,247.18.12.114
986,Mel,Anetts,manettsrd@toplist.cz,Genderfluid,74.213.198.15
987,Nicoli,Langworthy,nlangworthyre@wordpress.com,Female,243.42.101.219
988,Edvard,Summerhayes,esummerhayesrf@patch.com,Male,1.155.74.80
989,Joseph,Dacke,jdackerg@github.io,Male,77.174.132.2
990,Powell,Rhoades,prhoadesrh@cmu.edu,Male,244.217.254.25
991,Krysta,Wife,kwiferi@omniture.com,Female,155.61.241.51
992,Linn,Heinz,lheinzrj@bing.com,Female,37.236.252.88
993,Alon,Elsom,aelsomrk@devhub.com,Male,183.40.250.139
994,Ashli,Islip,aisliprl@ted.com,Female,76.85.13.207
995,Elle,Beadell,ebeadellrm@soundcloud.com,Female,129.109.144.106
996,Haroun,Bradnocke,hbradnockern@posterous.com,Male,100.87.223.247
997,Elias,Rymill,erymillro@utexas.edu,Male,195.154.194.251
998,Tonye,Rogliero,troglierorp@google.ca,Female,31.66.67.161
999,Charissa,Kase,ckaserq@answers.com,Female,175.90.62.135
1000,Ellary,Menichi,emenichirr@nytimes.com,Male,35.177.119.19
