id,first_name,last_name,email,gender,ip_address
1,Sheffy,Edgeley,sedgeley0@admin.ch,Male,124.2.145.144
2,Lilas,Skipp,lskipp1@shinystat.com,Female,60.73.103.198
3,Godart,Finey,gfiney2@google.com.au,Male,139.218.126.222
4,Patty,Bernaciak,pbernaciak3@reddit.com,Male,120.132.18.185
5,Terry,Dauney,tdauney4@slideshare.net,Female,199.177.129.221
6,Jorge,Elliston,jelliston5@wikipedia.org,Male,233.195.188.116
7,Arlin,Salmoni,asalmoni6@t.co,Male,204.4.77.179
8,Florian,Ackery,fackery7@opera.com,Male,146.94.146.11
9,Eleonora,Meiningen,emeiningen8@imageshack.us,Female,68.20.27.169
10,Jo-ann,Anney,janney9@mashable.com,Female,74.110.150.140
11,Giselle,Fancott,gfancotta@elegantthemes.com,Female,217.44.16.64
12,Jerrine,Filintsev,jfilintsevb@ucsd.edu,Female,39.113.250.132
13,Chery,Skittrall,cskittrallc@sphinn.com,Female,42.183.225.193
14,Darcie,Alldread,dalldreadd@dagondesign.com,Female,133.129.140.28
15,Amberly,Harbor,aharbore@spiegel.de,Female,162.147.147.164
16,Chrisse,Burwell,cburwellf@columbia.edu,Male,142.77.19.17
17,Idaline,Dightham,idighthamg@shop-pro.jp,Female,30.104.144.3
18,Glynis,Sutehall,gsutehallh@springer.com,Female,254.93.229.111
19,Kevina,Vaines,kvainesi@behance.net,Polygender,107.73.75.160
20,Delbert,Davidde,ddaviddej@pbs.org,Male,163.229.191.237
21,Sheilah,Batecok,sbatecokk@adobe.com,Female,94.137.249.122
22,Bianka,Baulk,bbaulkl@artisteer.com,Female,86.43.175.155
23,Skell,Seacroft,sseacroftm@squarespace.com,Male,137.3.43.69
24,Lelah,Billitteri,lbillitterin@jigsy.com,Polygender,252.238.166.13
25,Avivah,Carlisso,acarlissoo@springer.com,Female,216.154.131.181
26,Rania,Keaysell,rkeaysellp@hostgator.com,Female,57.77.231.226
27,Amalia,Trenchard,atrenchardq@domainmarket.com,Agender,124.48.73.154
28,Bessy,Maryan,bmaryanr@mozilla.com,Female,167.79.108.34
29,Anthia,Crispe,acrispes@reverbnation.com,Female,60.17.194.218
30,Bidget,Instock,binstockt@tmall.com,Female,200.194.188.228
31,Diane,Wardlaw,dwardlawu@wired.com,Female,226.238.69.49
32,Royce,Shelley,rshelleyv@artisteer.com,Male,126.182.228.183
33,Shelly,Quarrell,squarrellw@arstechnica.com,Non-binary,142.68.199.183
34,Betti,Kryszka,bkryszkax@epa.gov,Female,1.138.131.120
35,Cordey,Grebbin,cgrebbiny@edublogs.org,Female,51.134.100.118
36,Pete,Eccleshall,peccleshallz@mail.ru,Male,77.34.192.44
37,Jeffrey,Pettisall,jpettisall10@home.pl,Male,140.246.146.127
38,Lewie,Got,lgot11@ed.gov,Male,87.165.9.161
39,Siusan,Moncaster,smoncaster12@seattletimes.com,Female,188.19.82.4
40,Katha,Hullah,khullah13@netscape.com,Female,210.198.105.200
41,Edgar,Rimer,erimer14@ycombinator.com,Male,16.15.247.118
42,Dru,Cufley,dcufley15@nba.com,Non-binary,37.4.247.253
43,Edlin,Le Teve,eleteve16@house.gov,Male,211.82.22.11
44,Vidovic,Franchi,vfranchi17@slideshare.net,Male,207.81.16.222
45,Nicolea,Lorrimer,nlorrimer18@usgs.gov,Female,106.37.187.111
46,Cyrillus,Shine,cshine19@sciencedirect.com,Male,104.156.17.121
47,Harmon,Ashfield,hashfield1a@mac.com,Male,65.204.134.184
48,Salem,Yonge,syonge1b@guardian.co.uk,Male,79.40.119.223
49,Carrol,Bowich,cbowich1c@usatoday.com,Male,230.104.184.192
50,Anne-corinne,Chislett,achislett1d@fema.gov,Female,14.185.145.215
51,Nolie,Muzzollo,nmuzzollo1e@gov.uk,Female,172.108.85.72
52,Alasdair,Hunday,ahunday1f@springer.com,Male,16.151.136.123
53,Cam,Scipsey,cscipsey1g@technorati.com,Male,160.205.114.191
54,Leeland,Bellinger,lbellinger1h@technorati.com,Male,241.25.32.235
55,Flo,Leavold,fleavold1i@usatoday.com,Female,18.204.14.252
56,Ashly,Lambregts,alambregts1j@netvibes.com,Female,177.18.113.5
57,Christiano,Vauls,cvauls1k@cam.ac.uk,Male,29.249.139.213
58,Bartel,Noone,bnoone1l@newsvine.com,Male,99.159.36.8
59,Ulrich,Peatt,upeatt1m@ihg.com,Male,21.205.244.227
60,Christos,Dank,cdank1n@nsw.gov.au,Male,27.146.166.177
61,Cynthy,Oiller,coiller1o@whitehouse.gov,Female,133.186.123.42
62,Lamont,Vaggers,lvaggers1p@mozilla.com,Male,117.8.24.255
63,Lurline,Wardhaw,lwardhaw1q@simplemachines.org,Female,114.144.1.217
64,Felix,O'Ferris,foferris1r@tripod.com,Male,57.111.59.61
65,Linnet,Flecknoe,lflecknoe1s@naver.com,Female,246.236.174.164
66,Ermina,Kenningham,ekenningham1t@hud.gov,Female,138.133.103.253
67,Mitchel,Livingston,mlivingston1u@qq.com,Male,82.194.159.87
68,Brianne,Melin,bmelin1v@skype.com,Female,248.168.142.170
69,Tanner,Gormley,tgormley1w@deviantart.com,Male,202.242.195.65
70,Vere,Oneal,voneal1x@prweb.com,Female,89.47.92.45
71,Beatrisa,Shegog,bshegog1y@blogs.com,Female,86.90.28.188
72,Jasmine,MacTrustey,jmactrustey1z@posterous.com,Female,108.88.28.169
73,Hadrian,Eadon,headon20@bravesites.com,Genderqueer,82.5.251.225
74,Brena,Bartoli,bbartoli21@java.com,Female,83.107.43.141
75,Lisha,Habin,lhabin22@gov.uk,Female,130.6.37.101
76,Warden,Bachs,wbachs23@about.com,Male,112.114.254.253
77,Mal,Olivazzi,molivazzi24@uol.com.br,Male,31.129.228.205
78,Staford,Guilfoyle,sguilfoyle25@google.it,Male,83.62.186.88
79,Eadith,Heppner,eheppner26@de.vu,Female,155.142.17.211
80,Cristen,Spurett,cspurett27@cmu.edu,Female,112.92.209.181
81,Letti,Koche,lkoche28@blog.com,Female,201.117.248.246
82,Jamie,O'Kane,jokane29@wikimedia.org,Female,231.135.77.83
83,Thekla,Cristofolo,tcristofolo2a@usnews.com,Female,136.6.132.92
84,Josefa,Clemintoni,jclemintoni2b@thetimes.co.uk,Female,118.191.62.120
85,Gerhardt,Qualtrough,gqualtrough2c@xing.com,Male,254.44.8.7
86,Heywood,Gamblin,hgamblin2d@engadget.com,Male,24.129.144.185
87,Bettina,Petracco,bpetracco2e@umn.edu,Female,37.113.40.203
88,Adams,Anfossi,aanfossi2f@sina.com.cn,Male,124.186.156.242
89,Sharl,Jerrold,sjerrold2g@drupal.org,Female,142.179.239.8
90,Carla,Fike,cfike2h@example.com,Female,135.94.92.33
91,Tadio,Frost,tfrost2i@constantcontact.com,Male,240.152.120.215
92,Rhianon,Springell,rspringell2j@miibeian.gov.cn,Female,91.236.218.194
93,Gilburt,Luberto,gluberto2k@wired.com,Male,251.119.181.88
94,Ladonna,Sutch,lsutch2l@blogs.com,Female,27.156.135.95
95,Mason,Kender,mkender2m@mozilla.com,Male,60.146.67.112
96,Tabbie,Prestige,tprestige2n@mashable.com,Male,241.183.28.179
97,Beverley,Kroon,bkroon2o@odnoklassniki.ru,Female,150.242.25.31
98,Elisa,Salkeld,esalkeld2p@washington.edu,Female,184.202.183.66
99,Nesta,Ropkes,nropkes2q@vinaora.com,Genderfluid,68.89.130.114
100,Modestine,Plumstead,mplumstead2r@creativecommons.org,Agender,39.168.71.79
101,Willette,Wardington,wwardington2s@harvard.edu,Polygender,245.208.68.165
102,Wilhelmine,De Witt,wdewitt2t@csmonitor.com,Female,248.113.91.105
103,Elinore,Lapham,elapham2u@cloudflare.com,Female,78.222.107.43
104,Henrie,Linfitt,hlinfitt2v@livejournal.com,Female,237.124.107.122
105,Care,Castellucci,ccastellucci2w@vkontakte.ru,Male,27.217.243.152
106,Uriah,Corro,ucorro2x@dell.com,Male,93.36.61.196
107,Suzanne,Lutzmann,slutzmann2y@vkontakte.ru,Female,252.147.181.75
108,Cookie,Lenchenko,clenchenko2z@prnewswire.com,Female,176.54.140.52
109,Nolan,Dongles,ndongles30@list-manage.com,Male,211.32.40.31
110,Ana,Gatty,agatty31@wsj.com,Female,145.38.149.66
111,Morganne,Pic,mpic32@friendfeed.com,Female,155.207.153.49
112,Magnum,Gammack,mgammack33@ycombinator.com,Male,132.21.35.60
113,Win,Oldknowe,woldknowe34@cisco.com,Male,200.68.117.122
114,Kimbra,Duesbury,kduesbury35@columbia.edu,Female,138.13.247.25
115,Aubrette,Bithany,abithany36@icq.com,Female,45.128.62.44
116,Robena,Snailham,rsnailham37@vistaprint.com,Female,119.110.95.162
117,Theobald,Kilmister,tkilmister38@go.com,Male,200.83.68.132
118,Matilda,Grealish,mgrealish39@craigslist.org,Female,98.223.74.36
119,Rockey,Spaduzza,rspaduzza3a@prlog.org,Male,193.215.94.0
120,Rafaelia,Andries,randries3b@ebay.com,Female,237.153.202.159
121,Chuck,Dickon,cdickon3c@ifeng.com,Male,14.168.138.86
122,Estelle,Churchman,echurchman3d@nhs.uk,Female,206.168.159.249
123,Vinita,Yielding,vyielding3e@symantec.com,Female,244.97.180.47
124,Yelena,Bothams,ybothams3f@naver.com,Female,124.75.157.89
125,Jacky,Brooksby,jbrooksby3g@aboutads.info,Female,75.173.115.72
126,Genia,Issacof,gissacof3h@time.com,Female,92.169.239.183
127,Zak,Eannetta,zeannetta3i@disqus.com,Male,24.66.34.197
128,Tamqrah,Merioth,tmerioth3j@quantcast.com,Female,184.196.219.214
129,Orren,Cuss,ocuss3k@hibu.com,Male,12.219.39.208
130,Mickie,Lawtie,mlawtie3l@com.com,Male,4.166.179.151
131,Libbi,Hedin,lhedin3m@google.co.uk,Female,233.47.153.179
132,Gal,Fancy,gfancy3n@npr.org,Male,224.16.154.189
133,Glynda,Cutler,gcutler3o@marriott.com,Female,242.216.26.229
134,Minne,Puden,mpuden3p@amazonaws.com,Female,194.246.216.84
135,Emlen,Danbrook,edanbrook3q@cafepress.com,Genderqueer,210.6.201.28
136,Ealasaid,Trudgion,etrudgion3r@dailymotion.com,Female,222.146.229.108
137,Goldy,Giottini,ggiottini3s@thetimes.co.uk,Female,34.38.234.27
138,Kelsey,Benitti,kbenitti3t@washingtonpost.com,Female,76.140.158.219
139,Kimball,Gainsford,kgainsford3u@bigcartel.com,Male,91.0.222.26
140,Charil,Keene,ckeene3v@behance.net,Non-binary,90.159.205.199
141,Georgianna,Jenken,gjenken3w@fc2.com,Female,168.239.153.16
142,Clemmie,Borlease,cborlease3x@utexas.edu,Male,76.219.131.231
143,Jobie,Orfeur,jorfeur3y@shutterfly.com,Non-binary,149.175.1.229
144,Stephannie,Morfett,smorfett3z@imdb.com,Female,245.255.163.142
145,Stormi,Wallman,swallman40@vk.com,Female,24.239.221.193
146,Juliane,Perse,jperse41@google.de,Female,46.93.134.192
147,Elnar,Daelman,edaelman42@networksolutions.com,Male,61.247.121.132
148,Pat,Jesper,pjesper43@cyberchimps.com,Female,126.244.69.130
149,Babara,Cloughton,bcloughton44@facebook.com,Polygender,120.37.48.149
150,Desi,Drennan,ddrennan45@imdb.com,Male,95.159.152.98
151,Ailina,Huffer,ahuffer46@people.com.cn,Female,81.169.202.186
152,Fonzie,Dixsee,fdixsee47@uol.com.br,Genderqueer,227.5.2.33
153,Billie,Lavielle,blavielle48@nih.gov,Male,106.165.88.19
154,Staci,Beany,sbeany49@mysql.com,Female,148.187.200.207
155,Thorn,Lonnon,tlonnon4a@storify.com,Male,192.38.24.165
156,Bernie,Anten,banten4b@wunderground.com,Male,68.167.205.182
157,Rosanna,Van Haeften,rvanhaeften4c@ning.com,Female,82.27.75.98
158,Claybourne,Phlippsen,cphlippsen4d@hugedomains.com,Male,174.160.98.19
159,Dody,Kaysor,dkaysor4e@uiuc.edu,Bigender,245.173.237.58
160,Jonathon,Earsman,jearsman4f@php.net,Male,61.158.232.221
161,Miquela,Sevier,msevier4g@theglobeandmail.com,Female,55.209.165.171
162,Dot,Gleadhall,dgleadhall4h@state.gov,Non-binary,166.189.33.83
163,Augie,Crawley,acrawley4i@clickbank.net,Male,41.51.175.37
164,Adelice,Powderham,apowderham4j@tinyurl.com,Female,222.96.30.40
165,Nelia,Doman,ndoman4k@webs.com,Female,161.41.0.116
166,Bronnie,Rounce,brounce4l@mail.ru,Male,6.113.178.41
167,Flor,Minerdo,fminerdo4m@umn.edu,Female,30.107.92.36
168,Lucas,Szymanowicz,lszymanowicz4n@loc.gov,Male,84.237.71.65
169,Toni,McLeish,tmcleish4o@yahoo.com,Female,98.255.32.90
170,Pierette,Barles,pbarles4p@wikia.com,Female,137.98.194.104
171,Temp,Sallan,tsallan4q@theatlantic.com,Male,175.200.196.181
172,Hannah,Redwin,hredwin4r@dropbox.com,Female,170.165.153.192
173,Harper,Gerred,hgerred4s@hud.gov,Male,49.121.205.245
174,Ceil,Gunter,cgunter4t@reuters.com,Female,65.50.91.220
175,Lillis,Ingree,lingree4u@t-online.de,Female,181.254.198.115
176,Lalo,Crookall,lcrookall4v@globo.com,Male,75.52.43.164
177,Jolee,Pittle,jpittle4w@forbes.com,Female,69.187.185.246
178,Adam,Frisel,afrisel4x@scribd.com,Male,253.81.193.145
179,Rodd,Gillimgham,rgillimgham4y@yolasite.com,Male,181.233.162.81
180,Elvyn,Bushen,ebushen4z@google.com.hk,Male,1.159.215.22
181,Merle,Rossander,mrossander50@stanford.edu,Female,113.61.136.215
182,Martainn,Fossett,mfossett51@istockphoto.com,Male,159.4.1.211
183,Antons,Andrzejak,aandrzejak52@slashdot.org,Male,16.60.202.61
184,Kelvin,Heineken,kheineken53@rakuten.co.jp,Male,214.133.132.8
185,Lelah,McGeaney,lmcgeaney54@disqus.com,Female,129.28.187.158
186,Ali,Scrigmour,ascrigmour55@answers.com,Male,80.59.181.76
187,Conrad,Williment,cwilliment56@zimbio.com,Male,128.140.153.76
188,Emmie,Maddison,emaddison57@liveinternet.ru,Female,153.244.251.140
189,Celene,Wildber,cwildber58@msn.com,Bigender,38.195.235.191
190,Parrnell,Hendrick,phendrick59@yellowbook.com,Male,189.119.110.221
191,Ogden,Peeke-Vout,opeekevout5a@example.com,Male,134.184.173.164
192,Eddy,Calendar,ecalendar5b@berkeley.edu,Male,94.232.19.33
193,Sal,Billitteri,sbillitteri5c@apple.com,Male,232.38.223.63
194,Fancie,Woodyear,fwoodyear5d@usgs.gov,Female,125.1.0.32
195,Enrico,Hortop,ehortop5e@geocities.com,Male,31.101.178.157
196,Marve,Callard,mcallard5f@microsoft.com,Male,186.33.27.120
197,Brockie,Dennitts,bdennitts5g@gmpg.org,Male,38.104.107.169
198,Trixy,Dyment,tdyment5h@who.int,Female,121.195.230.79
199,Pepi,Adrienne,padrienne5i@about.me,Genderfluid,139.69.7.81
200,Alejandro,Scripture,ascripture5j@virginia.edu,Male,23.150.216.104
201,Frank,McClary,fmcclary5k@forbes.com,Genderqueer,222.251.52.190
202,Elroy,Bestman,ebestman5l@dot.gov,Male,218.251.196.133
203,Danell,Ballance,dballance5m@theatlantic.com,Female,199.240.19.83
204,Bobby,Pinock,bpinock5n@issuu.com,Male,92.81.141.115
205,Laughton,Pighills,lpighills5o@marketwatch.com,Male,107.174.251.225
206,Poppy,Yearron,pyearron5p@pbs.org,Female,161.22.14.192
207,Mark,Foxen,mfoxen5q@buzzfeed.com,Male,80.80.219.112
208,Harrietta,Bolzmann,hbolzmann5r@networksolutions.com,Female,36.42.103.61
209,Dawn,Youd,dyoud5s@wisc.edu,Female,78.176.10.102
210,Anatole,Muncey,amuncey5t@tinyurl.com,Male,171.214.66.170
211,Pierette,Crossingham,pcrossingham5u@whitehouse.gov,Female,185.42.25.104
212,Hendrik,Roggero,hroggero5v@google.com.br,Male,107.57.78.161
213,Jaye,Hurburt,jhurburt5w@sciencedirect.com,Male,18.167.252.140
214,Alleyn,Battisson,abattisson5x@123-reg.co.uk,Male,47.85.2.163
215,Nicolais,Shaul,nshaul5y@ifeng.com,Male,141.212.206.126
216,Debi,Waulker,dwaulker5z@deliciousdays.com,Polygender,77.118.250.129
217,Debra,Brinson,dbrinson60@domainmarket.com,Genderfluid,75.128.70.97
218,Joete,Dowse,jdowse61@odnoklassniki.ru,Female,122.208.139.159
219,Franchot,McKiddin,fmckiddin62@goodreads.com,Polygender,178.146.196.59
220,Prentiss,Rablan,prablan63@slashdot.org,Male,113.2.145.172
221,Merle,Loach,mloach64@odnoklassniki.ru,Female,250.138.8.98
222,Bridgette,Wickerson,bwickerson65@about.me,Female,251.133.185.14
223,Bren,Corrison,bcorrison66@feedburner.com,Bigender,89.99.171.203
224,Florance,Gonnel,fgonnel67@imdb.com,Female,247.130.229.4
225,Emilee,Jimmison,ejimmison68@sbwire.com,Female,149.108.36.164
226,Milo,McCraine,mmccraine69@twitpic.com,Male,236.98.141.167
227,Reggie,Wrangle,rwrangle6a@mashable.com,Female,153.56.49.30
228,Sampson,Laslett,slaslett6b@dyndns.org,Male,83.114.138.109
229,Peirce,Birkhead,pbirkhead6c@behance.net,Male,149.110.162.118
230,Malvin,Starford,mstarford6d@telegraph.co.uk,Male,41.253.92.3
231,Ardella,Rummings,arummings6e@jimdo.com,Female,22.190.41.130
232,Roman,Grzegorek,rgrzegorek6f@businessinsider.com,Male,125.124.164.128
233,Darcie,Hamblen,dhamblen6g@skyrock.com,Female,3.211.88.90
234,Andrea,Towriss,atowriss6h@canalblog.com,Female,198.122.139.96
235,Jennica,Jammes,jjammes6i@nhs.uk,Female,3.57.73.208
236,Catherina,Verey,cverey6j@whitehouse.gov,Female,84.57.25.117
237,Benedict,Sotworth,bsotworth6k@prnewswire.com,Male,67.109.32.92
238,Bunny,Sappy,bsappy6l@clickbank.net,Female,1.30.84.242
239,Eduardo,Fakeley,efakeley6m@go.com,Male,31.155.243.191
240,Hallsy,Eddisforth,heddisforth6n@about.me,Male,75.116.127.181
241,Antonetta,Domelow,adomelow6o@reverbnation.com,Female,48.157.84.32
242,Jasmin,Cassley,jcassley6p@washington.edu,Female,234.149.81.210
243,Cherri,Najara,cnajara6q@timesonline.co.uk,Female,223.253.232.37
244,Ferguson,Mahaddy,fmahaddy6r@oakley.com,Male,37.48.103.129
245,Foster,Petters,fpetters6s@upenn.edu,Male,126.40.149.224
246,Jermayne,Mariolle,jmariolle6t@oracle.com,Male,129.188.122.47
247,Rafaello,MacDiarmond,rmacdiarmond6u@mail.ru,Male,60.35.171.150
248,Karola,Rosterne,krosterne6v@sourceforge.net,Female,52.106.98.213
249,Candy,Cosins,ccosins6w@army.mil,Female,222.169.152.8
250,Emelina,Tunny,etunny6x@posterous.com,Female,79.153.48.21
251,Robbie,Alfonso,ralfonso6y@answers.com,Male,250.254.175.241
252,Joyce,Tidbald,jtidbald6z@umn.edu,Female,32.227.225.192
253,Theresa,Tumility,ttumility70@disqus.com,Female,154.122.208.5
254,Rockey,Scothron,rscothron71@biglobe.ne.jp,Male,140.75.20.107
255,Sibeal,Vaughan,svaughan72@github.io,Female,93.243.197.143
256,Rafaello,Suche,rsuche73@kickstarter.com,Male,1.232.195.121
257,Annecorinne,Bingell,abingell74@plala.or.jp,Non-binary,235.170.71.84
258,Rolando,Swires,rswires75@tumblr.com,Male,206.168.111.50
259,Cathie,Dachey,cdachey76@1und1.de,Female,203.55.74.117
260,Shandeigh,Powderham,spowderham77@google.com.au,Female,218.109.223.239
261,Ginnifer,Tackes,gtackes78@123-reg.co.uk,Female,104.212.246.218
262,Cale,Luberti,cluberti79@timesonline.co.uk,Male,240.167.104.145
263,Linn,Coulman,lcoulman7a@ezinearticles.com,Female,74.21.216.13
264,Vera,Deex,vdeex7b@feedburner.com,Female,125.70.54.175
265,Pierrette,McBayne,pmcbayne7c@pbs.org,Female,6.207.248.61
266,Margret,Semiraz,msemiraz7d@gizmodo.com,Genderfluid,140.22.106.132
267,Wandie,Oldfield,woldfield7e@webmd.com,Female,15.106.33.29
268,Leonelle,MacCaig,lmaccaig7f@sciencedirect.com,Female,159.178.0.8
269,Carter,Kleisel,ckleisel7g@cam.ac.uk,Male,228.117.252.243
270,Brockie,Medway,bmedway7h@gizmodo.com,Male,186.109.201.26
271,Jocko,Spensly,jspensly7i@amazon.co.jp,Male,225.209.99.143
272,Gregg,Johnsson,gjohnsson7j@nbcnews.com,Male,129.171.182.63
273,Sterling,Skotcher,sskotcher7k@china.com.cn,Male,179.20.163.201
274,Jerrilee,Kenefick,jkenefick7l@cocolog-nifty.com,Genderqueer,70.173.38.30
275,Fredi,Stooders,fstooders7m@loc.gov,Female,248.146.209.57
276,Ursula,Faulkener,ufaulkener7n@wisc.edu,Female,61.50.252.173
277,Fidelity,Disbury,fdisbury7o@meetup.com,Female,24.166.189.121
278,Wilfred,Attwooll,wattwooll7p@w3.org,Male,60.39.51.245
279,Chrissy,Matijasevic,cmatijasevic7q@mapquest.com,Male,66.125.199.205
280,Rorke,Pleass,rpleass7r@whitehouse.gov,Male,223.135.251.49
281,Julianna,Ruilton,jruilton7s@feedburner.com,Female,195.0.23.165
282,Dane,Plampin,dplampin7t@wired.com,Male,67.29.202.115
283,Cara,Bernaciak,cbernaciak7u@bluehost.com,Female,117.115.48.232
284,Kacey,Lothean,klothean7v@netlog.com,Female,136.113.48.255
285,Corrina,Longhorne,clonghorne7w@illinois.edu,Female,53.238.172.16
286,Jimmy,Gaspar,jgaspar7x@thetimes.co.uk,Male,105.17.232.32
287,Cassandre,Korf,ckorf7y@addthis.com,Polygender,84.164.226.19
288,Lyell,Kunat,lkunat7z@marriott.com,Male,27.20.148.169
289,Johnna,Pinn,jpinn80@phoca.cz,Female,72.128.123.7
290,Dottie,Richten,drichten81@netvibes.com,Female,84.105.144.127
291,Ange,Bellefonte,abellefonte82@about.com,Female,78.177.212.76
292,Queenie,Bogeys,qbogeys83@blogtalkradio.com,Female,230.124.51.119
293,Hunter,Babin,hbabin84@youku.com,Male,213.199.228.141
294,Constancia,Tilburn,ctilburn85@ucoz.ru,Female,53.63.86.110
295,Gabriel,Beernaert,gbeernaert86@gov.uk,Male,10.95.182.66
296,Nathalie,Assiter,nassiter87@mapy.cz,Female,99.178.82.205
297,Thekla,Easby,teasby88@youku.com,Female,205.24.17.114
298,Alisa,Creeber,acreeber89@blogtalkradio.com,Female,8.10.190.92
299,Cherye,Edinburough,cedinburough8a@amazon.com,Female,198.123.231.156
300,Lynnell,Ablett,lablett8b@facebook.com,Female,24.25.153.72
301,Johnnie,Schimonek,jschimonek8c@google.ru,Male,187.3.151.36
302,Ronnie,Cocker,rcocker8d@indiegogo.com,Male,60.204.154.250
303,Zebulen,Heaps,zheaps8e@google.co.jp,Male,219.121.24.17
304,Annmaria,Oty,aoty8f@bandcamp.com,Female,127.139.11.93
305,Ellyn,Kleinpeltz,ekleinpeltz8g@si.edu,Female,124.218.236.229
306,Michele,Barstock,mbarstock8h@mapy.cz,Male,11.105.17.110
307,Aeriela,Shave,ashave8i@nature.com,Female,7.70.21.229
308,Amalee,Scorthorne,ascorthorne8j@hao123.com,Female,214.78.100.148
309,Gwyneth,Harm,gharm8k@columbia.edu,Agender,240.50.117.110
310,Torrie,Salter,tsalter8l@parallels.com,Female,253.223.104.94
311,Patton,Fryett,pfryett8m@infoseek.co.jp,Male,204.27.173.153
312,Valida,Housam,vhousam8n@amazon.de,Female,211.119.26.244
313,Cass,Pile,cpile8o@flickr.com,Male,17.0.11.2
314,Ugo,Gouldeby,ugouldeby8p@i2i.jp,Male,107.195.128.255
315,Horatius,Sperwell,hsperwell8q@goo.gl,Male,67.42.81.83
316,Ferdinande,Bycraft,fbycraft8r@squidoo.com,Female,245.248.98.249
317,Jonis,Corneliussen,jcorneliussen8s@amazon.co.jp,Female,121.209.120.46
318,Freeman,Heningham,fheningham8t@nasa.gov,Male,118.101.220.140
319,Curt,Siddle,csiddle8u@wikimedia.org,Male,59.36.35.27
320,Tess,Iacovaccio,tiacovaccio8v@odnoklassniki.ru,Female,60.69.9.192
321,Wyatt,Chasney,wchasney8w@whitehouse.gov,Male,55.120.109.201
322,Luigi,Tremmil,ltremmil8x@drupal.org,Male,63.143.105.43
323,Ninnetta,Harker,nharker8y@printfriendly.com,Female,38.64.219.175
324,Dionisio,Leyrroyd,dleyrroyd8z@biblegateway.com,Male,97.221.105.190
325,Gilda,Massot,gmassot90@gov.uk,Female,6.155.90.57
326,Mirilla,Milmo,mmilmo91@theguardian.com,Female,4.178.140.88
327,Bab,Callcott,bcallcott92@addthis.com,Female,227.199.244.246
328,Price,Fesby,pfesby93@opera.com,Male,199.190.52.142
329,Trixie,Lisciandri,tlisciandri94@businessweek.com,Female,110.19.244.151
330,Rora,Geistbeck,rgeistbeck95@google.co.uk,Female,147.4.200.53
331,Cacilie,Hysom,chysom96@linkedin.com,Female,147.81.205.157
332,Hy,Saxton,hsaxton97@salon.com,Male,254.23.247.152
333,Lockwood,Walls,lwalls98@princeton.edu,Male,255.210.33.135
334,Kelvin,Merit,kmerit99@mysql.com,Male,245.218.239.41
335,Kalie,Freckleton,kfreckleton9a@unicef.org,Female,68.47.230.69
336,Louis,Roser,lroser9b@disqus.com,Male,170.76.98.13
337,Caressa,Harcombe,charcombe9c@lulu.com,Female,13.173.81.229
338,Marcille,Bearns,mbearns9d@pagesperso-orange.fr,Female,16.198.113.227
339,Polly,Reubel,preubel9e@furl.net,Female,185.213.95.148
340,Tailor,Ishaki,tishaki9f@rambler.ru,Male,164.12.24.149
341,Stu,Sheward,ssheward9g@cbsnews.com,Male,224.11.112.244
342,Georgy,Mettericke,gmettericke9h@purevolume.com,Male,120.96.239.48
343,Devlen,Strode,dstrode9i@prweb.com,Male,143.210.60.30
344,Kalle,Rubinsaft,krubinsaft9j@foxnews.com,Male,3.153.31.217
345,Ali,Methingam,amethingam9k@people.com.cn,Female,138.118.48.168
346,Felecia,Buer,fbuer9l@pbs.org,Female,223.16.19.117
347,Jamison,Gebbe,jgebbe9m@techcrunch.com,Male,48.235.74.173
348,Dre,Kennion,dkennion9n@tripod.com,Female,216.38.21.189
349,Frederico,Ranald,franald9o@marketwatch.com,Male,90.134.25.236
350,Harrietta,Brechin,hbrechin9p@nbcnews.com,Female,91.190.235.28
351,Cristiano,Pollett,cpollett9q@npr.org,Male,255.235.209.104
352,Clifford,Drakard,cdrakard9r@jiathis.com,Male,242.82.178.197
353,Nady,Ramiro,nramiro9s@g.co,Female,63.23.174.199
354,Mikey,Upwood,mupwood9t@mediafire.com,Male,78.177.77.24
355,Nanci,Brookton,nbrookton9u@dropbox.com,Female,160.156.45.86
356,Etan,Alyutin,ealyutin9v@amazon.de,Male,102.214.123.156
357,Cazzie,Ioselev,cioselev9w@ebay.com,Male,52.14.12.80
358,Hersch,Tenney,htenney9x@yandex.ru,Male,206.189.188.83
359,Aksel,Struther,astruther9y@icq.com,Male,143.37.58.170
360,Lauritz,Pitway,lpitway9z@webmd.com,Male,145.255.93.135
361,Dinny,Pasmore,dpasmorea0@theatlantic.com,Female,172.103.57.203
362,Rafi,Brandolini,rbrandolinia1@cam.ac.uk,Male,19.196.123.253
363,Othello,Nodin,onodina2@webnode.com,Male,75.165.195.169
364,Nichols,Haspineall,nhaspinealla3@vinaora.com,Male,165.26.231.150
365,Clementina,Kindle,ckindlea4@g.co,Female,108.91.61.76
366,Natale,Marin,nmarina5@simplemachines.org,Male,50.158.98.253
367,Denny,Bottomley,dbottomleya6@wikipedia.org,Male,140.157.139.52
368,Ganny,Snoddy,gsnoddya7@mediafire.com,Male,95.75.76.113
369,Truman,Mustchin,tmustchina8@hhs.gov,Male,252.38.232.76
370,Moreen,Colwill,mcolwilla9@github.com,Female,20.31.192.136
371,Griselda,Timewell,gtimewellaa@tinyurl.com,Polygender,171.231.245.253
372,Beale,Elsop,belsopab@vkontakte.ru,Male,81.57.57.204
373,Lethia,Quail,lquailac@google.de,Bigender,139.84.10.126
374,Durante,Mannering,dmanneringad@digg.com,Male,190.67.230.14
375,Ansell,Greiser,agreiserae@histats.com,Male,33.145.104.21
376,Nikita,Barnshaw,nbarnshawaf@house.gov,Male,7.13.62.185
377,Harp,Mountney,hmountneyag@cisco.com,Male,116.229.123.89
378,Bradly,Baal,bbaalah@example.com,Male,39.85.192.216
379,Nadean,Instone,ninstoneai@hostgator.com,Female,226.3.115.228
380,Levey,Huskisson,lhuskissonaj@psu.edu,Male,175.86.251.209
381,Hollie,Glide,hglideak@microsoft.com,Female,122.192.47.39
382,Connor,Lennarde,clennardeal@networkadvertising.org,Male,18.149.67.134
383,Jonie,Lidbetter,jlidbetteram@vk.com,Female,23.63.73.100
384,Rockey,Ivanishchev,rivanishchevan@wired.com,Male,23.226.27.78
385,Carleen,Rembrandt,crembrandtao@histats.com,Female,9.19.44.220
386,Teddy,Goodred,tgoodredap@pbs.org,Male,233.125.88.142
387,Constance,Mashro,cmashroaq@w3.org,Female,42.157.244.40
388,Nerty,Worsfield,nworsfieldar@etsy.com,Female,19.247.112.194
389,Tonia,Hebburn,thebburnas@admin.ch,Female,189.86.98.50
390,Lemmy,Senechell,lsenechellat@nymag.com,Male,64.56.201.224
391,Jill,Blackstone,jblackstoneau@indiegogo.com,Female,247.112.79.141
392,Burk,Farahar,bfaraharav@paginegialle.it,Male,192.62.70.159
393,Malorie,Benezet,mbenezetaw@yolasite.com,Female,132.211.204.113
394,Levin,Egger,leggerax@jiathis.com,Genderqueer,55.49.20.129
395,Vernen,Sollitt,vsollittay@yandex.ru,Male,53.213.70.111
396,Nicolas,Blanpein,nblanpeinaz@lulu.com,Male,62.215.30.15
397,Alisun,Gurwood,agurwoodb0@livejournal.com,Female,201.164.55.146
398,Lucie,Lazare,llazareb1@is.gd,Genderqueer,249.246.189.85
399,Ric,Normanton,rnormantonb2@apache.org,Male,210.131.234.121
400,Walton,Readitt,wreadittb3@yellowpages.com,Male,201.219.239.153
401,Caitlin,Order,corderb4@nsw.gov.au,Female,199.33.169.135
402,Ellyn,Draisey,edraiseyb5@bandcamp.com,Female,214.181.75.173
403,Cherri,O' Markey,comarkeyb6@oaic.gov.au,Female,138.109.84.56
404,Manny,Witherup,mwitherupb7@github.io,Male,223.99.18.45
405,Deana,MacKerley,dmackerleyb8@qq.com,Female,76.161.224.47
406,Reuven,Dominy,rdominyb9@taobao.com,Male,83.114.75.209
407,Myra,Lias,mliasba@walmart.com,Female,178.253.20.239
408,Sheba,Sapsed,ssapsedbb@blogspot.com,Female,99.240.122.213
409,Marti,Lackmann,mlackmannbc@biblegateway.com,Non-binary,65.37.101.249
410,Waylen,Jull,wjullbd@prnewswire.com,Male,115.119.65.84
411,Ethelin,Souster,esousterbe@mayoclinic.com,Female,77.125.48.212
412,Ryon,Harflete,rharfletebf@businesswire.com,Male,25.104.144.49
413,Lazar,Broseman,lbrosemanbg@amazon.co.uk,Male,247.13.162.212
414,Binnie,Bentke,bbentkebh@amazon.co.jp,Female,180.47.211.201
415,Adamo,Potkin,apotkinbi@chronoengine.com,Male,141.122.182.113
416,Francklin,Merrigan,fmerriganbj@wunderground.com,Male,193.80.203.137
417,Hillyer,Eveleigh,heveleighbk@scribd.com,Male,23.69.71.131
418,Bessie,Utridge,butridgebl@booking.com,Female,150.168.11.148
419,Sharleen,Campanelle,scampanellebm@amazon.com,Female,35.234.194.211
420,Lee,Coda,lcodabn@nyu.edu,Female,68.149.189.244
421,Dalis,Levesley,dlevesleybo@discovery.com,Male,159.71.61.58
422,Sylvester,Cutridge,scutridgebp@photobucket.com,Male,56.96.156.79
423,Janice,Flahy,jflahybq@taobao.com,Female,75.183.102.255
424,Kort,Semered,ksemeredbr@goo.ne.jp,Male,160.79.174.12
425,Petr,Macer,pmacerbs@qq.com,Genderfluid,110.89.168.208
426,Cherey,Begent,cbegentbt@4shared.com,Female,60.106.176.240
427,Gavin,Willishire,gwillishirebu@csmonitor.com,Male,219.217.173.161
428,Harper,Wycliffe,hwycliffebv@ca.gov,Male,251.43.63.56
429,Garrard,Edmons,gedmonsbw@cbc.ca,Male,175.129.45.181
430,Neil,Reynish,nreynishbx@omniture.com,Male,240.220.219.201
431,Emmey,Rudloff,erudloffby@icq.com,Female,48.210.146.129
432,Jeniece,Cadwaladr,jcadwaladrbz@sogou.com,Female,107.208.45.233
433,Brew,Hefner,bhefnerc0@ucoz.ru,Genderfluid,54.15.60.23
434,Celisse,McGuff,cmcguffc1@sitemeter.com,Female,159.47.83.205
435,Barbara,MacMorland,bmacmorlandc2@europa.eu,Female,129.120.177.155
436,Hortensia,Seedman,hseedmanc3@theatlantic.com,Female,157.22.108.231
437,Leisha,Sandham,lsandhamc4@e-recht24.de,Female,38.119.236.29
438,Rodolfo,Dyhouse,rdyhousec5@soup.io,Male,116.122.209.193
439,Renie,Canfield,rcanfieldc6@weebly.com,Female,76.189.83.69
440,Park,Porcher,pporcherc7@discovery.com,Male,172.160.6.37
441,Celestyn,Wixey,cwixeyc8@slashdot.org,Female,160.47.244.33
442,Joyann,Bowman,jbowmanc9@ihg.com,Female,47.204.67.170
443,Dick,Chetham,dchethamca@house.gov,Male,49.237.68.106
444,Orland,Bouts,oboutscb@etsy.com,Male,237.252.74.252
445,Fairlie,Domenichelli,fdomenichellicc@goo.ne.jp,Male,227.161.8.55
446,Roma,Colleran,rcollerancd@squidoo.com,Male,87.120.2.172
447,Timofei,Mobius,tmobiusce@illinois.edu,Male,4.224.90.229
448,Emilee,Sybe,esybecf@japanpost.jp,Female,66.68.154.233
449,Webster,Barlie,wbarliecg@google.ca,Male,104.22.114.88
450,Leyla,Beminster,lbeminsterch@unicef.org,Female,25.233.153.7
451,Godfree,Yakovich,gyakovichci@dion.ne.jp,Male,252.27.82.12
452,Geri,Giacovazzo,ggiacovazzocj@nba.com,Agender,200.7.96.181
453,Valentin,Mickleborough,vmickleboroughck@dmoz.org,Male,22.135.188.246
454,Haven,Buie,hbuiecl@noaa.gov,Male,20.117.27.244
455,Kingston,Corriea,kcorrieacm@cmu.edu,Male,49.116.221.160
456,Ramsay,Gladeche,rgladechecn@china.com.cn,Male,204.55.242.96
457,Iolande,Phillott,iphillottco@hud.gov,Female,29.129.217.143
458,Gothart,Riba,gribacp@xrea.com,Male,44.54.133.227
459,Alaric,Marchington,amarchingtoncq@state.tx.us,Male,243.217.19.158
460,Patrizio,Holcroft,pholcroftcr@businessinsider.com,Male,198.239.22.34
461,Cesar,Jugging,cjuggingcs@youtube.com,Male,213.251.246.86
462,Lacy,McMoyer,lmcmoyerct@google.ca,Genderfluid,41.226.26.230
463,Joanna,Kerwen,jkerwencu@buzzfeed.com,Genderqueer,37.136.180.238
464,Raphael,Heamus,rheamuscv@domainmarket.com,Male,85.149.227.11
465,Briant,Hutcheson,bhutchesoncw@jugem.jp,Genderqueer,210.70.11.153
466,Ashlie,Castillou,acastilloucx@go.com,Female,185.79.60.193
467,Ernestine,Kedslie,ekedsliecy@free.fr,Female,15.241.103.195
468,Lauraine,Hellsdon,lhellsdoncz@pagesperso-orange.fr,Female,16.242.94.12
469,Aubry,Minchindon,aminchindond0@google.com.br,Female,76.211.20.147
470,Carleen,McPolin,cmcpolind1@comsenz.com,Female,72.237.101.206
471,Artair,Elsay,aelsayd2@quantcast.com,Male,212.26.107.235
472,Markus,Corringham,mcorringhamd3@ucsd.edu,Genderqueer,158.30.186.130
473,Geralda,Duffell,gduffelld4@networkadvertising.org,Female,147.224.144.101
474,Monah,Eyckelberg,meyckelbergd5@ca.gov,Female,245.136.62.19
475,Bella,Kairns,bkairnsd6@networksolutions.com,Female,142.211.67.82
476,Angelo,Stratten,astrattend7@nymag.com,Male,136.205.209.133
477,Gil,Doidge,gdoidged8@weibo.com,Non-binary,101.233.172.27
478,Stafani,Rozalski,srozalskid9@parallels.com,Female,39.111.17.188
479,Dore,Babe,dbabeda@mapy.cz,Male,39.108.145.56
480,Derward,Sabine,dsabinedb@google.fr,Male,205.110.30.229
481,Serge,Woodlands,swoodlandsdc@ted.com,Male,23.194.88.135
482,Goran,Robrose,grobrosedd@redcross.org,Male,158.117.72.81
483,Jodee,Dolley,jdolleyde@furl.net,Female,184.88.44.19
484,Manda,Haskur,mhaskurdf@scientificamerican.com,Female,232.161.35.88
485,Gwendolen,Dyster,gdysterdg@people.com.cn,Female,53.245.87.181
486,Reuven,Minthorpe,rminthorpedh@reference.com,Male,166.5.119.46
487,Neila,Halbert,nhalbertdi@ask.com,Female,139.29.103.124
488,Maryjane,Wilde,mwildedj@wikimedia.org,Female,207.204.202.22
489,Craig,McLeod,cmcleoddk@java.com,Male,36.208.5.162
490,Jeffry,Panniers,jpanniersdl@joomla.org,Male,161.122.40.36
491,Winn,Schulke,wschulkedm@icq.com,Non-binary,69.150.212.111
492,Dorolisa,Geake,dgeakedn@tiny.cc,Female,166.208.129.56
493,Lyssa,Siaspinski,lsiaspinskido@soup.io,Female,147.150.191.154
494,Christie,Braddon,cbraddondp@wp.com,Female,72.123.66.62
495,Lonna,Doumerque,ldoumerquedq@ox.ac.uk,Female,109.184.199.6
496,Carey,Letson,cletsondr@cnet.com,Genderqueer,23.189.27.95
497,Jorey,Lilley,jlilleyds@posterous.com,Female,255.217.34.188
498,Gareth,Garcia,ggarciadt@cmu.edu,Agender,177.145.50.93
499,Veriee,Lamplough,vlamploughdu@ning.com,Female,201.153.106.166
500,Diana,Bard,dbarddv@nih.gov,Female,171.165.249.166
501,Morissa,Yepiskopov,myepiskopovdw@omniture.com,Female,226.242.238.245
502,Filide,Cully,fcullydx@weibo.com,Female,220.143.215.219
503,Krishnah,Rosone,krosonedy@archive.org,Male,111.24.167.48
504,Euphemia,Felipe,efelipedz@pcworld.com,Female,247.52.177.156
505,Libbi,Cattell,lcattelle0@samsung.com,Bigender,82.113.135.80
506,Estelle,Trevett,etrevette1@gov.uk,Female,70.172.237.73
507,Margaretha,Rosa,mrosae2@stumbleupon.com,Female,184.60.79.163
508,Max,Birkwood,mbirkwoode3@webmd.com,Female,123.214.179.14
509,Griffie,Aistrop,gaistrope4@flavors.me,Male,146.182.181.104
510,Karalee,Lamar,klamare5@si.edu,Female,65.88.251.64
511,Wake,Shepperd,wshepperde6@odnoklassniki.ru,Male,59.133.96.140
512,Gearard,Lafayette,glafayettee7@hhs.gov,Male,18.67.165.200
513,Chelsea,Bouts,cboutse8@globo.com,Female,19.135.130.179
514,Edward,Airey,eaireye9@tumblr.com,Male,168.114.141.27
515,Doloritas,Bethune,dbethuneea@sourceforge.net,Female,127.212.223.221
516,Cooper,Tetford,ctetfordeb@about.com,Male,87.56.210.95
517,Mignon,Overil,moverilec@bloomberg.com,Polygender,186.146.215.58
518,Siegfried,Croome,scroomeed@typepad.com,Bigender,145.36.118.91
519,Caryn,Corp,ccorpee@shinystat.com,Female,132.11.152.213
520,Christine,Oppie,coppieef@rakuten.co.jp,Female,221.123.244.143
521,Gary,Coghlan,gcoghlaneg@google.de,Genderfluid,107.175.135.25
522,Nicolea,Wantling,nwantlingeh@mtv.com,Female,10.113.70.102
523,Trueman,Parfrey,tparfreyei@nbcnews.com,Male,73.70.233.117
524,Perren,Zupa,pzupaej@princeton.edu,Male,223.54.234.160
525,Margret,Boagey,mboageyek@eventbrite.com,Female,119.104.191.5
526,Ephraim,Ensor,eensorel@tmall.com,Male,91.185.198.57
527,Rhodia,Meneer,rmeneerem@360.cn,Female,164.176.19.46
528,Conrad,Jelliman,cjellimanen@nature.com,Polygender,197.41.33.44
529,Cull,Scapens,cscapenseo@dell.com,Male,203.4.214.219
530,Devy,Hardie,dhardieep@mozilla.com,Male,205.73.5.3
531,Noellyn,Lunt,nlunteq@ed.gov,Female,231.64.22.246
532,Christan,Dowers,cdowerser@istockphoto.com,Female,78.254.245.60
533,Kay,Iwanicki,kiwanickies@sphinn.com,Non-binary,1.16.45.255
534,Georas,Tyreman,gtyremanet@stumbleupon.com,Genderqueer,29.253.38.225
535,Goldina,Stanfield,gstanfieldeu@who.int,Female,255.195.1.144
536,Lev,Blaylock,lblaylockev@state.gov,Male,105.143.63.40
537,Tybi,Isaq,tisaqew@quantcast.com,Female,199.229.135.57
538,Van,Molian,vmolianex@seattletimes.com,Male,199.50.98.86
539,Reagan,Morewood,rmorewoodey@instagram.com,Male,66.111.146.213
540,Boycey,Coopland,bcooplandez@usa.gov,Non-binary,76.167.209.118
541,Heloise,Lansly,hlanslyf0@i2i.jp,Genderqueer,88.247.28.43
542,Javier,Kilmaster,jkilmasterf1@bravesites.com,Male,220.114.67.227
543,Angil,Lidstone,alidstonef2@indiegogo.com,Female,46.54.77.149
544,Nathanil,Huggan,nhugganf3@hostgator.com,Male,70.57.16.218
545,Susann,Boraston,sborastonf4@psu.edu,Female,124.12.71.206
546,Tanya,Gallant,tgallantf5@biglobe.ne.jp,Female,10.72.49.68
547,Karna,Snelle,ksnellef6@redcross.org,Female,199.70.21.158
548,Maggi,McGuff,mmcgufff7@hud.gov,Female,183.91.114.71
549,Roi,Connaughton,rconnaughtonf8@stanford.edu,Male,138.218.44.29
550,Rowney,Robertsson,rrobertssonf9@uiuc.edu,Male,4.228.93.66
551,Morlee,Statersfield,mstatersfieldfa@shinystat.com,Male,232.3.98.200
552,Inga,Barrie,ibarriefb@whitehouse.gov,Genderfluid,220.155.153.63
553,Tuesday,Hendrix,thendrixfc@scientificamerican.com,Female,131.153.127.147
554,Clemmie,Bromell,cbromellfd@vimeo.com,Male,17.4.172.170
555,Mathilde,Starcks,mstarcksfe@disqus.com,Female,58.37.200.146
556,Waylin,Ronan,wronanff@ca.gov,Male,250.202.102.251
557,Prince,Hiscoke,phiscokefg@symantec.com,Male,15.86.42.34
558,Turner,Chomicki,tchomickifh@barnesandnoble.com,Male,117.96.104.12
559,Pren,Mather,pmatherfi@psu.edu,Male,203.111.219.153
560,Bram,Shermore,bshermorefj@smh.com.au,Male,189.28.110.74
561,Teri,Ebbins,tebbinsfk@illinois.edu,Female,175.168.185.93
562,Hedy,Pettengell,hpettengellfl@stanford.edu,Female,51.57.47.26
563,Albie,Marval,amarvalfm@uiuc.edu,Male,151.205.232.35
564,Sile,Attrill,sattrillfn@hud.gov,Female,82.191.205.189
565,Lynnett,Draxford,ldraxfordfo@unblog.fr,Female,248.178.169.37
566,Cristiano,Catt,ccattfp@multiply.com,Male,195.120.16.82
567,Pryce,Tschiersch,ptschierschfq@quantcast.com,Male,17.0.145.113
568,Otis,Treversh,otrevershfr@lulu.com,Male,202.181.89.247
569,Carmelle,Breem,cbreemfs@freewebs.com,Female,36.20.57.2
570,Gustav,Dranfield,gdranfieldft@home.pl,Male,215.68.80.90
571,Pip,Bampkin,pbampkinfu@intel.com,Male,55.93.95.118
572,Townsend,Rheam,trheamfv@themeforest.net,Male,34.74.35.206
573,Ollie,Becarra,obecarrafw@apache.org,Male,203.146.80.72
574,Jamal,Endrici,jendricifx@wsj.com,Male,120.5.122.28
575,Sascha,Grendon,sgrendonfy@stumbleupon.com,Male,111.81.104.95
576,Emmalynn,MacMorland,emacmorlandfz@indiegogo.com,Bigender,248.79.142.12
577,Koralle,Leggs,kleggsg0@ucsd.edu,Female,60.252.168.144
578,Nicko,Trinkwon,ntrinkwong1@cafepress.com,Male,240.12.81.121
579,Dougy,Demicoli,ddemicolig2@godaddy.com,Male,19.124.167.54
580,Patsy,MacKomb,pmackombg3@economist.com,Male,197.74.57.106
581,Omar,Ditt,odittg4@prweb.com,Male,125.0.223.53
582,Kare,Hamlyn,khamlyng5@goodreads.com,Female,56.97.29.66
583,Rita,Fitter,rfitterg6@canalblog.com,Female,80.130.255.189
584,Corabella,Tokell,ctokellg7@smh.com.au,Agender,150.14.114.143
585,Grady,Woodhouse,gwoodhouseg8@ask.com,Male,64.237.142.217
586,Yard,Berndtsson,yberndtssong9@narod.ru,Male,72.139.237.12
587,Bernardine,Izkovitch,bizkovitchga@dmoz.org,Female,213.52.213.236
588,Allin,Barriball,abarriballgb@usa.gov,Male,24.253.212.100
589,Jamesy,Mateiko,jmateikogc@xing.com,Male,151.30.122.143
590,Matilde,Westgarth,mwestgarthgd@tiny.cc,Female,81.160.167.115
591,Blane,Faro,bfaroge@friendfeed.com,Male,240.182.169.54
592,Sibilla,Tabb,stabbgf@webmd.com,Female,214.206.111.145
593,Tish,Layborn,tlayborngg@mapy.cz,Female,238.84.78.196
594,Gretchen,Swetland,gswetlandgh@yellowbook.com,Female,21.170.16.80
595,Tanny,Tockell,ttockellgi@bloomberg.com,Genderfluid,136.147.132.107
596,Mort,Wreford,mwrefordgj@disqus.com,Genderqueer,18.77.208.10
597,Elene,Morena,emorenagk@hatena.ne.jp,Female,55.210.80.84
598,Benton,Docwra,bdocwragl@com.com,Polygender,227.114.42.239
599,Kendal,Leguey,klegueygm@twitpic.com,Male,39.14.49.117
600,Jodee,Bullman,jbullmangn@nymag.com,Non-binary,78.122.246.142
601,Juana,Wapple,jwapplego@joomla.org,Female,106.43.117.195
602,Malory,Scaddon,mscaddongp@homestead.com,Female,46.92.20.33
603,Keith,Lindeman,klindemangq@networksolutions.com,Male,51.143.229.124
604,Carlos,Puvia,cpuviagr@mashable.com,Polygender,213.15.107.95
605,Gabriela,Collet,gcolletgs@oracle.com,Female,158.201.71.213
606,Alyson,Oran,aorangt@gnu.org,Bigender,121.104.238.113
607,Garik,Topaz,gtopazgu@51.la,Male,231.98.181.226
608,Barr,Knowles,bknowlesgv@rediff.com,Male,45.117.236.233
609,Catlin,Strudwick,cstrudwickgw@soundcloud.com,Female,82.176.56.91
610,Adriaens,Naerup,anaerupgx@yahoo.co.jp,Female,215.46.21.52
611,Daphna,Robottom,drobottomgy@alibaba.com,Female,112.121.240.203
612,Shep,Boundley,sboundleygz@istockphoto.com,Male,135.242.116.216
613,Nanni,Shelliday,nshellidayh0@instagram.com,Female,10.108.227.238
614,Laney,Massen,lmassenh1@army.mil,Male,108.74.212.126
615,Gilemette,Ounsworth,gounsworthh2@walmart.com,Female,220.49.219.18
616,Ulrick,Fowden,ufowdenh3@hp.com,Bigender,19.176.132.23
617,Brigg,Whittlesea,bwhittleseah4@lulu.com,Male,33.122.57.118
618,Babara,Birchall,bbirchallh5@g.co,Genderqueer,252.65.220.69
619,Alva,Bartoletti,abartolettih6@china.com.cn,Bigender,32.4.216.160
620,Fredek,Eldritt,feldritth7@whitehouse.gov,Male,140.75.85.62
621,Eugenius,Borchardt,eborchardth8@list-manage.com,Male,68.120.32.230
622,Ezmeralda,Brewer,ebrewerh9@printfriendly.com,Female,62.52.47.37
623,Adele,Crossby,acrossbyha@businessweek.com,Female,48.82.255.128
624,Martha,Bryant,mbryanthb@e-recht24.de,Female,115.165.222.147
625,Dirk,Odo,dodohc@ocn.ne.jp,Male,200.53.170.40
626,Kevina,Edmed,kedmedhd@tripod.com,Female,40.9.107.42
627,Marianne,Reeday,mreedayhe@accuweather.com,Female,240.189.125.180
628,Petronia,Everitt,peveritthf@artisteer.com,Female,101.233.49.183
629,Kippy,Marconi,kmarconihg@samsung.com,Male,130.101.247.113
630,Joseito,Gemelli,jgemellihh@cmu.edu,Male,244.187.176.36
631,Mariquilla,Jefferd,mjefferdhi@freewebs.com,Female,223.55.194.95
632,Gerardo,Brocks,gbrockshj@fastcompany.com,Male,46.240.165.123
633,Cecil,Whitlam,cwhitlamhk@foxnews.com,Female,99.3.110.130
634,Westley,Cruttenden,wcruttendenhl@plala.or.jp,Male,84.25.10.139
635,Pearle,McCurry,pmccurryhm@storify.com,Female,78.73.159.68
636,Howey,Bomb,hbombhn@github.com,Male,169.58.77.222
637,Sarette,Suggitt,ssuggittho@newyorker.com,Female,40.83.134.154
638,Deane,Rodrigo,drodrigohp@accuweather.com,Female,21.103.193.118
639,Vernor,Suttie,vsuttiehq@clickbank.net,Male,8.103.95.45
640,Shelly,Gounel,sgounelhr@theglobeandmail.com,Female,108.168.73.18
641,Avictor,Pietrowski,apietrowskihs@de.vu,Male,217.229.69.104
642,Cleavland,Blayd,cblaydht@auda.org.au,Male,60.12.228.181
643,Corine,Staniland,cstanilandhu@uiuc.edu,Female,190.20.41.206
644,Nicko,Smiths,nsmithshv@feedburner.com,Male,44.220.124.152
645,Cornela,Birdwhistle,cbirdwhistlehw@dell.com,Female,120.204.47.17
646,Hill,Cobby,hcobbyhx@admin.ch,Male,151.197.236.252
647,Brina,Joint,bjointhy@msu.edu,Female,198.148.214.201
648,Adrienne,Yedall,ayedallhz@yale.edu,Female,216.21.192.211
649,Felix,Kevis,fkevisi0@hubpages.com,Male,1.62.216.208
650,Benedicta,Trigg,btriggi1@go.com,Female,53.5.91.125
651,Lurlene,Davana,ldavanai2@comsenz.com,Female,241.148.67.173
652,Melloney,Blankenship,mblankenshipi3@google.co.uk,Female,252.62.171.162
653,Normy,Pratten,npratteni4@chicagotribune.com,Male,77.153.225.48
654,Xymenes,Andreoletti,xandreolettii5@washington.edu,Male,155.185.181.152
655,Sari,De Simone,sdesimonei6@slashdot.org,Female,146.47.57.36
656,Winfred,Vasilchikov,wvasilchikovi7@zdnet.com,Male,49.242.236.150
657,Celesta,Elcom,celcomi8@cbc.ca,Female,154.107.104.122
658,Jenilee,Fearnehough,jfearnehoughi9@si.edu,Female,4.97.3.163
659,Darci,McQuade,dmcquadeia@va.gov,Female,9.184.243.184
660,Yasmeen,Catmull,ycatmullib@sohu.com,Female,237.162.25.241
661,Bank,Le Teve,bleteveic@amazon.de,Male,59.147.2.110
662,Cherilynn,Arbon,carbonid@google.es,Female,237.149.10.194
663,Cassius,Karpets,ckarpetsie@instagram.com,Male,131.211.116.210
664,Chiquia,Trubshawe,ctrubshaweif@thetimes.co.uk,Female,61.55.124.156
665,Katleen,Semmens,ksemmensig@globo.com,Female,237.243.58.25
666,Eb,Norwell,enorwellih@discovery.com,Male,196.179.11.11
667,Jamima,Feehily,jfeehilyii@goo.ne.jp,Female,35.42.148.69
668,Valene,Leys,vleysij@mashable.com,Female,125.96.171.22
669,Suzy,Yapp,syappik@wix.com,Female,72.114.55.123
670,Thorvald,Cowl,tcowlil@w3.org,Male,95.234.112.44
671,Ben,McBrearty,bmcbreartyim@huffingtonpost.com,Polygender,177.172.28.209
672,Dexter,Garry,dgarryin@jalbum.net,Male,227.223.136.181
673,Sloane,Belvard,sbelvardio@ox.ac.uk,Male,5.35.242.6
674,Charmine,Doley,cdoleyip@bravesites.com,Female,29.12.25.246
675,Jonas,Borell,jborelliq@ocn.ne.jp,Male,9.62.232.95
676,Vic,Rowler,vrowlerir@bigcartel.com,Male,15.196.72.44
677,Mathias,Birdwhistle,mbirdwhistleis@macromedia.com,Male,230.206.100.156
678,Dame,Frend,dfrendit@drupal.org,Male,216.152.188.222
679,Dewey,Kennady,dkennadyiu@spiegel.de,Male,7.222.231.57
680,Van,Brigge,vbriggeiv@odnoklassniki.ru,Female,30.137.150.202
681,Glendon,Highwood,ghighwoodiw@surveymonkey.com,Male,44.139.83.246
682,Klarrisa,Loiterton,kloitertonix@indiatimes.com,Female,30.161.7.126
683,Caryl,Barreau,cbarreauiy@economist.com,Male,153.159.166.40
684,Peirce,Millam,pmillamiz@cmu.edu,Genderqueer,48.234.228.77
685,Amii,Bogges,aboggesj0@csmonitor.com,Female,197.229.124.100
686,Catrina,Jachimak,cjachimakj1@wunderground.com,Non-binary,25.190.123.37
687,Baldwin,Jorgesen,bjorgesenj2@1688.com,Male,88.179.134.215
688,Yolane,Breddy,ybreddyj3@taobao.com,Female,79.76.5.45
689,Aurelea,Eul,aeulj4@privacy.gov.au,Female,159.212.101.78
690,Bernie,Canniffe,bcanniffej5@opensource.org,Male,174.145.206.158
691,Domenico,Wrinch,dwrinchj6@baidu.com,Polygender,250.48.134.214
692,Malorie,Evert,mevertj7@webmd.com,Female,250.101.123.44
693,Ailina,Alderwick,aalderwickj8@angelfire.com,Female,76.84.140.254
694,Danella,Gurry,dgurryj9@boston.com,Female,110.175.120.111
695,Corbie,Rives,crivesja@princeton.edu,Male,72.81.89.73
696,Shane,Gatecliffe,sgatecliffejb@ihg.com,Male,3.47.133.205
697,Grazia,Broxholme,gbroxholmejc@ucoz.ru,Female,7.217.168.234
698,Kyrstin,McCrow,kmccrowjd@state.gov,Female,23.11.171.139
699,Cale,Crannach,ccrannachje@toplist.cz,Male,35.26.229.241
700,Christy,Dorney,cdorneyjf@narod.ru,Male,92.28.44.202
701,Ora,Stennard,ostennardjg@eepurl.com,Female,119.15.91.225
702,Beatriz,Gudge,bgudgejh@techcrunch.com,Female,48.67.19.48
703,Rosalie,Gisborne,rgisborneji@sourceforge.net,Female,43.254.105.238
704,Wilek,Dearle-Palser,wdearlepalserjj@pbs.org,Male,54.193.25.174
705,Delainey,Stedall,dstedalljk@chronoengine.com,Male,196.206.146.99
706,D'arcy,Canedo,dcanedojl@bizjournals.com,Male,95.157.250.214
707,Arlana,Castells,acastellsjm@redcross.org,Female,112.113.186.220
708,Ravid,Aickin,raickinjn@timesonline.co.uk,Male,124.159.35.128
709,Salaidh,Ondracek,sondracekjo@nymag.com,Female,183.16.75.68
710,Davey,Pockett,dpockettjp@reddit.com,Male,20.87.27.146
711,Marieann,Rainville,mrainvillejq@gnu.org,Female,235.160.209.169
712,Stearn,Leatt,sleattjr@columbia.edu,Male,45.112.26.85
713,Vittorio,Kenwell,vkenwelljs@hao123.com,Male,187.112.135.107
714,Devin,Ramel,drameljt@virginia.edu,Female,66.187.71.94
715,Davin,Kembery,dkemberyju@clickbank.net,Male,207.123.79.12
716,Kiersten,Crompton,kcromptonjv@forbes.com,Female,115.132.141.158
717,Titus,Shorton,tshortonjw@wikimedia.org,Male,117.244.221.8
718,Tore,Cawtheray,tcawtherayjx@berkeley.edu,Male,210.151.206.76
719,Court,Iuorio,ciuoriojy@loc.gov,Genderfluid,147.86.66.247
720,Hope,Tarr,htarrjz@hc360.com,Female,73.101.77.51
721,Locke,Gummory,lgummoryk0@reference.com,Male,2.179.108.39
722,Bill,Nipper,bnipperk1@aboutads.info,Female,92.201.113.134
723,Saunderson,Bremner,sbremnerk2@printfriendly.com,Male,248.60.3.152
724,Gerrilee,Sissot,gsissotk3@addtoany.com,Female,34.110.184.83
725,Obed,Iacopo,oiacopok4@ca.gov,Male,231.114.229.169
726,Sherlocke,Hyne,shynek5@themeforest.net,Male,152.32.107.99
727,Aylmer,Arenson,aarensonk6@homestead.com,Male,244.10.93.115
728,Eal,Ogilby,eogilbyk7@cam.ac.uk,Genderqueer,84.21.51.184
729,Bernie,Dmitrovic,bdmitrovick8@alibaba.com,Male,72.166.65.170
730,Richard,Merriott,rmerriottk9@loc.gov,Male,36.163.81.110
731,Madelina,Kerrigan,mkerriganka@163.com,Female,93.221.115.70
732,Juliet,Aked,jakedkb@hp.com,Female,148.83.93.145
733,Pietrek,Mingaye,pmingayekc@kickstarter.com,Male,12.45.224.62
734,Maddie,Tanser,mtanserkd@tinyurl.com,Male,57.105.132.248
735,Cordelie,Layson,claysonke@harvard.edu,Female,14.102.93.93
736,Wanda,Wilding,wwildingkf@ezinearticles.com,Female,172.149.154.115
737,Arthur,John,ajohnkg@indiatimes.com,Male,207.250.246.41
738,Sonia,Abdy,sabdykh@rakuten.co.jp,Female,98.16.185.245
739,Jeane,Quinsee,jquinseeki@rediff.com,Female,167.157.190.84
740,Beck,Quoit,bquoitkj@nyu.edu,Male,100.136.245.154
741,Regen,MacGowing,rmacgowingkk@webs.com,Male,124.230.173.62
742,Nichole,Sheilds,nsheildskl@ft.com,Male,254.207.13.190
743,Kellie,Whitehorn,kwhitehornkm@mit.edu,Female,117.48.140.165
744,Chadwick,Whybray,cwhybraykn@technorati.com,Male,16.78.78.7
745,Harbert,Luckman,hluckmanko@wsj.com,Male,14.137.128.204
746,Nikos,Hourigan,nhourigankp@networkadvertising.org,Male,162.65.121.73
747,Guthry,Payze,gpayzekq@cam.ac.uk,Male,70.146.186.220
748,Bridgette,Monte,bmontekr@flavors.me,Female,170.224.140.163
749,Daniel,Guirardin,dguirardinks@constantcontact.com,Male,118.111.85.50
750,Friedrick,Moulin,fmoulinkt@w3.org,Male,131.98.41.231
751,Barron,Brownett,bbrownettku@slideshare.net,Male,236.43.19.171
752,Angelle,Sammons,asammonskv@springer.com,Female,240.137.221.124
753,Cyrill,Lusted,clustedkw@nps.gov,Male,62.119.70.132
754,Gawen,Simmins,gsimminskx@issuu.com,Male,88.249.221.19
755,Jarret,Wishart,jwishartky@blogspot.com,Male,225.228.174.152
756,Abby,Prati,apratikz@zimbio.com,Male,45.124.59.202
757,Tedman,Kirkwood,tkirkwoodl0@nytimes.com,Male,202.45.12.88
758,Rita,Lubbock,rlubbockl1@google.co.uk,Female,62.161.228.158
759,Currey,Girkin,cgirkinl2@reddit.com,Male,227.234.114.144
760,Arel,Teasey,ateaseyl3@salon.com,Male,136.8.7.86
761,Catherina,Bilson,cbilsonl4@123-reg.co.uk,Female,2.13.74.36
762,Robbert,Brigshaw,rbrigshawl5@yahoo.co.jp,Male,2.165.63.224
763,Deni,Sleford,dslefordl6@tripadvisor.com,Female,19.9.193.216
764,Dun,Board,dboardl7@chronoengine.com,Male,194.39.194.161
765,Blythe,Leguay,bleguayl8@bluehost.com,Non-binary,155.147.178.159
766,Moyna,Tesoe,mtesoel9@desdev.cn,Female,172.218.120.217
767,Robyn,Galia,rgaliala@google.com.br,Female,229.104.69.162
768,Saxe,Walicki,swalickilb@etsy.com,Genderqueer,223.145.242.224
769,Chrysa,Valiant,cvaliantlc@pcworld.com,Genderqueer,244.87.94.210
770,Kathe,Daffern,kdaffernld@army.mil,Female,73.245.194.21
771,Hart,O'Cahey,hocaheyle@photobucket.com,Male,37.206.157.201
772,Cherianne,Gisbourn,cgisbournlf@washington.edu,Agender,228.205.107.13
773,Eran,Rishworth,erishworthlg@webnode.com,Female,28.217.119.87
774,Donica,Gebbie,dgebbielh@pen.io,Female,93.127.195.176
775,Marcos,Corstorphine,mcorstorphineli@sciencedirect.com,Male,231.1.78.2
776,Muffin,Stringer,mstringerlj@acquirethisname.com,Female,158.30.14.233
777,Hanni,Gascoigne,hgascoignelk@nationalgeographic.com,Female,235.102.123.145
778,Lillian,Gallichan,lgallichanll@wikimedia.org,Female,235.111.100.245
779,Kristofor,Muckersie,kmuckersielm@google.com,Male,217.56.35.232
780,Keefer,Nicklinson,knicklinsonln@omniture.com,Male,23.2.103.47
781,Allina,Isaq,aisaqlo@home.pl,Female,128.110.2.236
782,Renae,Dare,rdarelp@vistaprint.com,Female,78.213.87.161
783,Hadlee,Cheng,hchenglq@last.fm,Male,28.244.250.214
784,Amalie,Polland,apollandlr@ucla.edu,Female,202.47.201.95
785,Rhonda,Fancutt,rfancuttls@cisco.com,Female,17.198.113.191
786,Sybil,Chasen,schasenlt@jugem.jp,Female,14.33.28.253
787,Goldi,Saundercock,gsaundercocklu@diigo.com,Female,67.164.158.0
788,Laverne,Elt,leltlv@china.com.cn,Female,6.212.231.69
789,Laney,Lynch,llynchlw@un.org,Genderfluid,248.102.59.97
790,Biron,Lawty,blawtylx@goo.ne.jp,Male,200.228.237.206
791,Angelo,Swinerd,aswinerdly@squarespace.com,Male,67.50.33.152
792,Raynor,Richfield,rrichfieldlz@washington.edu,Male,153.122.66.120
793,Lib,Kopecka,lkopeckam0@berkeley.edu,Female,43.149.4.253
794,Arturo,Londer,alonderm1@taobao.com,Male,51.136.9.228
795,Alie,Vibert,avibertm2@go.com,Female,101.227.210.252
796,Austin,Antonomolii,aantonomoliim3@nhs.uk,Male,80.244.192.218
797,Irita,Cottham,icotthamm4@1688.com,Female,83.39.3.167
798,Ninon,Celez,ncelezm5@discovery.com,Female,135.164.21.241
799,Rorke,Rantoull,rrantoullm6@microsoft.com,Male,243.176.15.94
800,Dulcinea,Colnet,dcolnetm7@free.fr,Female,30.135.10.149
