id,first_name,last_name,email,gender,ip_address
1,Land,Welford,lwelford0@aol.com,Male,204.205.240.75
2,Catarina,Ecob,cecob1@statcounter.com,Female,252.112.191.122
3,Louise,Folshom,lfolshom2@amazon.de,Female,128.18.135.157
4,Franchot,Bazeley,fbazeley3@japanpost.jp,Male,11.164.94.9
5,Dana,Ebbing,debbing4@webmd.com,Female,221.8.164.12
6,Kingsley,Georgievski,kgeorgievski5@webmd.com,Male,241.56.125.107
7,Anitra,Maginn,amaginn6@harvard.edu,Female,149.227.14.58
8,Ericka,Andreaccio,eandreaccio7@dmoz.org,Female,179.52.57.53
9,Andriette,Dunnion,adunnion8@multiply.com,Female,171.48.64.155
10,Crichton,Shotter,cshotter9@bizjournals.com,Bigender,80.67.71.2
11,Winifield,Mickleborough,wmickleborougha@tamu.edu,Male,20.242.141.232
12,Bengt,Haythorne,bhaythorneb@globo.com,Male,160.184.52.57
13,Koenraad,Heddan,kheddanc@ftc.gov,Male,2.228.136.20
14,Jaquelin,Mc Ilwrick,jmcilwrickd@usda.gov,Female,249.42.79.179
15,Layton,Norkutt,lnorkutte@engadget.com,Male,201.243.34.113
16,Scarlet,Shmyr,sshmyrf@tuttocitta.it,Female,32.156.71.137
17,Hamlin,Lambertz,hlambertzg@tamu.edu,Male,60.141.18.53
18,Gerry,Hulland,ghullandh@stumbleupon.com,Female,166.244.77.153
19,Nicky,Dwire,ndwirei@ed.gov,Male,251.208.46.200
20,Marlon,Sowerbutts,msowerbuttsj@artisteer.com,Agender,152.244.41.253
21,Nev,Widd,nwiddk@barnesandnoble.com,Bigender,122.255.187.238
22,Chadwick,Saywell,csaywelll@state.gov,Male,93.189.189.26
23,Elsbeth,Haydon,ehaydonm@google.ca,Female,163.61.209.93
24,Kenn,Titlow,ktitlown@surveymonkey.com,Male,86.101.82.37
25,Laina,Manolov,lmanolovo@amazonaws.com,Female,161.226.35.76
26,Leeann,Malek,lmalekp@macromedia.com,Female,30.214.224.182
27,Sutton,Massey,smasseyq@csmonitor.com,Male,8.116.90.102
28,Gawain,Londer,glonderr@geocities.com,Male,236.141.97.155
29,Zedekiah,Petegre,zpetegres@geocities.jp,Male,247.162.164.200
30,Dacy,Cluelow,dcluelowt@nytimes.com,Female,223.187.21.45
31,Jabez,Chasle,jchasleu@aol.com,Male,164.186.99.8
32,Abrahan,Burgett,aburgettv@google.it,Male,146.19.194.108
33,Tammie,Hansemann,thansemannw@imageshack.us,Polygender,196.134.74.66
34,Amandi,Rattray,arattrayx@sfgate.com,Female,200.105.115.120
35,Kaylee,Renzo,krenzoy@mapy.cz,Bigender,166.241.230.201
36,Susy,Gillions,sgillionsz@vinaora.com,Female,138.157.220.33
37,Barb,Tideswell,btideswell10@odnoklassniki.ru,Genderqueer,247.66.160.206
38,Chan,Paiton,cpaiton11@mlb.com,Male,40.100.160.204
39,Sullivan,Rape,srape12@princeton.edu,Male,28.62.81.28
40,Elwira,Collman,ecollman13@oracle.com,Female,57.198.105.88
41,Humfried,Iacoviello,hiacoviello14@squidoo.com,Male,113.64.194.139
42,Carlos,Van Arsdall,cvanarsdall15@webmd.com,Agender,158.97.175.92
43,Candida,Wolpert,cwolpert16@exblog.jp,Female,241.147.222.193
44,Jolene,Suett,jsuett17@blogspot.com,Genderqueer,94.152.144.154
45,Gawain,Cauldfield,gcauldfield18@yandex.ru,Male,41.13.202.243
46,Rhoda,Vanyushin,rvanyushin19@google.cn,Female,192.207.156.245
47,Sarajane,Speir,sspeir1a@blogger.com,Female,118.142.161.77
48,Leon,Gawke,lgawke1b@si.edu,Male,169.124.38.88
49,Giorgia,Vell,gvell1c@skyrock.com,Female,73.141.109.11
50,Melisent,Smaling,msmaling1d@lulu.com,Female,217.200.85.167
51,Rivkah,Kempstone,rkempstone1e@elegantthemes.com,Agender,63.114.153.155
52,Allie,Tollady,atollady1f@home.pl,Male,186.234.243.77
53,Randie,Ewols,rewols1g@zdnet.com,Male,234.104.96.191
54,Cacilie,Pharo,cpharo1h@fastcompany.com,Female,15.81.168.26
55,Say,Warbey,swarbey1i@ycombinator.com,Male,82.38.191.103
56,Kelley,Guwer,kguwer1j@nbcnews.com,Male,49.32.153.6
57,Sal,Ezzy,sezzy1k@shop-pro.jp,Female,31.133.149.54
58,Ario,Rigler,arigler1l@webeden.co.uk,Male,171.195.213.212
59,Karly,Esch,kesch1m@cnbc.com,Female,124.225.11.198
60,Mathew,Poley,mpoley1n@xinhuanet.com,Male,77.165.125.79
61,Zack,Lowle,zlowle1o@java.com,Male,223.237.238.178
62,Xylia,Pighills,xpighills1p@ameblo.jp,Female,45.225.37.244
63,Ramsay,Fedorski,rfedorski1q@oaic.gov.au,Male,12.142.54.45
64,Carleen,Mallinson,cmallinson1r@vimeo.com,Female,73.247.176.60
65,Harwilll,Cookson,hcookson1s@networkadvertising.org,Male,179.178.29.87
66,Skyler,Brownstein,sbrownstein1t@goo.ne.jp,Male,115.164.115.118
67,Lothaire,Ivanyutin,livanyutin1u@typepad.com,Male,215.40.96.69
68,Elvyn,Roper,eroper1v@jalbum.net,Male,38.215.106.3
69,Karlens,Korn,kkorn1w@amazon.com,Male,93.32.58.56
70,Joelynn,Molan,jmolan1x@example.com,Female,138.235.92.131
71,Thorpe,Bartak,tbartak1y@timesonline.co.uk,Male,103.152.240.151
72,Caesar,Brocklesby,cbrocklesby1z@i2i.jp,Male,83.142.51.50
73,Brent,Impey,bimpey20@comsenz.com,Male,249.174.220.81
74,Marys,Christoffersen,mchristoffersen21@symantec.com,Female,95.145.195.221
75,Angelle,Mallion,amallion22@nba.com,Non-binary,211.204.69.90
76,Cornie,Figg,cfigg23@google.cn,Male,111.68.81.17
77,Tyrone,Seleway,tseleway24@tinyurl.com,Male,99.148.108.150
78,Dorita,Lydiate,dlydiate25@uol.com.br,Female,109.78.91.13
79,Cross,Landa,clanda26@wp.com,Male,180.26.4.23
80,Margit,Redley,mredley27@msn.com,Female,110.254.183.42
81,Ilyse,Greensitt,igreensitt28@nhs.uk,Female,165.143.142.185
82,Rosmunda,Chadwell,rchadwell29@oracle.com,Female,6.117.147.88
83,Gusta,Reitenbach,greitenbach2a@cnbc.com,Female,226.186.98.94
84,Sidonnie,Goodinson,sgoodinson2b@latimes.com,Female,124.166.143.140
85,Marguerite,Archley,marchley2c@bbc.co.uk,Female,219.72.76.143
86,Phil,Tennet,ptennet2d@comsenz.com,Male,212.107.227.218
87,Georgette,O'Kinneally,gokinneally2e@flavors.me,Female,91.38.210.143
88,Jervis,Boggish,jboggish2f@imgur.com,Genderfluid,17.234.200.180
89,Ameline,Doale,adoale2g@reuters.com,Female,185.45.251.52
90,Mame,Snelling,msnelling2h@seattletimes.com,Female,120.250.190.98
91,Marleah,Heighway,mheighway2i@amazon.com,Female,61.64.95.177
92,Jamey,MacAndrew,jmacandrew2j@bravesites.com,Male,4.150.100.6
93,Simone,De la Feld,sdelafeld2k@state.tx.us,Female,206.126.65.226
94,Foss,Halligan,fhalligan2l@hexun.com,Bigender,205.209.186.227
95,Nert,Farguhar,nfarguhar2m@ebay.co.uk,Bigender,135.197.120.6
96,Granthem,Obal,gobal2n@biblegateway.com,Male,75.193.100.13
97,Jedediah,Firby,jfirby2o@jalbum.net,Male,148.45.58.131
98,Leena,Passler,lpassler2p@intel.com,Female,72.178.92.176
99,Jeannine,Flade,jflade2q@army.mil,Female,184.54.93.246
100,Baily,McTrustrie,bmctrustrie2r@illinois.edu,Male,68.251.70.13
101,Guinevere,Heinonen,gheinonen2s@about.me,Female,226.138.247.244
102,Cassi,Jellett,cjellett2t@latimes.com,Female,128.253.20.214
103,Valentine,Bome,vbome2u@pcworld.com,Male,124.207.185.135
104,Lowe,Walsom,lwalsom2v@reddit.com,Male,22.41.144.116
105,Faythe,Gaspar,fgaspar2w@etsy.com,Female,54.90.100.155
106,Hector,Davidof,hdavidof2x@qq.com,Male,172.122.150.29
107,Blaine,Claringbold,bclaringbold2y@wordpress.org,Male,145.87.205.96
108,Amaleta,Rentoll,arentoll2z@mayoclinic.com,Female,34.180.16.3
109,Alvin,Scryne,ascryne30@aboutads.info,Male,241.164.48.146
110,Winna,Goolding,wgoolding31@symantec.com,Polygender,250.147.205.128
111,Lancelot,Baszkiewicz,lbaszkiewicz32@uol.com.br,Male,204.204.18.238
112,Immanuel,Jacklings,ijacklings33@seattletimes.com,Male,240.170.67.32
113,Granny,Moehler,gmoehler34@webnode.com,Male,251.131.144.106
114,Dicky,Drabble,ddrabble35@salon.com,Male,48.178.244.15
115,Aida,Wrighton,awrighton36@miitbeian.gov.cn,Female,216.5.249.187
116,Giraud,Steiner,gsteiner37@alibaba.com,Male,191.182.71.157
117,Laurie,Walenta,lwalenta38@hugedomains.com,Female,213.0.183.113
118,Abbot,Darrington,adarrington39@intel.com,Male,146.39.64.79
119,Antonin,Ventam,aventam3a@xrea.com,Male,193.55.224.128
120,Georgine,Bending,gbending3b@weibo.com,Female,42.250.9.92
121,Tildi,Romney,tromney3c@examiner.com,Female,35.2.197.217
122,Hoyt,McCuish,hmccuish3d@bloglovin.com,Male,231.206.212.174
123,Darby,Ulyat,dulyat3e@bloglovin.com,Male,82.220.240.249
124,Keene,Bogges,kbogges3f@cmu.edu,Male,149.101.116.229
125,Aidan,Reihm,areihm3g@mashable.com,Female,76.212.171.50
126,Martica,Rooper,mrooper3h@eepurl.com,Female,220.94.226.186
127,Jodi,Gregory,jgregory3i@vistaprint.com,Female,141.122.210.197
128,Chris,Pulhoster,cpulhoster3j@house.gov,Male,70.149.39.171
129,Cristy,Velez,cvelez3k@sciencedirect.com,Female,202.155.143.225
130,Shellysheldon,Carrol,scarrol3l@wunderground.com,Male,34.2.36.61
131,Roldan,De Paoli,rdepaoli3m@toplist.cz,Male,160.252.72.24
132,Elsy,Americi,eamerici3n@fotki.com,Female,73.230.143.60
133,Timothee,Burrus,tburrus3o@hao123.com,Male,139.17.94.157
134,Lester,Fishleigh,lfishleigh3p@yolasite.com,Male,158.141.199.120
135,Mariam,Augie,maugie3q@wix.com,Female,63.81.225.29
136,Valle,Sworder,vsworder3r@cbslocal.com,Male,196.201.72.150
137,Zachery,Pabel,zpabel3s@census.gov,Male,32.131.220.8
138,Norri,Storrier,nstorrier3t@cnet.com,Female,146.219.111.19
139,Dirk,Willan,dwillan3u@woothemes.com,Male,19.10.126.205
140,Garwin,Serfati,gserfati3v@4shared.com,Male,172.95.218.14
141,Gerrie,Purton,gpurton3w@who.int,Female,202.247.134.105
142,Charmane,Fortnon,cfortnon3x@statcounter.com,Female,245.44.226.17
143,Abram,Howsden,ahowsden3y@topsy.com,Male,78.201.182.137
144,Jard,Christofor,jchristofor3z@newsvine.com,Male,133.163.246.39
145,Howard,Pharro,hpharro40@cnet.com,Male,79.229.194.167
146,Kaile,Gantzman,kgantzman41@liveinternet.ru,Female,110.108.8.241
147,Jackqueline,Doward,jdoward42@chron.com,Genderqueer,108.32.220.155
148,Steffie,Bloschke,sbloschke43@ted.com,Female,201.15.237.24
149,Myrlene,Deeks,mdeeks44@arstechnica.com,Polygender,237.11.95.51
150,Graehme,Jansa,gjansa45@netscape.com,Male,1.32.102.126
151,Roberto,Kunath,rkunath46@hibu.com,Male,167.2.173.16
152,Binky,Memory,bmemory47@time.com,Male,244.221.225.60
153,Inez,Choat,ichoat48@ox.ac.uk,Female,104.235.17.8
154,Valli,Blacker,vblacker49@taobao.com,Female,163.36.40.200
155,Cayla,Hemstead,chemstead4a@tuttocitta.it,Female,30.107.70.23
156,Emmett,Whyffen,ewhyffen4b@nps.gov,Male,105.8.211.194
157,Thaddeus,Fennessy,tfennessy4c@clickbank.net,Male,67.208.12.60
158,Cary,Ruse,cruse4d@usda.gov,Male,160.83.78.130
159,Martino,Merrilees,mmerrilees4e@amazon.co.jp,Male,104.152.189.147
160,Duffie,Slowgrave,dslowgrave4f@mediafire.com,Male,149.106.93.124
161,Carita,Chillcot,cchillcot4g@uiuc.edu,Female,128.111.148.62
162,Mercie,Loachhead,mloachhead4h@jugem.jp,Female,185.197.245.186
163,Shandeigh,Lantuffe,slantuffe4i@apple.com,Female,214.190.11.10
164,Hesther,Azemar,hazemar4j@qq.com,Female,168.172.47.118
165,Lurette,Vakhonin,lvakhonin4k@yandex.ru,Female,254.45.136.37
166,Wallace,Lidbetter,wlidbetter4l@google.co.uk,Male,111.222.224.92
167,Zelig,Leason,zleason4m@dedecms.com,Male,168.117.227.185
168,Lyle,Woodier,lwoodier4n@typepad.com,Male,34.136.159.226
169,Rebecca,Dabs,rdabs4o@bigcartel.com,Female,68.79.222.129
170,Gabbie,Berthon,gberthon4p@example.com,Male,74.20.138.129
171,Murray,Maylor,mmaylor4q@europa.eu,Male,52.224.211.137
172,Nobe,Birckmann,nbirckmann4r@mail.ru,Male,52.176.32.67
173,Emlyn,Gillcrist,egillcrist4s@cocolog-nifty.com,Male,161.135.39.162
174,Dalt,Pember,dpember4t@friendfeed.com,Male,210.234.186.211
175,Saloma,McRitchie,smcritchie4u@posterous.com,Female,184.121.35.75
176,Albie,Reiling,areiling4v@google.it,Male,118.174.101.61
177,Forrester,Bett,fbett4w@bing.com,Genderqueer,45.149.199.133
178,Gena,Hindshaw,ghindshaw4x@hhs.gov,Polygender,155.28.227.102
179,Amelita,Allnutt,aallnutt4y@icq.com,Female,243.230.155.5
180,Shermy,Elleray,selleray4z@telegraph.co.uk,Male,122.94.176.71
181,Alain,Musgrave,amusgrave50@weebly.com,Male,6.198.45.36
182,Maribel,Duesbury,mduesbury51@prnewswire.com,Female,228.67.85.207
183,Lena,Strivens,lstrivens52@businesswire.com,Female,156.186.87.255
184,Ashby,Godmer,agodmer53@cnet.com,Male,53.62.131.64
185,Caitrin,Cathie,ccathie54@t-online.de,Female,228.140.29.147
186,Lancelot,Angelo,langelo55@cafepress.com,Male,67.49.160.29
187,Lark,Younglove,lyounglove56@nasa.gov,Female,235.93.239.48
188,Callie,Affron,caffron57@bbc.co.uk,Female,188.130.167.102
189,Thea,Carss,tcarss58@yellowpages.com,Non-binary,226.255.148.235
190,Kaia,Greasley,kgreasley59@independent.co.uk,Female,167.240.190.101
191,Hewe,Mulryan,hmulryan5a@cornell.edu,Non-binary,135.28.47.114
192,Alida,Ausher,aausher5b@netvibes.com,Genderqueer,122.216.130.200
193,Garrard,Urrey,gurrey5c@ameblo.jp,Male,40.3.28.96
194,Agnes,Colecrough,acolecrough5d@hc360.com,Female,209.93.189.225
195,Faunie,Hockey,fhockey5e@usda.gov,Female,112.14.188.214
196,Cornela,Poure,cpoure5f@mayoclinic.com,Female,117.71.196.66
197,Slade,Gioani,sgioani5g@uiuc.edu,Male,176.197.117.72
198,Sharona,Node,snode5h@ycombinator.com,Female,64.21.217.95
199,Alexandre,Bloore,abloore5i@irs.gov,Male,106.112.163.45
200,Idelle,Poon,ipoon5j@google.cn,Bigender,40.156.255.154
201,Karlen,Vickress,kvickress5k@zimbio.com,Female,11.187.177.28
202,Nikaniki,Burchall,nburchall5l@cornell.edu,Female,23.234.92.147
203,Dino,Downgate,ddowngate5m@devhub.com,Male,119.150.174.213
204,Rosemarie,Bussy,rbussy5n@bloglines.com,Female,36.185.251.230
205,Claudius,Fifield,cfifield5o@miitbeian.gov.cn,Male,170.74.242.51
206,Ronni,Medlar,rmedlar5p@altervista.org,Female,204.76.91.68
207,Arlana,Olver,aolver5q@printfriendly.com,Female,249.100.59.192
208,Maudie,Weinberg,mweinberg5r@tinyurl.com,Female,9.229.169.104
209,Timmi,Collishaw,tcollishaw5s@flavors.me,Agender,120.223.248.1
210,Lisbeth,MacAlinden,lmacalinden5t@squidoo.com,Female,120.233.249.199
211,Casper,Hegley,chegley5u@photobucket.com,Male,68.66.122.53
212,Alida,Verey,averey5v@i2i.jp,Female,44.188.195.136
213,Joella,Corner,jcorner5w@ebay.co.uk,Genderfluid,83.226.64.72
214,Carolynn,Lingner,clingner5x@tiny.cc,Female,207.91.40.244
215,Muhammad,Fernez,mfernez5y@ebay.co.uk,Male,246.215.18.38
216,Wallache,Mahaddie,wmahaddie5z@is.gd,Male,252.145.57.65
217,Yorgos,Baelde,ybaelde60@zdnet.com,Male,133.3.215.130
218,Margareta,Whawell,mwhawell61@mail.ru,Female,22.237.158.65
219,Noelyn,Cattell,ncattell62@army.mil,Female,219.198.120.58
220,Tristan,Krzyzaniak,tkrzyzaniak63@hhs.gov,Male,70.240.166.229
221,Kaitlin,Goodbairn,kgoodbairn64@goodreads.com,Female,11.85.8.172
222,Cthrine,Sandars,csandars65@umich.edu,Female,82.21.238.156
223,Nikolia,Mazonowicz,nmazonowicz66@nsw.gov.au,Female,90.252.106.51
224,Ursola,Corona,ucorona67@wikia.com,Female,137.167.73.186
225,Guillaume,Avramov,gavramov68@sitemeter.com,Male,146.34.78.191
226,Kaspar,Dermot,kdermot69@xing.com,Male,26.10.198.221
227,Gilberta,Northfield,gnorthfield6a@salon.com,Female,91.19.27.246
228,Tim,Visco,tvisco6b@weebly.com,Female,7.57.11.129
229,Tadeo,Cradduck,tcradduck6c@1688.com,Male,116.88.100.124
230,Drew,Camps,dcamps6d@bloglovin.com,Male,9.70.102.127
231,Tait,Stook,tstook6e@shutterfly.com,Polygender,216.65.180.63
232,Josefina,Brothwell,jbrothwell6f@google.fr,Female,78.106.5.82
233,Dewie,Dochon,ddochon6g@bbc.co.uk,Male,163.88.4.44
234,Seamus,Gowing,sgowing6h@google.com.br,Male,38.153.106.168
235,Jordon,Crosthwaite,jcrosthwaite6i@answers.com,Male,118.59.129.107
236,Kass,Bramelt,kbramelt6j@latimes.com,Female,8.241.19.114
237,Caresse,Elnaugh,celnaugh6k@hostgator.com,Female,205.204.108.51
238,Demetris,Annes,dannes6l@canalblog.com,Female,72.109.230.140
239,Sheffie,Shaudfurth,sshaudfurth6m@is.gd,Male,21.110.183.210
240,Buddie,Cervantes,bcervantes6n@illinois.edu,Male,53.177.108.96
241,Delaney,Shafe,dshafe6o@yellowpages.com,Male,47.26.24.220
242,Vyky,Chancellor,vchancellor6p@amazon.com,Female,155.150.191.52
243,Orville,Aymes,oaymes6q@csmonitor.com,Male,42.137.75.199
244,Ryan,Treherne,rtreherne6r@homestead.com,Male,5.56.174.109
245,Deny,Week,dweek6s@nba.com,Polygender,71.155.78.20
246,Llywellyn,Slowley,lslowley6t@1und1.de,Male,47.163.4.114
247,Rolando,Geratt,rgeratt6u@mashable.com,Male,16.105.183.179
248,Jules,Domokos,jdomokos6v@miitbeian.gov.cn,Male,206.151.6.67
249,Charline,Gerriessen,cgerriessen6w@google.fr,Female,148.190.187.135
250,Eunice,Cuzen,ecuzen6x@blogger.com,Female,202.46.204.136
251,Aaron,Braven,abraven6y@vk.com,Male,16.23.27.109
252,Jan,Grishenkov,jgrishenkov6z@reference.com,Male,131.205.9.208
253,Aurora,Raffles,araffles70@mozilla.org,Female,162.3.242.43
254,Ray,Vinau,rvinau71@topsy.com,Male,1.86.38.24
255,Germain,Bollins,gbollins72@msu.edu,Male,131.218.142.88
256,Hersch,Ell,hell73@behance.net,Male,64.92.191.20
257,Caril,Berridge,cberridge74@reverbnation.com,Female,64.230.47.154
258,Davidson,Jurewicz,djurewicz75@myspace.com,Male,137.48.88.169
259,Boycey,Coffey,bcoffey76@salon.com,Male,229.147.204.80
260,Hetty,Griston,hgriston77@umn.edu,Female,82.186.129.48
261,Aeriela,Yarnton,ayarnton78@nih.gov,Female,33.216.70.200
262,Reinald,Brideau,rbrideau79@engadget.com,Male,29.68.79.196
263,Zebadiah,Bittlestone,zbittlestone7a@reddit.com,Male,14.65.116.252
264,Hector,Allder,hallder7b@barnesandnoble.com,Male,139.240.128.120
265,Nada,Wynne,nwynne7c@list-manage.com,Polygender,36.237.178.156
266,Roley,Rumble,rrumble7d@themeforest.net,Male,195.243.182.140
267,Priscilla,Kinsella,pkinsella7e@vistaprint.com,Agender,110.244.14.198
268,Hieronymus,Causey,hcausey7f@creativecommons.org,Male,191.127.71.172
269,Rheta,Keming,rkeming7g@e-recht24.de,Female,194.179.126.89
270,Daria,Croisdall,dcroisdall7h@mtv.com,Female,194.158.8.176
271,Bernete,Batter,bbatter7i@bloomberg.com,Female,233.34.51.183
272,Kym,Craigmyle,kcraigmyle7j@ed.gov,Female,56.48.205.228
273,Dolli,Howchin,dhowchin7k@privacy.gov.au,Bigender,205.248.16.206
274,Constanta,Falshaw,cfalshaw7l@state.tx.us,Female,165.125.106.111
275,Broddy,Mayes,bmayes7m@bbb.org,Male,188.68.9.122
276,Cherye,Ozanne,cozanne7n@cmu.edu,Female,254.12.6.34
277,Gibb,McIllrick,gmcillrick7o@kickstarter.com,Genderqueer,55.34.145.98
278,Sigmund,Tantrum,stantrum7p@webnode.com,Male,100.15.214.184
279,Melina,Macourek,mmacourek7q@un.org,Female,212.216.218.100
280,Isabel,Meineck,imeineck7r@census.gov,Polygender,5.133.180.31
281,Marrissa,Twort,mtwort7s@nytimes.com,Female,45.79.30.84
282,Brady,Dodamead,bdodamead7t@boston.com,Male,71.134.98.117
283,Peta,Putnam,pputnam7u@e-recht24.de,Female,15.156.137.147
284,Meggi,Jackson,mjackson7v@cdbaby.com,Female,216.160.109.254
285,Annelise,Trouel,atrouel7w@eventbrite.com,Female,229.26.192.222
286,Derron,Dowda,ddowda7x@csmonitor.com,Male,241.182.226.94
287,Sidonia,Billam,sbillam7y@msu.edu,Female,230.226.44.53
288,Gwen,Skoate,gskoate7z@smugmug.com,Female,238.63.206.171
289,Fredric,Aylmer,faylmer80@twitpic.com,Male,218.137.105.34
290,Dale,Mouncher,dmouncher81@goo.ne.jp,Female,20.41.212.143
291,Loise,Purches,lpurches82@mashable.com,Bigender,242.91.44.126
292,Raddie,Windrass,rwindrass83@blinklist.com,Male,159.186.22.187
293,Anet,Kroger,akroger84@prlog.org,Female,214.128.80.29
294,Deni,Isaq,disaq85@whitehouse.gov,Female,33.15.86.237
295,Bellanca,Huller,bhuller86@unblog.fr,Genderqueer,191.183.35.118
296,Suzy,Cordie,scordie87@sbwire.com,Female,111.200.34.88
297,Fidelia,Colgan,fcolgan88@guardian.co.uk,Female,26.222.44.37
298,Haskel,Jirieck,hjirieck89@examiner.com,Male,224.134.116.207
299,Tobe,Cawkill,tcawkill8a@theguardian.com,Female,104.36.13.130
300,Everard,Pau,epau8b@nymag.com,Male,155.108.26.55
301,Cati,Spore,cspore8c@accuweather.com,Female,62.126.224.102
302,Anthia,Deluze,adeluze8d@marriott.com,Female,182.179.187.123
303,Elston,Parfrey,eparfrey8e@mozilla.org,Male,23.102.13.46
304,Zelda,Tombling,ztombling8f@disqus.com,Female,21.7.120.20
305,Viv,Campanelli,vcampanelli8g@weibo.com,Agender,53.70.149.64
306,Godart,Tingey,gtingey8h@unicef.org,Male,188.97.67.90
307,Shamus,Donoghue,sdonoghue8i@smugmug.com,Male,253.178.19.33
308,Shanan,Matokhnin,smatokhnin8j@hubpages.com,Agender,118.14.180.65
309,Christian,Lorkins,clorkins8k@cbc.ca,Bigender,246.106.123.24
310,Lorin,Spolton,lspolton8l@disqus.com,Genderqueer,50.209.18.70
311,Alvira,Belasco,abelasco8m@drupal.org,Female,186.223.225.244
312,Cece,MacKonochie,cmackonochie8n@cpanel.net,Male,217.68.147.133
313,Roslyn,Bool,rbool8o@t-online.de,Female,163.152.168.233
314,Hersh,Ruilton,hruilton8p@japanpost.jp,Male,123.215.88.167
315,Nesta,Hillum,nhillum8q@indiatimes.com,Female,235.238.242.73
316,Glenine,Lamar,glamar8r@soup.io,Bigender,8.77.107.207
317,Kiley,Balmforth,kbalmforth8s@hostgator.com,Male,134.114.122.248
318,Austine,Hinstridge,ahinstridge8t@craigslist.org,Female,204.221.15.132
319,Christophorus,O' Mullan,comullan8u@mapy.cz,Male,188.82.100.220
320,Mathian,Summerill,msummerill8v@xrea.com,Male,98.50.20.210
321,Wini,Mattiazzi,wmattiazzi8w@vimeo.com,Female,224.181.184.214
322,Irwinn,Oleszczak,ioleszczak8x@google.com.hk,Male,50.196.111.246
323,Shae,Kelle,skelle8y@blogspot.com,Female,80.183.210.121
324,Pavel,Tytcomb,ptytcomb8z@constantcontact.com,Male,26.103.38.181
325,Prentice,Tute,ptute90@redcross.org,Male,186.133.20.226
326,Matthias,Longridge,mlongridge91@upenn.edu,Male,115.35.165.199
327,Ted,Elkin,telkin92@illinois.edu,Male,92.62.141.158
328,Vinnie,Levicount,vlevicount93@china.com.cn,Genderfluid,230.101.72.7
329,Edik,Assad,eassad94@ycombinator.com,Male,181.145.254.123
330,Lory,Carradice,lcarradice95@taobao.com,Female,220.136.232.200
331,Alaric,Wick,awick96@yolasite.com,Male,209.35.67.193
332,Nollie,Yerrall,nyerrall97@cmu.edu,Male,175.49.211.183
333,Kristoffer,Spellacey,kspellacey98@sina.com.cn,Male,197.79.133.175
334,Violette,Bowich,vbowich99@businesswire.com,Female,21.243.147.184
335,Hobie,Demeter,hdemeter9a@latimes.com,Male,77.204.184.0
336,Penelope,Peckitt,ppeckitt9b@com.com,Female,197.236.91.4
337,Lane,Sorrel,lsorrel9c@bandcamp.com,Male,73.212.102.235
338,Bev,Juggings,bjuggings9d@google.co.uk,Non-binary,47.164.185.102
339,Radcliffe,Marshalleck,rmarshalleck9e@gizmodo.com,Male,201.144.135.136
340,Humfrid,Bunclark,hbunclark9f@google.de,Male,33.118.95.19
341,Evangelin,Hasling,ehasling9g@google.nl,Female,128.172.61.37
342,Brant,Ledwich,bledwich9h@sciencedirect.com,Male,136.181.15.193
343,Gaylor,MacGiolla,gmacgiolla9i@linkedin.com,Male,1.159.236.138
344,Theadora,Drury,tdrury9j@booking.com,Female,79.209.214.208
345,Amargo,Hurton,ahurton9k@who.int,Female,151.55.188.185
346,Helga,Eplate,heplate9l@weebly.com,Female,72.228.237.60
347,Alphonso,Wolstencroft,awolstencroft9m@howstuffworks.com,Genderfluid,15.68.62.143
348,Salvatore,McMennum,smcmennum9n@cocolog-nifty.com,Male,87.216.9.194
349,Gerald,Okenfold,gokenfold9o@epa.gov,Male,165.132.212.90
350,Ardene,Smalman,asmalman9p@dell.com,Female,162.27.253.153
351,Jessy,Keuneke,jkeuneke9q@columbia.edu,Female,54.22.188.30
352,Olvan,Gitthouse,ogitthouse9r@hp.com,Male,84.231.243.21
353,Sven,Doel,sdoel9s@imageshack.us,Male,236.77.222.93
354,Baryram,Bulford,bbulford9t@whitehouse.gov,Male,186.235.241.235
355,Agustin,Wackett,awackett9u@mac.com,Male,28.174.66.114
356,Staffard,Davie,sdavie9v@nytimes.com,Male,95.129.25.55
357,Maynard,Daniely,mdaniely9w@wix.com,Male,78.164.246.210
358,Raphaela,Tofpik,rtofpik9x@msn.com,Female,201.234.231.127
359,Augie,Robertsen,arobertsen9y@prlog.org,Male,167.113.27.235
360,Dorotea,Winchurst,dwinchurst9z@mediafire.com,Female,118.1.54.173
361,Leeland,Biffen,lbiffena0@hubpages.com,Male,225.167.164.242
362,Zea,Spick,zspicka1@quantcast.com,Female,179.10.142.123
363,Hermann,Eccleshare,hecclesharea2@squidoo.com,Male,118.10.108.141
364,Clayton,Ternouth,cternoutha3@multiply.com,Male,104.99.113.164
365,Bobine,Ripon,bripona4@pcworld.com,Female,246.77.25.7
366,Hermy,Elliston,hellistona5@state.tx.us,Male,37.67.27.250
367,Ranee,Tatem,rtatema6@noaa.gov,Genderqueer,76.231.33.227
368,Addison,Oats,aoatsa7@webnode.com,Male,164.124.190.8
369,Gawain,Thwaite,gthwaitea8@washingtonpost.com,Male,193.118.104.47
370,Olag,Penni,opennia9@ftc.gov,Male,188.35.104.161
371,Neall,Nuschke,nnuschkeaa@canalblog.com,Genderfluid,59.81.34.122
372,Willyt,McRannell,wmcrannellab@webeden.co.uk,Female,109.196.232.95
373,Pearla,Crinson,pcrinsonac@elegantthemes.com,Female,73.74.59.252
374,Gibb,Wilce,gwilcead@oracle.com,Male,160.165.183.33
375,Andrea,Aleksashin,aaleksashinae@independent.co.uk,Male,15.95.241.82
376,Buffy,Gronow,bgronowaf@google.pl,Female,43.21.191.115
377,Xena,Ghost,xghostag@weather.com,Female,181.222.168.127
378,Micky,Chansonnau,mchansonnauah@theatlantic.com,Male,221.28.9.179
379,Aluino,Iliff,ailiffai@uol.com.br,Male,206.240.32.205
380,Teresita,Vaux,tvauxaj@amazon.co.jp,Female,214.130.143.173
381,Caro,MacAllister,cmacallisterak@google.co.jp,Female,126.243.205.134
382,Almira,Farron,afarronal@youtu.be,Female,95.141.65.168
383,Kalli,Davie,kdavieam@acquirethisname.com,Female,90.253.43.218
384,Cynde,Varran,cvarranan@wikimedia.org,Female,26.105.116.215
385,Terrye,Soaper,tsoaperao@wikimedia.org,Female,5.207.168.154
386,Cahra,Pennetta,cpennettaap@discuz.net,Female,38.204.160.92
387,Sybille,Wickersham,swickershamaq@pcworld.com,Female,230.224.172.248
388,Flss,Scurrell,fscurrellar@apache.org,Female,61.31.254.0
389,Richmond,Gretham,rgrethamas@eventbrite.com,Male,44.154.80.229
390,Melisenda,Boldecke,mboldeckeat@linkedin.com,Female,116.143.104.16
391,Leigh,Sinnocke,lsinnockeau@opensource.org,Female,24.11.22.17
392,Stacee,Mitchener,smitchenerav@latimes.com,Male,124.176.192.88
393,Ernesto,Chatburn,echatburnaw@howstuffworks.com,Male,243.14.69.99
394,Jareb,Tillerton,jtillertonax@tiny.cc,Male,121.218.170.10
395,Theodoric,Sire,tsireay@de.vu,Male,60.14.35.175
396,Florance,Glentworth,fglentworthaz@bandcamp.com,Female,9.137.79.117
397,Bastien,Yanshin,byanshinb0@elegantthemes.com,Male,190.85.134.218
398,Lenna,Kike,lkikeb1@wunderground.com,Female,120.42.189.71
399,Pennie,Callendar,pcallendarb2@zdnet.com,Female,93.54.36.27
400,Therine,Spraberry,tspraberryb3@cloudflare.com,Non-binary,149.213.58.57
401,Hanan,Staples,hstaplesb4@reference.com,Male,172.10.20.209
402,Nathalia,Burdell,nburdellb5@altervista.org,Female,185.253.44.203
403,Fiorenze,Gulliford,fgullifordb6@canalblog.com,Female,171.212.149.213
404,Kimmie,Lambarton,klambartonb7@ihg.com,Genderqueer,107.45.202.166
405,Mireille,Marcroft,mmarcroftb8@sitemeter.com,Female,39.189.250.150
406,Enos,Pargent,epargentb9@flickr.com,Male,129.69.102.31
407,Cosette,Huyghe,chuygheba@google.com.au,Female,241.108.143.5
408,Quintina,Hendrich,qhendrichbb@yellowpages.com,Female,14.232.149.218
409,Harlie,Dredge,hdredgebc@github.io,Female,193.178.101.164
410,Grace,Vivians,gviviansbd@ucoz.ru,Female,128.115.55.220
411,Frasquito,Harkins,fharkinsbe@tinyurl.com,Male,71.98.202.252
412,Ugo,Very,uverybf@nationalgeographic.com,Male,190.252.81.98
413,Kalindi,Vagges,kvaggesbg@addtoany.com,Female,70.210.250.95
414,Emmalynne,McQuillen,emcquillenbh@wikia.com,Female,57.0.232.149
415,Giuseppe,Faragan,gfaraganbi@edublogs.org,Male,129.61.145.86
416,Dominic,Housin,dhousinbj@angelfire.com,Male,176.251.217.156
417,Mike,Holme,mholmebk@dropbox.com,Male,1.224.115.240
418,Emmett,Bodell,ebodellbl@slashdot.org,Bigender,47.141.54.246
419,Shandeigh,Diem,sdiembm@eepurl.com,Female,64.164.177.148
420,Joli,Goulston,jgoulstonbn@unicef.org,Female,241.102.188.42
421,Erica,Pickance,epickancebo@youtu.be,Female,178.149.135.158
422,Guillemette,Realph,grealphbp@forbes.com,Female,125.27.28.85
423,Danica,Dossett,ddossettbq@tinyurl.com,Female,131.86.87.84
424,Lishe,Joint,ljointbr@unc.edu,Female,3.145.92.133
425,Bert,Marchent,bmarchentbs@wix.com,Female,156.209.144.249
426,Vidovik,MacAndie,vmacandiebt@hubpages.com,Male,51.211.208.37
427,Ynes,Dade,ydadebu@instagram.com,Female,94.105.216.233
428,Fairfax,Bax,fbaxbv@posterous.com,Male,64.24.163.249
429,Dorothee,Sheran,dsheranbw@trellian.com,Female,11.241.239.208
430,Dita,Rizzardi,drizzardibx@google.fr,Female,114.132.133.92
431,Edgardo,Tokley,etokleyby@clickbank.net,Male,43.170.34.195
432,Stacia,Aland,salandbz@google.pl,Female,151.253.48.92
433,Nollie,Petheridge,npetheridgec0@ftc.gov,Female,208.229.36.231
434,Grissel,McIlwrick,gmcilwrickc1@nhs.uk,Female,241.223.180.67
435,Teirtza,Allgood,tallgoodc2@statcounter.com,Female,170.209.70.150
436,Beverlie,Caunter,bcaunterc3@mapquest.com,Genderqueer,37.122.152.155
437,Clemmie,Kirtlan,ckirtlanc4@4shared.com,Non-binary,115.104.107.69
438,Matthus,Bore,mborec5@pagesperso-orange.fr,Genderfluid,215.195.37.190
439,Salomo,Whitelaw,swhitelawc6@ihg.com,Male,148.223.245.23
440,Juli,O'Dempsey,jodempseyc7@utexas.edu,Female,216.196.219.59
441,Imogene,De Michetti,idemichettic8@deliciousdays.com,Female,248.118.240.120
442,Minerva,Bartak,mbartakc9@wunderground.com,Female,8.160.251.173
443,Allan,Tarbett,atarbettca@sourceforge.net,Genderfluid,168.24.147.251
444,Eberhard,Whiskerd,ewhiskerdcb@mtv.com,Male,156.230.67.39
445,Kelsey,Devita,kdevitacc@nyu.edu,Male,135.106.25.11
446,Rees,Barge,rbargecd@squarespace.com,Male,195.218.246.143
447,Eimile,Meaden,emeadence@biglobe.ne.jp,Female,163.47.251.193
448,Caprice,Ipsgrave,cipsgravecf@sogou.com,Female,4.238.182.133
449,Niven,Geffe,ngeffecg@fastcompany.com,Male,140.124.17.194
450,Coleman,Scrinage,cscrinagech@symantec.com,Male,107.72.72.73
451,Aliza,Chasteney,achasteneyci@cocolog-nifty.com,Female,80.215.102.189
452,Kinny,Workes,kworkescj@github.io,Male,86.111.41.250
453,Kasper,Martinec,kmartinecck@usatoday.com,Male,1.130.91.21
454,Wat,McKiddin,wmckiddincl@is.gd,Male,26.210.132.158
455,Filide,Addicote,faddicotecm@infoseek.co.jp,Female,80.77.235.28
456,Cassie,Decruse,cdecrusecn@reference.com,Male,103.38.241.64
457,David,Salleir,dsalleirco@hatena.ne.jp,Male,0.24.59.78
458,Pris,Ladbrooke,pladbrookecp@nyu.edu,Female,177.187.220.112
459,Felizio,Spowage,fspowagecq@bigcartel.com,Male,178.70.117.208
460,Nikolos,Autry,nautrycr@telegraph.co.uk,Male,29.142.164.59
461,Maximilianus,Ionn,mionncs@disqus.com,Male,68.97.104.239
462,Damiano,Port,dportct@bloglines.com,Male,184.84.220.142
463,Grantley,Setchell,gsetchellcu@pagesperso-orange.fr,Male,100.76.28.25
464,Wyatt,Keasley,wkeasleycv@whitehouse.gov,Male,165.246.77.26
465,Ogdan,Ruste,orustecw@opera.com,Male,102.218.73.85
466,Elspeth,Pawelke,epawelkecx@friendfeed.com,Female,109.4.26.140
467,Ennis,Cossans,ecossanscy@phoca.cz,Male,168.65.254.120
468,Vonny,Hubert,vhubertcz@bigcartel.com,Female,86.220.229.241
469,Antonius,Buggy,abuggyd0@paypal.com,Male,33.59.93.77
470,Arvy,Maestro,amaestrod1@harvard.edu,Male,144.126.224.28
471,Niccolo,Fessler,nfesslerd2@123-reg.co.uk,Male,165.98.253.10
472,Worth,Pieracci,wpieraccid3@hugedomains.com,Male,114.6.204.63
473,Glendon,Harcase,gharcased4@xinhuanet.com,Male,180.222.121.233
474,Laural,Binding,lbindingd5@webeden.co.uk,Bigender,78.131.11.205
475,Sandye,Duro,sdurod6@google.com.au,Female,81.189.123.161
476,Garek,Rankling,granklingd7@unicef.org,Male,224.162.44.73
477,Riva,Kamien,rkamiend8@ucoz.ru,Female,1.233.142.56
478,Ramsay,Touret,rtouretd9@jugem.jp,Male,34.112.56.233
479,Nigel,Doveston,ndovestonda@jiathis.com,Male,79.192.195.53
480,Natal,Roll,nrolldb@ox.ac.uk,Male,79.254.186.215
481,Prince,Lamberts,plambertsdc@people.com.cn,Male,180.5.0.221
482,Rowland,Widdowfield,rwiddowfielddd@barnesandnoble.com,Male,28.193.193.170
483,Rozella,Woollam,rwoollamde@nbcnews.com,Female,241.67.192.188
484,Worth,Bedminster,wbedminsterdf@homestead.com,Male,150.59.26.46
485,Shanda,Wilkins,swilkinsdg@imdb.com,Genderqueer,185.38.152.149
486,Paton,Pardon,ppardondh@marriott.com,Male,27.24.110.88
487,Virgilio,Bigrigg,vbigriggdi@edublogs.org,Male,60.202.39.199
488,Bernita,Zorro,bzorrodj@a8.net,Female,39.186.14.30
489,Marris,Ovill,movilldk@reference.com,Female,157.31.242.252
490,Franky,Gatheral,fgatheraldl@issuu.com,Male,84.111.105.122
491,Michaelina,Rozenbaum,mrozenbaumdm@state.tx.us,Female,32.93.216.94
492,Kerianne,Paffitt,kpaffittdn@csmonitor.com,Female,200.82.192.3
493,Kele,Amphlett,kamphlettdo@about.com,Male,22.158.47.74
494,Alexander,Firmager,afirmagerdp@japanpost.jp,Male,158.116.193.114
495,Alia,Heatherington,aheatheringtondq@istockphoto.com,Female,10.111.60.227
496,Brandon,Eaden,beadendr@businessweek.com,Male,45.9.121.9
497,Graham,Moubray,gmoubrayds@wufoo.com,Male,51.161.14.111
498,Helen,Oswell,hoswelldt@intel.com,Female,15.119.31.194
499,Margarita,Akhurst,makhurstdu@utexas.edu,Female,5.146.241.161
500,Ruy,Wilkins,rwilkinsdv@msn.com,Male,251.84.178.89
501,Cathie,Eschalotte,ceschalottedw@free.fr,Female,133.16.140.44
502,Deonne,Smelley,dsmelleydx@blinklist.com,Female,120.188.51.230
503,Averill,Urling,aurlingdy@cpanel.net,Male,56.93.215.87
504,Farrel,McBrearty,fmcbreartydz@hexun.com,Male,19.88.53.218
505,Candy,McKinna,cmckinnae0@1und1.de,Female,140.4.55.121
506,Arron,Stainson,astainsone1@nyu.edu,Genderqueer,221.87.160.97
507,Ly,Rosendahl,lrosendahle2@shinystat.com,Male,199.29.127.152
508,Melly,Demonge,mdemongee3@blogtalkradio.com,Female,74.206.238.127
509,Zack,Tinker,ztinkere4@surveymonkey.com,Male,183.46.47.178
510,Bobby,Garford,bgarforde5@nasa.gov,Male,248.139.17.250
511,Everard,Birkmyr,ebirkmyre6@smh.com.au,Male,117.124.93.28
512,Pate,Arens,parense7@pagesperso-orange.fr,Male,252.67.101.79
513,Gretta,Loghan,gloghane8@techcrunch.com,Female,119.156.199.248
514,Orelle,Yong,oyonge9@arstechnica.com,Bigender,52.250.229.72
515,Courtney,McGaugan,cmcgauganea@house.gov,Male,64.198.25.122
516,Dore,Goulter,dgoultereb@mlb.com,Female,53.174.224.165
517,Terri,Ziemecki,tziemeckiec@ted.com,Male,184.55.41.240
518,Shelton,Blogg,sblogged@tmall.com,Male,203.78.201.189
519,Maribelle,Finnick,mfinnickee@booking.com,Female,247.95.33.118
520,Justine,Abate,jabateef@china.com.cn,Female,210.38.137.185
521,Nataniel,Cherm,nchermeg@timesonline.co.uk,Male,5.155.187.165
522,Costa,Canete,ccaneteeh@census.gov,Male,126.66.84.45
523,Marthe,Fearey,mfeareyei@surveymonkey.com,Female,20.55.110.181
524,Magdalena,Brazenor,mbrazenorej@arizona.edu,Non-binary,88.41.159.33
525,Emylee,Congreve,econgreveek@zdnet.com,Female,109.29.74.97
526,Hermina,Bravery,hbraveryel@freewebs.com,Female,3.44.33.196
527,Martainn,Bacchus,mbacchusem@twitpic.com,Male,157.96.36.124
528,Wat,Ojeda,wojedaen@newyorker.com,Male,205.135.209.49
529,Clifford,Gouley,cgouleyeo@msu.edu,Male,134.247.197.248
530,Murdoch,Tallquist,mtallquistep@skyrock.com,Male,50.34.8.156
531,Leah,Follos,lfolloseq@abc.net.au,Female,32.82.84.52
532,Drucie,Sabben,dsabbener@dedecms.com,Female,140.52.80.193
533,Con,Rehn,crehnes@hc360.com,Male,201.162.99.219
534,Ebeneser,Durrad,edurradet@google.nl,Male,17.102.62.119
535,Ingeborg,Fortun,ifortuneu@soup.io,Female,203.155.24.153
536,Daniel,MacVay,dmacvayev@comsenz.com,Non-binary,177.117.9.48
537,Laural,Thirlwell,lthirlwellew@wiley.com,Female,86.169.68.196
538,Allison,Phippard,aphippardex@netlog.com,Polygender,101.32.98.27
539,Gualterio,Brayfield,gbrayfieldey@hexun.com,Male,103.111.161.3
540,Xena,Lancett,xlancettez@msn.com,Female,220.8.67.43
541,Sharlene,Joint,sjointf0@sciencedirect.com,Female,32.46.93.244
542,Lynne,Sutterby,lsutterbyf1@columbia.edu,Female,144.206.43.12
543,Jodee,Atwood,jatwoodf2@admin.ch,Female,169.67.3.150
544,Brantley,Soar,bsoarf3@dion.ne.jp,Male,169.122.25.178
545,Kendal,Farrey,kfarreyf4@ow.ly,Genderqueer,32.127.52.181
546,Ryun,Walesby,rwalesbyf5@toplist.cz,Male,229.27.151.37
547,Kit,Enion,kenionf6@shareasale.com,Female,44.209.80.202
548,Feliza,Dennitts,fdennittsf7@scientificamerican.com,Female,23.24.81.212
549,Mignon,Belhomme,mbelhommef8@mlb.com,Female,238.128.208.211
550,Calypso,Beardon,cbeardonf9@geocities.jp,Female,35.29.159.179
551,Ruby,Blaydes,rblaydesfa@nih.gov,Male,0.127.51.101
552,Dunstan,Sporgeon,dsporgeonfb@blinklist.com,Male,226.64.251.131
553,Demetrius,Tomankowski,dtomankowskifc@statcounter.com,Male,171.63.111.49
554,Thadeus,Rosoni,trosonifd@ocn.ne.jp,Male,169.246.218.164
555,Rebekah,Wither,rwitherfe@tmall.com,Female,82.203.166.134
556,Meryl,Stuttman,mstuttmanff@ed.gov,Female,216.208.123.181
557,Chloris,Soldner,csoldnerfg@imageshack.us,Female,19.25.29.103
558,Becka,Peasegood,bpeasegoodfh@constantcontact.com,Female,227.104.179.217
559,Wainwright,Ivanishev,wivanishevfi@t.co,Male,177.160.95.24
560,Gretna,Zecchinii,gzecchiniifj@nbcnews.com,Female,211.218.56.2
561,Ernestine,Blaszkiewicz,eblaszkiewiczfk@ucoz.com,Female,127.38.172.36
562,Sheffie,Eastgate,seastgatefl@hubpages.com,Male,158.128.60.254
563,Kevina,McGinn,kmcginnfm@fastcompany.com,Female,136.97.151.181
564,Demetris,Braime,dbraimefn@mac.com,Female,120.33.192.114
565,Gustavo,Jelly,gjellyfo@ft.com,Male,198.169.17.50
566,Jim,Berntssen,jberntssenfp@infoseek.co.jp,Male,67.196.78.140
567,Sherlocke,Rupert,srupertfq@tripod.com,Male,224.224.17.40
568,Nikkie,Doogue,ndooguefr@naver.com,Female,234.170.20.223
569,Sophi,Oake,soakefs@archive.org,Female,170.26.159.127
570,Dyanna,De Blasi,ddeblasift@usnews.com,Female,173.216.26.46
571,Dolorita,Dows,ddowsfu@hhs.gov,Female,202.95.157.181
572,Avigdor,Connikie,aconnikiefv@altervista.org,Male,69.11.128.31
573,Alanson,Witherop,awitheropfw@utexas.edu,Male,154.156.218.138
574,Robby,Hynde,rhyndefx@themeforest.net,Female,235.121.105.125
575,Marylynne,Skurray,mskurrayfy@dedecms.com,Female,193.245.105.106
576,Halsy,Rule,hrulefz@about.com,Male,245.215.243.167
577,Patsy,Bernardez,pbernardezg0@hp.com,Male,208.163.37.231
578,Hailee,Bellew,hbellewg1@ebay.co.uk,Female,135.120.78.103
579,Phebe,Crang,pcrangg2@bizjournals.com,Female,106.238.88.207
580,Gerick,Gummer,ggummerg3@bravesites.com,Male,65.5.254.185
581,Nikaniki,Boich,nboichg4@princeton.edu,Female,7.58.192.132
582,Morey,Abbyss,mabbyssg5@tripadvisor.com,Male,89.67.202.55
583,Gifford,Prout,gproutg6@amazon.co.jp,Male,186.189.57.14
584,Jabez,Zanolli,jzanollig7@yellowpages.com,Male,180.203.136.48
585,Jedediah,Scirman,jscirmang8@stumbleupon.com,Male,29.80.201.190
586,Olimpia,Somerled,osomerledg9@twitter.com,Female,254.1.25.136
587,Jody,Elbourne,jelbournega@kickstarter.com,Male,160.37.220.122
588,Dniren,Andrzejowski,dandrzejowskigb@accuweather.com,Female,19.113.1.117
589,Damita,Sinott,dsinottgc@wikimedia.org,Female,167.72.230.24
590,Maribeth,Comolli,mcomolligd@exblog.jp,Female,120.100.202.22
591,Fransisco,Cluley,fcluleyge@sphinn.com,Male,225.136.251.7
592,Klaus,Martinek,kmartinekgf@wsj.com,Male,53.195.227.212
593,Dasya,Crockley,dcrockleygg@hud.gov,Female,23.194.109.65
594,Jabez,Pauley,jpauleygh@vimeo.com,Male,65.184.74.143
595,Lowe,MacGeffen,lmacgeffengi@livejournal.com,Polygender,3.61.104.60
596,Mannie,McCloud,mmccloudgj@hc360.com,Male,66.248.47.181
597,Alf,Johl,ajohlgk@nih.gov,Male,164.5.139.184
598,Bill,Rolfini,brolfinigl@who.int,Male,253.98.127.243
599,Ly,Rennebach,lrennebachgm@reuters.com,Genderfluid,255.63.96.178
600,Rakel,Lathleiff,rlathleiffgn@google.es,Non-binary,23.14.183.93
601,Malvina,Ethridge,methridgego@tripadvisor.com,Female,237.78.182.18
602,Scott,Normanell,snormanellgp@ted.com,Male,178.48.143.27
603,Curtis,Copsey,ccopseygq@aboutads.info,Male,32.182.241.126
604,Shaun,Cockshott,scockshottgr@ft.com,Female,19.200.168.222
605,Yancy,Burdell,yburdellgs@europa.eu,Male,39.107.187.244
606,Kenneth,Benam,kbenamgt@nationalgeographic.com,Genderfluid,23.213.170.248
607,Mariska,Courcey,mcourceygu@tumblr.com,Female,18.74.239.94
608,Ranee,Akess,rakessgv@amazon.com,Female,85.151.92.135
609,Felicity,Kastel,fkastelgw@about.com,Polygender,242.44.109.105
610,Deana,Bunston,dbunstongx@timesonline.co.uk,Female,189.225.107.172
611,Steffen,Championnet,schampionnetgy@vistaprint.com,Male,177.80.100.246
612,Meggy,Hinksen,mhinksengz@google.com.hk,Female,111.19.241.198
613,Valida,Pawlicki,vpawlickih0@mlb.com,Female,104.99.210.107
614,Lucinda,Bampkin,lbampkinh1@wunderground.com,Female,103.221.187.85
615,Jocelin,Cheverell,jcheverellh2@state.tx.us,Female,135.43.205.214
616,Reinhard,Renackowna,rrenackownah3@fda.gov,Male,79.30.16.219
617,Klarrisa,Bridgestock,kbridgestockh4@scientificamerican.com,Female,146.164.138.83
618,Arleta,McBryde,amcbrydeh5@salon.com,Female,80.76.102.186
619,Chrysler,Swaile,cswaileh6@t-online.de,Female,110.192.156.241
620,Ichabod,Kitley,ikitleyh7@ed.gov,Male,198.48.210.242
621,Davy,Fallows,dfallowsh8@yandex.ru,Male,125.43.165.103
622,Elinor,Ortiger,eortigerh9@businessweek.com,Female,127.143.199.34
623,Sean,Peele,speeleha@whitehouse.gov,Agender,176.157.42.233
624,Zelig,Pratchett,zpratchetthb@nyu.edu,Male,239.40.114.146
625,Remus,Howat,rhowathc@goodreads.com,Genderqueer,40.15.251.253
626,Jamie,Owttrim,jowttrimhd@google.com,Male,62.75.39.140
627,Jacinda,McGuckin,jmcguckinhe@gov.uk,Female,113.24.169.227
628,Donnell,Meffin,dmeffinhf@desdev.cn,Male,238.61.99.104
629,Tresa,Gatland,tgatlandhg@stanford.edu,Female,217.81.167.103
630,Sarine,Discombe,sdiscombehh@myspace.com,Female,10.234.236.14
631,Boonie,Wanklyn,bwanklynhi@yellowpages.com,Male,86.57.245.139
632,Phip,Shortall,pshortallhj@java.com,Male,222.33.45.207
633,Gill,Ledford,gledfordhk@cisco.com,Agender,60.170.54.191
634,Whitman,Huntington,whuntingtonhl@geocities.jp,Male,5.243.92.3
635,Abba,Simkovich,asimkovichhm@feedburner.com,Male,82.79.17.241
636,Felix,Zanni,fzannihn@dropbox.com,Male,66.183.125.222
637,Gustave,Borton,gbortonho@census.gov,Male,123.85.36.28
638,Vallie,Laverack,vlaverackhp@cocolog-nifty.com,Agender,71.204.128.187
639,Dory,Casterou,dcasterouhq@issuu.com,Female,110.211.218.190
640,Hieronymus,Fairleigh,hfairleighhr@ft.com,Male,166.168.36.148
641,Brandy,Debill,bdebillhs@purevolume.com,Genderqueer,1.205.73.180
642,Flory,Wooffitt,fwooffittht@sakura.ne.jp,Male,91.50.37.99
643,Coriss,Gilardi,cgilardihu@mapy.cz,Female,86.238.33.138
644,Claiborne,Matusovsky,cmatusovskyhv@redcross.org,Male,166.149.119.205
645,Bobby,Connaughton,bconnaughtonhw@ed.gov,Bigender,169.144.219.159
646,Grannie,Brandenburg,gbrandenburghx@ebay.com,Male,180.48.216.247
647,Quint,Savin,qsavinhy@devhub.com,Male,80.248.175.220
648,Reggis,Bazek,rbazekhz@sourceforge.net,Male,194.59.227.58
649,Philip,Boshers,pboshersi0@discovery.com,Male,83.37.119.134
650,Rossy,Charters,rchartersi1@weibo.com,Non-binary,202.100.213.138
651,Millard,Haslum,mhaslumi2@state.tx.us,Male,192.120.159.114
652,Jerald,Hullbrook,jhullbrooki3@elegantthemes.com,Male,220.31.98.54
653,Drusilla,Whitehall,dwhitehalli4@tripadvisor.com,Female,199.20.243.49
654,Thomasina,Dacre,tdacrei5@chron.com,Female,87.185.137.96
655,Jerome,Detoile,jdetoilei6@sohu.com,Male,109.29.226.148
656,Brenden,Trymme,btrymmei7@so-net.ne.jp,Male,192.149.224.130
657,Ewen,Fellenor,efellenori8@themeforest.net,Male,240.101.191.14
658,Maryjo,Blondell,mblondelli9@ft.com,Agender,49.69.236.129
659,Perren,Vescovo,pvescovoia@geocities.jp,Male,86.195.215.230
660,Edlin,Fewell,efewellib@clickbank.net,Male,181.168.80.175
661,Gery,Garrad,ggarradic@feedburner.com,Male,99.1.82.237
662,Thoma,Williams,twilliamsid@nba.com,Male,82.76.29.229
663,Giles,Cashell,gcashellie@hostgator.com,Male,117.197.151.192
664,Claudie,Shipway,cshipwayif@imageshack.us,Female,245.67.105.24
665,Sonja,Venneur,svenneurig@independent.co.uk,Non-binary,180.221.168.156
666,Asia,Carpmile,acarpmileih@house.gov,Female,27.86.98.41
667,Riane,Broadberrie,rbroadberrieii@sphinn.com,Female,165.155.210.155
668,Blayne,Braine,bbraineij@dailymotion.com,Male,52.170.128.41
669,Romeo,Tracy,rtracyik@youku.com,Non-binary,67.39.170.212
670,Faina,Sharratt,fsharrattil@state.gov,Female,236.176.238.253
671,Brynn,Anchor,banchorim@icq.com,Female,35.175.102.75
672,Leila,Limon,llimonin@usa.gov,Female,248.238.24.77
673,Gretchen,Broster,gbrosterio@columbia.edu,Female,19.154.18.13
674,Francoise,Manthorpe,fmanthorpeip@wiley.com,Female,68.78.32.74
675,Jamima,Cantillon,jcantilloniq@gravatar.com,Female,198.49.224.95
676,Jarrod,Genty,jgentyir@cbsnews.com,Male,11.40.89.20
677,Stefan,Duran,sduranis@timesonline.co.uk,Male,80.65.178.109
678,Charley,Pyvis,cpyvisit@msn.com,Non-binary,98.218.222.211
679,Ashly,Breston,abrestoniu@live.com,Female,59.96.186.56
680,Dione,Truelock,dtruelockiv@jigsy.com,Female,93.1.141.171
681,Rosemary,Pargent,rpargentiw@bigcartel.com,Female,198.55.235.9
682,Hewitt,Carr,hcarrix@yale.edu,Genderfluid,17.126.187.67
683,Gianina,Fenby,gfenbyiy@hatena.ne.jp,Female,48.155.25.250
684,Lenora,Roper,lroperiz@cpanel.net,Female,48.95.109.75
685,Bobbie,Woodard,bwoodardj0@fda.gov,Female,161.22.89.115
686,Adamo,Nutley,anutleyj1@spotify.com,Agender,78.34.196.31
687,Haroun,Buggy,hbuggyj2@yahoo.co.jp,Male,158.42.101.107
688,Sonni,Oven,sovenj3@google.es,Female,206.100.6.114
689,Ninette,Corfield,ncorfieldj4@bbb.org,Female,146.57.101.84
690,Klarika,Marchello,kmarchelloj5@360.cn,Female,145.116.13.79
691,Antone,Hearnah,ahearnahj6@china.com.cn,Male,8.139.93.53
692,Wright,Siaskowski,wsiaskowskij7@is.gd,Male,55.225.157.168
693,Alan,Guerriero,aguerrieroj8@goo.gl,Male,25.44.9.194
694,Hazel,Hazelgrove,hhazelgrovej9@joomla.org,Polygender,107.218.179.185
695,Peadar,Wegman,pwegmanja@so-net.ne.jp,Male,220.107.124.23
696,Jamill,Daelman,jdaelmanjb@people.com.cn,Agender,44.85.86.147
697,Sal,Ernke,sernkejc@chronoengine.com,Male,89.135.198.224
698,Jillane,Sambath,jsambathjd@cam.ac.uk,Female,41.98.119.78
699,Efrem,Kowalik,ekowalikje@youku.com,Male,4.231.184.31
700,Celinda,Munnery,cmunneryjf@usa.gov,Female,102.41.239.55
701,Cal,Farfoot,cfarfootjg@angelfire.com,Female,229.223.7.0
702,Benjie,Meeson,bmeesonjh@indiatimes.com,Male,247.250.0.249
703,Ulick,Addams,uaddamsji@creativecommons.org,Male,53.79.138.28
704,Auria,Struther,astrutherjj@soundcloud.com,Female,19.66.184.28
705,Tani,Lougheid,tlougheidjk@over-blog.com,Female,59.25.125.157
706,Don,Odde,doddejl@nasa.gov,Male,89.198.56.197
707,Garik,Chartres,gchartresjm@amazon.com,Male,99.228.146.131
708,Nikola,Murrison,nmurrisonjn@hubpages.com,Male,168.225.235.235
709,Arman,Stockill,astockilljo@phoca.cz,Male,56.182.62.137
710,Jude,Marquiss,jmarquissjp@deliciousdays.com,Male,195.152.44.212
711,Juanita,Hefforde,jheffordejq@msn.com,Female,182.216.67.127
712,Dru,Gilardengo,dgilardengojr@go.com,Female,176.37.243.7
713,Neel,Garrioch,ngarriochjs@360.cn,Male,116.234.14.130
714,Jodi,Defraine,jdefrainejt@com.com,Male,49.242.46.41
715,Yancey,Skerritt,yskerrittju@bbc.co.uk,Agender,84.161.166.12
716,Valaria,McGaugan,vmcgauganjv@microsoft.com,Non-binary,31.146.27.90
717,Alli,Donaghy,adonaghyjw@wix.com,Genderqueer,69.119.160.222
718,Ewart,Dougharty,edoughartyjx@technorati.com,Male,82.190.203.78
719,Leodora,Mitcheson,lmitchesonjy@nytimes.com,Female,150.135.218.32
720,Christoffer,Deakes,cdeakesjz@example.com,Male,151.132.15.139
721,Tomasine,Smedmoor,tsmedmoork0@youtu.be,Female,234.187.122.83
722,Lev,Farron,lfarronk1@webmd.com,Male,61.95.210.59
723,Dedra,Franchyonok,dfranchyonokk2@1und1.de,Female,110.238.191.9
724,Drud,Goggin,dgoggink3@people.com.cn,Male,233.121.123.128
725,Orland,Sottell,osottellk4@google.com.au,Male,96.127.94.67
726,Binnie,Kerridge,bkerridgek5@cpanel.net,Female,100.112.25.179
727,Devora,Clemot,dclemotk6@disqus.com,Female,119.24.255.35
728,Imogen,Allone,iallonek7@paypal.com,Female,7.42.24.247
729,Dun,Alti,daltik8@jiathis.com,Male,232.35.224.3
730,Dannye,Heeney,dheeneyk9@disqus.com,Female,219.6.37.37
731,Hart,Karlsson,hkarlssonka@cbc.ca,Male,228.15.244.140
732,Jobie,Phinnis,jphinniskb@ca.gov,Female,71.26.188.50
733,Gib,McLese,gmclesekc@amazonaws.com,Male,47.15.5.52
734,Everett,Codner,ecodnerkd@yelp.com,Male,119.213.127.222
735,Kath,Polendine,kpolendineke@wix.com,Bigender,118.134.113.213
736,Jeremie,Frenchum,jfrenchumkf@dmoz.org,Male,12.95.44.86
737,Leanna,Wildbore,lwildborekg@google.es,Female,248.38.93.152
738,Laverna,Idle,lidlekh@biglobe.ne.jp,Female,204.172.187.50
739,Lonee,Elderbrant,lelderbrantki@pen.io,Female,133.146.11.34
740,Adan,Pau,apaukj@baidu.com,Male,179.145.67.152
741,Lee,Malenfant,lmalenfantkk@hao123.com,Male,15.85.62.16
742,Baillie,Snawdon,bsnawdonkl@yahoo.co.jp,Male,127.67.226.63
743,Mia,Joblin,mjoblinkm@surveymonkey.com,Female,152.216.5.124
744,Kelsey,Harrow,kharrowkn@opensource.org,Female,9.202.234.121
745,Cord,Tidder,ctidderko@apple.com,Male,242.238.140.114
746,Julian,Ellershaw,jellershawkp@ox.ac.uk,Male,204.207.135.233
747,Vachel,Soane,vsoanekq@homestead.com,Male,13.140.152.200
748,Lesley,Stuckes,lstuckeskr@google.pl,Female,176.87.234.153
749,Sidoney,Melledy,smelledyks@taobao.com,Female,248.117.244.122
750,Jeromy,Thompstone,jthompstonekt@wix.com,Male,22.242.187.126
751,Elvina,McCrann,emccrannku@shareasale.com,Agender,15.230.145.1
752,Rob,Riquet,rriquetkv@gov.uk,Male,137.16.173.114
753,Erminie,Guilleton,eguilletonkw@oaic.gov.au,Female,169.140.21.193
754,Sauncho,Poxon,spoxonkx@alexa.com,Male,15.164.171.164
755,Gaby,Ebbles,gebblesky@istockphoto.com,Female,138.151.83.192
756,Mart,Collcutt,mcollcuttkz@washington.edu,Male,5.91.185.41
757,Mara,Belli,mbellil0@about.me,Genderqueer,4.221.188.33
758,Daisi,Eggins,degginsl1@illinois.edu,Female,43.88.156.128
759,Borg,O'Neill,boneilll2@ucoz.com,Male,169.2.154.78
760,Tades,Willoughby,twilloughbyl3@cnn.com,Male,105.137.11.161
761,Napoleon,Esberger,nesbergerl4@typepad.com,Male,185.162.41.246
762,Alexis,Philson,aphilsonl5@eventbrite.com,Male,6.154.142.40
763,Jarrett,Ripping,jrippingl6@ebay.com,Male,252.222.88.212
764,Dyane,Manjin,dmanjinl7@japanpost.jp,Female,106.28.23.135
765,Arturo,Winckworth,awinckworthl8@nps.gov,Male,136.214.211.223
766,Lucy,Gypps,lgyppsl9@last.fm,Female,129.158.86.157
767,Keelia,Feasby,kfeasbyla@yahoo.co.jp,Female,0.184.128.77
768,Elizabeth,Mawer,emawerlb@businesswire.com,Female,96.196.167.245
769,Storm,Vearncomb,svearncomblc@edublogs.org,Female,13.117.128.6
770,Fianna,Standish,fstandishld@scribd.com,Female,211.227.125.32
771,Anna-diane,Brougham,abroughamle@bravesites.com,Female,145.88.110.37
772,Electra,Dougan,edouganlf@weibo.com,Female,140.201.199.255
773,Marius,Lakenton,mlakentonlg@xrea.com,Male,254.224.235.24
774,Yvon,Hillatt,yhillattlh@is.gd,Male,6.222.196.183
775,Elke,Waterson,ewatersonli@weebly.com,Female,183.100.13.178
776,Phaidra,Outibridge,poutibridgelj@census.gov,Female,71.117.211.237
777,Krystyna,Roderighi,kroderighilk@ucla.edu,Genderfluid,183.137.47.133
778,Kristoforo,Lamey,klameyll@bravesites.com,Male,177.138.82.220
779,Daniella,Tucknutt,dtucknuttlm@time.com,Female,248.67.186.126
780,Janek,Sollowaye,jsollowayeln@discovery.com,Male,56.177.198.90
781,Langston,Magenny,lmagennylo@telegraph.co.uk,Male,207.37.229.204
782,Cassius,Cohen,ccohenlp@devhub.com,Male,232.25.97.162
783,Bellina,Paxeford,bpaxefordlq@mit.edu,Female,193.165.35.186
784,Thane,Benninger,tbenningerlr@printfriendly.com,Male,121.239.153.227
785,Genvieve,Chandler,gchandlerls@a8.net,Female,194.161.215.201
786,Briney,Babbage,bbabbagelt@unicef.org,Polygender,209.154.208.31
787,Maureen,Course,mcourselu@yandex.ru,Female,255.128.78.74
788,Dehlia,Durbridge,ddurbridgelv@prweb.com,Female,109.213.4.183
789,Elden,Vanichkin,evanichkinlw@barnesandnoble.com,Male,229.88.43.135
790,Emmott,Watkins,ewatkinslx@usatoday.com,Male,92.197.4.147
791,Eloise,Cawley,ecawleyly@noaa.gov,Bigender,3.149.93.182
792,Conni,De Blasiis,cdeblasiislz@psu.edu,Female,8.58.104.36
793,Meridel,L'Hommee,mlhommeem0@diigo.com,Female,250.118.237.205
794,Rhodie,Sizey,rsizeym1@de.vu,Female,87.122.36.131
795,Locke,Teodoro,lteodorom2@cdc.gov,Male,218.108.93.194
796,Esta,Garfath,egarfathm3@bizjournals.com,Polygender,205.8.216.231
797,Vassily,Gozard,vgozardm4@youtu.be,Bigender,126.111.187.165
798,Claretta,Mathen,cmathenm5@bbb.org,Non-binary,222.54.157.149
799,Gayelord,Chilcotte,gchilcottem6@creativecommons.org,Male,140.250.183.117
800,Mitch,Avramovic,mavramovicm7@clickbank.net,Genderfluid,103.74.180.90
801,Dorree,Cockram,dcockramm8@infoseek.co.jp,Female,181.96.159.129
802,Merrill,Baglow,mbaglowm9@friendfeed.com,Female,47.79.55.212
803,Hildagard,Krammer,hkrammerma@twitter.com,Female,99.235.221.158
804,Florina,Yakovliv,fyakovlivmb@vistaprint.com,Agender,122.109.124.253
805,Rodina,Rattery,rratterymc@joomla.org,Female,87.135.114.132
806,Terrell,Segrave,tsegravemd@soundcloud.com,Male,143.182.176.160
807,Denna,Bickerdyke,dbickerdykeme@jimdo.com,Female,178.14.160.2
808,Damiano,Mathwen,dmathwenmf@1und1.de,Male,219.130.111.95
809,Torin,Grzegorzewicz,tgrzegorzewiczmg@skyrock.com,Male,241.209.153.167
810,Elsbeth,Scolli,escollimh@wired.com,Female,129.145.119.134
811,Edvard,Cannell,ecannellmi@delicious.com,Male,210.133.107.150
812,Ilyssa,Crossthwaite,icrossthwaitemj@unc.edu,Female,244.184.131.25
813,Arvin,Baal,abaalmk@whitehouse.gov,Bigender,55.99.127.3
814,Hamilton,Cosbey,hcosbeyml@histats.com,Male,196.63.244.120
815,Goraud,Flatman,gflatmanmm@baidu.com,Bigender,198.182.108.4
816,Howey,Roxbee,hroxbeemn@smh.com.au,Male,44.195.237.27
817,Massimo,Jansen,mjansenmo@parallels.com,Male,14.246.161.25
818,Rosalinda,Bausmann,rbausmannmp@dell.com,Female,166.183.240.228
819,Yasmeen,Franchi,yfranchimq@businessinsider.com,Female,60.133.165.114
820,Ashia,Goldin,agoldinmr@csmonitor.com,Female,55.123.46.134
821,Mill,McCusker,mmccuskerms@smugmug.com,Male,2.71.196.104
822,Desi,Lorain,dlorainmt@360.cn,Male,28.103.218.200
823,Lonee,Slateford,lslatefordmu@state.tx.us,Female,240.85.175.229
824,Rey,Woodson,rwoodsonmv@ftc.gov,Female,90.69.191.232
825,Herrick,Anstice,hansticemw@hostgator.com,Male,91.91.75.3
826,Antoine,Stickells,astickellsmx@goo.ne.jp,Male,95.51.86.215
827,Shani,Rabl,srablmy@moonfruit.com,Female,204.220.133.164
828,Mallorie,Galilee,mgalileemz@histats.com,Genderfluid,237.124.158.146
829,Mabel,Barenski,mbarenskin0@photobucket.com,Female,105.153.38.175
830,Martguerita,Causon,mcausonn1@businesswire.com,Non-binary,170.36.27.217
831,Caddric,Matijevic,cmatijevicn2@cornell.edu,Male,177.228.66.74
832,Vaughn,O'Feeney,vofeeneyn3@shinystat.com,Male,118.68.250.123
833,Ariel,Javes,ajavesn4@arizona.edu,Non-binary,35.19.167.44
834,Bette-ann,Loxly,bloxlyn5@issuu.com,Female,198.19.6.64
835,Alene,Wollard,awollardn6@flickr.com,Female,30.224.21.161
836,Lockwood,Oxburgh,loxburghn7@seesaa.net,Male,222.49.153.6
837,Maggi,Kilmurry,mkilmurryn8@reverbnation.com,Female,42.227.9.50
838,Bab,Penbarthy,bpenbarthyn9@ameblo.jp,Female,1.51.131.161
839,Aluino,Sandford,asandfordna@apache.org,Male,166.200.229.17
840,Philip,Abbots,pabbotsnb@gov.uk,Male,5.91.238.13
841,Adey,Toffolini,atoffolininc@wikispaces.com,Female,20.187.114.240
842,Arabelle,Gartell,agartellnd@addtoany.com,Female,133.94.169.173
843,Llywellyn,Mackney,lmackneyne@google.de,Male,143.221.15.165
844,Evangeline,Wimbury,ewimburynf@devhub.com,Female,130.187.132.124
845,Reinald,Americi,ramericing@un.org,Male,243.20.207.90
846,Alexio,Fairfull,afairfullnh@geocities.jp,Male,191.205.117.123
847,Mill,Clamp,mclampni@storify.com,Male,23.133.201.220
848,Akim,Mabson,amabsonnj@is.gd,Male,196.210.188.37
849,Otho,Traite,otraitenk@wix.com,Male,194.209.28.23
850,Tracie,Agney,tagneynl@amazon.co.jp,Male,201.158.76.105
851,Torrey,Blaiklock,tblaiklocknm@go.com,Male,94.157.152.150
852,Brockie,Woodberry,bwoodberrynn@discovery.com,Male,178.182.67.211
853,Birgitta,Pottie,bpottieno@prnewswire.com,Non-binary,241.92.233.240
854,Annis,Brotherhed,abrotherhednp@mapquest.com,Female,254.51.69.180
855,Pietra,Meadmore,pmeadmorenq@twitter.com,Female,155.145.130.132
856,Francesca,Lanham,flanhamnr@soup.io,Female,68.58.8.90
857,Jill,Oty,jotyns@sciencedaily.com,Female,54.232.122.118
858,Cecil,Kencott,ckencottnt@buzzfeed.com,Male,130.54.160.126
859,Kala,Rawsthorn,krawsthornnu@newsvine.com,Female,86.129.205.156
860,Tyson,Standing,tstandingnv@sina.com.cn,Male,133.255.17.231
861,Adara,Sedwick,asedwicknw@quantcast.com,Female,198.138.12.136
862,Brenda,Benadette,bbenadettenx@hubpages.com,Female,225.31.250.34
863,Georgia,Kinnerley,gkinnerleyny@un.org,Female,80.102.208.196
864,Marys,Maddrell,mmaddrellnz@tumblr.com,Female,206.89.73.131
865,Honoria,Spillman,hspillmano0@hao123.com,Female,36.239.117.61
866,Starlin,Whorf,swhorfo1@wunderground.com,Female,210.91.99.33
867,Cris,Blofield,cblofieldo2@dmoz.org,Female,47.198.70.178
868,Alia,Splain,asplaino3@imgur.com,Female,220.65.187.100
869,Kristian,Abdee,kabdeeo4@umich.edu,Male,183.203.12.139
870,Katerine,Feore,kfeoreo5@stanford.edu,Female,232.72.251.170
871,Vilhelmina,Gross,vgrosso6@scientificamerican.com,Female,22.122.8.190
872,Stan,Tongue,stongueo7@dot.gov,Male,16.85.32.7
873,Eliza,Shuttle,eshuttleo8@howstuffworks.com,Female,71.39.77.185
874,Cello,Euston,ceustono9@wix.com,Male,94.134.3.9
875,Bernadina,Dickings,bdickingsoa@livejournal.com,Female,185.173.172.4
876,Hans,Brenard,hbrenardob@smugmug.com,Polygender,159.23.72.244
877,Lyda,Opie,lopieoc@virginia.edu,Female,170.138.8.94
878,Silas,Vowell,svowellod@weather.com,Male,96.104.3.43
879,Lavina,Hewkin,lhewkinoe@illinois.edu,Bigender,53.176.31.160
880,Scotti,Syalvester,ssyalvesterof@1688.com,Male,36.29.185.103
881,Knox,Pero,kperoog@biblegateway.com,Male,211.86.145.243
882,Ame,Caldron,acaldronoh@cocolog-nifty.com,Female,41.30.237.187
883,Killy,Farlham,kfarlhamoi@illinois.edu,Agender,157.233.142.3
884,Karrah,Zack,kzackoj@php.net,Female,20.215.64.185
885,Joyous,Fulcher,jfulcherok@intel.com,Female,57.99.229.81
886,Dore,Ducket,dducketol@paypal.com,Male,48.156.80.0
887,Krista,Alp,kalpom@ucoz.ru,Female,78.117.177.204
888,Aeriel,Cheston,achestonon@behance.net,Female,148.202.78.92
889,Leonora,Tapner,ltapneroo@symantec.com,Female,35.0.29.113
890,Jacquelynn,Cardero,jcarderoop@sbwire.com,Female,242.140.125.170
891,Peadar,Walstow,pwalstowoq@census.gov,Agender,148.179.32.80
892,Lorianna,Clyant,lclyantor@mozilla.com,Genderfluid,72.41.46.229
893,Sibyl,Arcase,sarcaseos@photobucket.com,Female,132.236.131.129
894,Adrian,Obeney,aobeneyot@newyorker.com,Male,62.164.230.198
895,Waylin,Dubber,wdubberou@privacy.gov.au,Male,122.52.151.107
896,Nickie,Scally,nscallyov@surveymonkey.com,Male,178.57.40.168
897,Laney,Spellard,lspellardow@comsenz.com,Male,230.71.31.146
898,Ediva,Giacomasso,egiacomassoox@ihg.com,Female,174.66.209.60
899,Atlanta,Shurlock,ashurlockoy@webmd.com,Female,223.177.112.206
900,Fayina,Priddle,fpriddleoz@marriott.com,Female,66.138.250.187
901,Hortensia,Woodberry,hwoodberryp0@last.fm,Female,21.186.72.192
902,Benetta,Tiplady,btipladyp1@twitpic.com,Female,205.148.126.17
903,Christie,Fort,cfortp2@exblog.jp,Female,148.60.68.153
904,Thornie,Halliday,thallidayp3@dell.com,Male,199.22.72.32
905,Dorey,Sollner,dsollnerp4@mlb.com,Male,113.139.248.72
906,Haleigh,Ownsworth,hownsworthp5@rambler.ru,Male,252.210.236.15
907,Moses,Lampen,mlampenp6@gmpg.org,Male,136.129.219.110
908,Karlotte,Nunnerley,knunnerleyp7@free.fr,Female,117.37.162.142
909,Bidget,Hansell,bhansellp8@csmonitor.com,Genderqueer,127.169.211.191
910,Renell,Muncey,rmunceyp9@reference.com,Female,49.103.238.223
911,Zarla,Bein,zbeinpa@barnesandnoble.com,Female,90.159.13.12
912,Bertha,Boskell,bboskellpb@ow.ly,Female,75.47.140.212
913,Boote,Finch,bfinchpc@so-net.ne.jp,Male,232.77.186.125
914,Lionel,Toten,ltotenpd@technorati.com,Male,189.162.49.132
915,Gerardo,Bothie,gbothiepe@shop-pro.jp,Non-binary,56.13.118.226
916,Giselbert,Byham,gbyhampf@example.com,Male,219.68.148.97
917,Caye,Bernardoux,cbernardouxpg@mlb.com,Female,88.76.192.72
918,Mathe,Connelly,mconnellyph@zdnet.com,Male,232.167.56.78
919,Marla,Snadden,msnaddenpi@domainmarket.com,Genderqueer,1.33.152.164
920,Caspar,Stampe,cstampepj@cargocollective.com,Male,51.66.30.120
921,Nathanil,Moncrieffe,nmoncrieffepk@simplemachines.org,Male,110.213.14.229
922,Elli,Kirkam,ekirkampl@list-manage.com,Female,22.163.236.180
923,Athena,Purcer,apurcerpm@reference.com,Female,3.206.144.102
924,Ody,Ramsbottom,oramsbottompn@soundcloud.com,Male,3.43.218.45
925,Lorettalorna,McSkeagan,lmcskeaganpo@printfriendly.com,Female,197.58.146.7
926,Addie,Peasegod,apeasegodpp@studiopress.com,Agender,189.252.43.190
927,Idalia,Backhurst,ibackhurstpq@cnet.com,Female,132.225.96.122
928,Taddeusz,Tulloch,ttullochpr@nature.com,Polygender,123.187.154.19
929,Kelila,Feander,kfeanderps@state.gov,Female,85.130.220.102
930,Orion,Limprecht,olimprechtpt@archive.org,Male,195.215.65.86
931,Tan,Jeffree,tjeffreepu@sakura.ne.jp,Male,155.197.28.147
932,Orlando,Colhoun,ocolhounpv@arizona.edu,Male,104.51.45.4
933,Philippe,Lawtey,plawteypw@nbcnews.com,Female,101.239.165.239
934,Cally,Jankin,cjankinpx@google.ru,Genderfluid,234.162.163.7
935,Phyllida,Janca,pjancapy@marriott.com,Female,27.224.250.101
936,Thurstan,Liles,tlilespz@people.com.cn,Male,88.91.148.96
937,Even,Leahy,eleahyq0@tuttocitta.it,Male,169.57.52.60
938,Sofie,Ffoulkes,sffoulkesq1@issuu.com,Female,131.40.147.194
939,Sarine,Dmisek,sdmisekq2@printfriendly.com,Female,26.32.80.35
940,Patty,Cutteridge,pcutteridgeq3@dmoz.org,Male,141.191.160.117
941,Aurthur,MacConnulty,amacconnultyq4@skype.com,Male,32.119.213.241
942,Herman,Chillcot,hchillcotq5@theglobeandmail.com,Male,239.158.107.155
943,Bat,Groll,bgrollq6@delicious.com,Genderfluid,140.222.167.246
944,Belia,Cushworth,bcushworthq7@w3.org,Female,52.19.100.74
945,Roley,McLeman,rmclemanq8@joomla.org,Male,101.73.69.34
946,Glenna,Footer,gfooterq9@va.gov,Female,33.251.168.61
947,Huntington,Custy,hcustyqa@ucla.edu,Male,141.112.121.206
948,Jim,Kacheler,jkachelerqb@dedecms.com,Male,67.165.24.206
949,Brande,Hamel,bhamelqc@wufoo.com,Female,112.243.143.114
950,Betty,McCaskill,bmccaskillqd@diigo.com,Female,28.6.125.38
951,Wilona,Candwell,wcandwellqe@acquirethisname.com,Female,130.68.237.79
952,Faulkner,Merwe,fmerweqf@indiatimes.com,Male,205.219.250.94
953,Bartholomeus,McCalum,bmccalumqg@woothemes.com,Male,132.28.241.244
954,Valentin,Phinnessy,vphinnessyqh@webmd.com,Male,126.228.192.156
955,Alisun,Wiersma,awiersmaqi@naver.com,Female,220.34.30.117
956,Forrest,O'Kerin,fokerinqj@com.com,Male,120.84.97.47
957,Abner,Sheals,ashealsqk@examiner.com,Male,143.205.6.42
958,Sherwin,Meadway,smeadwayql@google.pl,Male,98.10.72.142
959,Zackariah,Cregan,zcreganqm@aboutads.info,Male,44.99.135.183
960,Serge,Antoniak,santoniakqn@wisc.edu,Male,10.213.244.40
961,Grannie,Tremmil,gtremmilqo@ocn.ne.jp,Male,1.41.225.151
962,Pacorro,Norville,pnorvilleqp@upenn.edu,Male,109.254.194.135
963,Ailbert,Love,aloveqq@fotki.com,Male,115.16.232.252
964,Lorinda,Punch,lpunchqr@ow.ly,Female,110.146.136.28
965,Aundrea,Erb,aerbqs@github.com,Female,190.81.117.105
966,Margalo,McLane,mmclaneqt@yandex.ru,Female,244.43.207.0
967,Madeleine,Vousden,mvousdenqu@answers.com,Female,198.43.187.150
968,Madelena,Shellibeer,mshellibeerqv@kickstarter.com,Female,64.172.227.53
969,Modesta,O'Harney,moharneyqw@amazon.com,Female,217.40.9.100
970,Konstantine,Lismore,klismoreqx@xing.com,Male,89.64.227.173
971,Cosmo,Messiter,cmessiterqy@yolasite.com,Male,216.43.232.219
972,Isidor,Sadat,isadatqz@yale.edu,Male,139.232.185.153
973,Heindrick,MacMechan,hmacmechanr0@guardian.co.uk,Male,183.118.222.77
974,Gill,Hagerty,ghagertyr1@storify.com,Female,192.46.79.51
975,Sidonnie,Sipson,ssipsonr2@nhs.uk,Polygender,4.93.219.62
976,Tani,Cicculini,tcicculinir3@weebly.com,Female,192.194.46.16
977,Luelle,Colquite,lcolquiter4@etsy.com,Female,76.107.115.211
978,Karyl,Van Vuuren,kvanvuurenr5@jigsy.com,Female,240.218.221.198
979,Melicent,Lester,mlesterr6@paginegialle.it,Female,187.221.114.177
980,Nikolaos,Lipprose,nlipproser7@google.it,Male,43.159.128.151
981,Lethia,Crowdy,lcrowdyr8@ox.ac.uk,Female,232.131.196.220
982,Aviva,Rains,arainsr9@amazon.com,Female,102.133.191.104
983,Zelma,Wulfinger,zwulfingerra@virginia.edu,Agender,190.5.135.243
984,Denny,Carolan,dcarolanrb@hc360.com,Female,124.192.174.99
985,Jacques,Reichelt,jreicheltrc@vistaprint.com,Male,140.80.255.169
986,Lanita,Brader,lbraderrd@ow.ly,Female,92.100.97.182
987,Gertrudis,Szwandt,gszwandtre@youku.com,Female,140.94.71.106
988,Manny,Skinley,mskinleyrf@msn.com,Male,55.163.247.95
989,Patin,Yter,pyterrg@webs.com,Male,73.125.71.251
990,Valida,Billborough,vbillboroughrh@virginia.edu,Female,244.94.155.104
991,Mordy,Cheshir,mcheshirri@jiathis.com,Male,28.172.236.119
992,Gustave,Peyntue,gpeyntuerj@php.net,Male,148.142.147.243
993,Winny,Ducker,wduckerrk@squarespace.com,Genderqueer,89.157.186.30
994,Verile,Lorand,vlorandrl@photobucket.com,Female,90.140.135.79
995,Claiborn,Sherel,csherelrm@smugmug.com,Male,11.35.209.148
996,Xerxes,Squires,xsquiresrn@dmoz.org,Male,22.223.82.61
997,Yves,Ayrton,yayrtonro@columbia.edu,Male,168.87.54.148
998,Willi,Fann,wfannrp@blogs.com,Male,212.187.123.158
999,Kelcie,Clineck,kclineckrq@flickr.com,Female,185.160.75.73
1000,Fanya,Baughan,fbaughanrr@paypal.com,Genderfluid,185.219.50.88
