id,first_name,last_name,email,gender,ip_address
1,Stafford,Caret,scaret0@smh.com.au,Male,214.79.207.155
2,Cayla,Tolputt,ctolputt1@sakura.ne.jp,Bigender,237.27.188.197
3,Lina,Skirling,lskirling2@blogspot.com,Female,177.20.208.164
4,Emiline,Wrankling,ewrankling3@devhub.com,Female,32.129.169.171
5,Aaren,Crowch,acrowch4@people.com.cn,Female,83.145.136.44
6,Dasya,Lerer,dlerer5@sun.com,Female,172.125.124.37
7,Dougie,Sushams,dsushams6@surveymonkey.com,Male,76.102.67.59
8,Marcie,Blanket,mblanket7@npr.org,Genderqueer,111.124.111.199
9,Guillermo,Angric,gangric8@dagondesign.com,Male,152.253.211.102
10,See,Gentle,sgentle9@cam.ac.uk,Polygender,116.16.23.17
11,Mendel,Maughan,mmaughana@sun.com,Male,232.252.221.175
12,Melamie,Bottomley,mbottomleyb@skyrock.com,Female,209.181.205.90
13,Odell,Blaszczyk,oblaszczykc@unesco.org,Male,230.51.212.40
14,Adelaida,Heaven,aheavend@t.co,Female,252.174.136.236
15,Bernete,Josefson,bjosefsone@census.gov,Female,171.77.21.31
16,Alberik,Squirrel,asquirrelf@independent.co.uk,Male,220.53.100.135
17,Deloria,Normington,dnormingtong@xinhuanet.com,Female,176.49.90.201
18,Dennison,Goodisson,dgoodissonh@answers.com,Male,251.223.38.95
19,Meridith,Gristock,mgristocki@webeden.co.uk,Female,240.114.181.243
20,Stephie,McIlherran,smcilherranj@prnewswire.com,Female,209.49.15.47
21,Eugine,Adamides,eadamidesk@networksolutions.com,Female,168.168.176.138
22,Wilek,Nudds,wnuddsl@bandcamp.com,Male,247.223.227.216
23,Lexie,Jurkiewicz,ljurkiewiczm@va.gov,Female,107.72.12.124
24,Julie,Manneville,jmannevillen@cbc.ca,Female,132.153.145.219
25,Wally,Dingsdale,wdingsdaleo@over-blog.com,Female,232.57.125.218
26,Fabiano,Lawrance,flawrancep@diigo.com,Male,218.93.220.22
27,Muhammad,Stoneham,mstonehamq@barnesandnoble.com,Male,189.186.159.94
28,Melamie,Enders,mendersr@lulu.com,Female,232.240.238.115
29,Arleta,Desborough,adesboroughs@ask.com,Female,189.172.206.250
30,Tailor,Tuckerman,ttuckermant@virginia.edu,Male,245.228.189.74
31,Ulrike,Surgener,usurgeneru@mozilla.com,Female,187.190.61.71
32,Tobey,Murdie,tmurdiev@posterous.com,Female,89.246.73.106
33,Astrix,Truter,atruterw@ed.gov,Genderqueer,223.26.154.98
34,Nikolia,Vickress,nvickressx@printfriendly.com,Female,181.88.107.48
35,Minnaminnie,Streatfield,mstreatfieldy@newyorker.com,Female,110.172.20.195
36,Afton,Bever,abeverz@printfriendly.com,Female,11.236.46.197
37,Morgan,Stoggles,mstoggles10@uol.com.br,Female,167.204.53.238
38,Eden,Pitson,epitson11@paypal.com,Female,114.22.61.241
39,Damien,Sebastian,dsebastian12@toplist.cz,Male,104.83.149.48
40,Rosabella,McCrachen,rmccrachen13@thetimes.co.uk,Female,18.226.77.146
41,Leland,Beseke,lbeseke14@nih.gov,Female,3.220.172.54
42,Urbanus,Menary,umenary15@dropbox.com,Male,21.192.142.200
43,Ugo,Chatband,uchatband16@google.pl,Male,156.168.135.253
44,Davey,Styan,dstyan17@shinystat.com,Male,80.190.148.164
45,Ellary,Liepina,eliepina18@mysql.com,Male,87.23.50.2
46,Hyatt,Seacroft,hseacroft19@google.com,Male,125.140.115.156
47,Ailina,Milsted,amilsted1a@arizona.edu,Female,208.0.44.12
48,Lisette,Ogg,logg1b@hhs.gov,Female,7.219.171.41
49,Niccolo,Dunford,ndunford1c@deliciousdays.com,Male,247.77.241.133
50,Rory,Bance,rbance1d@hp.com,Female,7.194.25.194
51,Winfield,Newsome,wnewsome1e@time.com,Male,10.73.96.136
52,Dennie,Stiegar,dstiegar1f@ovh.net,Male,121.250.43.185
53,Pietrek,Guion,pguion1g@dagondesign.com,Male,97.20.25.49
54,Aurora,Beckley,abeckley1h@guardian.co.uk,Female,150.24.35.194
55,Kirsti,Batthew,kbatthew1i@amazon.com,Female,21.211.21.229
56,Huberto,Dossit,hdossit1j@cocolog-nifty.com,Male,194.58.239.248
57,Shell,Waplington,swaplington1k@springer.com,Female,38.185.205.181
58,Sorcha,Corner,scorner1l@blog.com,Female,130.240.6.44
59,Irwin,Sandwich,isandwich1m@cnet.com,Male,250.252.242.112
60,Nev,Yankin,nyankin1n@oracle.com,Male,1.175.100.177
61,Marlo,O'Skehan,moskehan1o@meetup.com,Female,92.231.1.91
62,Tadeas,Sasser,tsasser1p@plala.or.jp,Male,180.183.95.129
63,Sonya,Marples,smarples1q@columbia.edu,Female,182.205.102.239
64,Gladi,Milroy,gmilroy1r@japanpost.jp,Female,140.154.183.132
65,Lilian,Obell,lobell1s@mashable.com,Genderqueer,41.51.56.140
66,Maude,Benedettini,mbenedettini1t@nyu.edu,Female,155.248.80.93
67,Archibold,MacAiline,amacailine1u@posterous.com,Male,243.109.154.142
68,Bryant,Boswell,bboswell1v@github.io,Male,43.204.201.126
69,Chaddie,Callen,ccallen1w@tripadvisor.com,Male,174.226.170.131
70,Glynda,Scholard,gscholard1x@goo.gl,Female,96.66.128.188
71,Timmi,Strasse,tstrasse1y@prnewswire.com,Female,238.53.238.103
72,Lavinie,Seeney,lseeney1z@jalbum.net,Genderqueer,17.111.169.132
73,Casey,Matijevic,cmatijevic20@51.la,Male,50.167.149.79
74,Alec,Vere,avere21@behance.net,Male,137.108.101.231
75,Kennett,Sprosson,ksprosson22@wunderground.com,Male,134.24.39.65
76,Jocelyn,Aldins,jaldins23@cnn.com,Female,114.88.66.192
77,Byron,Prover,bprover24@mail.ru,Agender,91.212.170.170
78,Annice,Fance,afance25@hao123.com,Female,91.129.7.248
79,Thibaut,Dewing,tdewing26@techcrunch.com,Polygender,242.153.37.35
80,Selby,Bowring,sbowring27@goodreads.com,Male,13.125.211.113
81,Rozella,Applebee,rapplebee28@t-online.de,Female,176.27.136.228
82,Sherie,Glover,sglover29@usnews.com,Female,213.242.180.252
83,Lauren,Nellis,lnellis2a@usgs.gov,Male,127.49.218.248
84,Alvan,Pourveer,apourveer2b@yale.edu,Male,75.209.239.229
85,Rosabella,Ricard,rricard2c@youtube.com,Female,216.168.66.57
86,Teddy,Pryer,tpryer2d@sciencedirect.com,Male,64.160.43.161
87,Briant,Martineau,bmartineau2e@hexun.com,Male,114.178.109.150
88,Emily,Olney,eolney2f@icio.us,Female,26.22.172.146
89,Krishna,Booi,kbooi2g@ifeng.com,Male,247.2.2.108
90,Dasya,Robichon,drobichon2h@nymag.com,Female,251.79.25.185
91,Aurthur,Grishelyov,agrishelyov2i@mapy.cz,Male,23.253.214.168
92,Faber,Fraanchyonok,ffraanchyonok2j@addtoany.com,Male,185.215.189.144
93,Dione,Cottell,dcottell2k@toplist.cz,Female,114.191.10.129
94,Sandie,Juckes,sjuckes2l@zimbio.com,Female,131.191.206.104
95,Errick,Bowsher,ebowsher2m@fastcompany.com,Male,110.253.217.139
96,Benjy,Signore,bsignore2n@hexun.com,Male,255.243.106.99
97,Brenna,Shelper,bshelper2o@columbia.edu,Female,237.104.125.171
98,Art,Sautter,asautter2p@cnn.com,Male,230.77.214.198
99,Kalli,Schimek,kschimek2q@barnesandnoble.com,Female,154.253.25.211
100,Marylee,Woods,mwoods2r@godaddy.com,Female,199.153.109.53
101,Berne,Arden,barden2s@flavors.me,Male,162.207.97.41
102,Kimberlee,Locker,klocker2t@nba.com,Female,75.159.24.150
103,Chelsea,Aggott,caggott2u@un.org,Female,193.106.53.204
104,Devinne,Haster,dhaster2v@prlog.org,Female,32.187.215.40
105,Rozamond,Eneas,reneas2w@goo.gl,Female,135.108.99.103
106,Jodi,Canty,jcanty2x@chron.com,Female,125.104.143.212
107,Bianka,Fragino,bfragino2y@netvibes.com,Non-binary,124.47.128.173
108,Kris,Pleat,kpleat2z@rediff.com,Male,82.188.195.94
109,Zeke,Scotney,zscotney30@vkontakte.ru,Male,76.131.120.234
110,Susannah,Bigly,sbigly31@cnet.com,Female,0.174.221.211
111,Brenda,Beaglehole,bbeaglehole32@elpais.com,Female,193.247.205.231
112,Rosabella,Lodewick,rlodewick33@macromedia.com,Female,87.38.153.174
113,Gleda,Truss,gtruss34@google.nl,Female,61.199.169.156
114,Baryram,Pechan,bpechan35@adobe.com,Male,24.156.50.63
115,Sibyl,Ough,sough36@virginia.edu,Female,28.54.155.202
116,Anatole,Scottrell,ascottrell37@xrea.com,Male,137.218.86.155
117,Ring,Cousens,rcousens38@phoca.cz,Male,214.134.246.96
118,Meggie,Lorenzetto,mlorenzetto39@amazonaws.com,Female,107.93.162.184
119,Willow,Pumfrey,wpumfrey3a@surveymonkey.com,Female,226.146.15.158
120,Luciano,Taillard,ltaillard3b@liveinternet.ru,Male,9.8.188.19
121,Nikolas,Shortan,nshortan3c@theatlantic.com,Male,235.143.72.116
122,Inessa,Lawler,ilawler3d@cbslocal.com,Female,124.10.9.186
123,Mildrid,Newcome,mnewcome3e@dailymotion.com,Female,79.208.42.203
124,Terrence,Corbyn,tcorbyn3f@lycos.com,Male,98.221.74.0
125,Bibby,Bohden,bbohden3g@desdev.cn,Agender,102.120.52.90
126,Englebert,Voce,evoce3h@deviantart.com,Male,2.187.2.181
127,Dulsea,Jonczyk,djonczyk3i@nbcnews.com,Female,104.3.157.55
128,Guilbert,Klehn,gklehn3j@cbslocal.com,Male,135.71.79.50
129,Dre,Gerkens,dgerkens3k@ox.ac.uk,Female,41.193.237.79
130,Michel,Kalker,mkalker3l@auda.org.au,Female,142.198.111.245
131,Lynnett,Macon,lmacon3m@issuu.com,Female,181.20.114.107
132,Suzann,Ainsley,sainsley3n@shareasale.com,Female,81.202.95.167
133,Delia,Mapston,dmapston3o@ifeng.com,Female,218.195.198.135
134,Janek,Errowe,jerrowe3p@springer.com,Agender,139.99.233.124
135,Hildagarde,Pratley,hpratley3q@multiply.com,Female,52.93.217.48
136,Dun,Knuckles,dknuckles3r@etsy.com,Genderfluid,147.152.220.32
137,Roslyn,Pankhurst.,rpankhurst3s@mysql.com,Female,223.40.124.207
138,Olivier,Winchurst,owinchurst3t@free.fr,Male,36.169.24.250
139,Angelica,Trighton,atrighton3u@comcast.net,Female,200.81.26.70
140,Winifield,Caltun,wcaltun3v@blogspot.com,Agender,170.68.109.109
141,Tonnie,Stroton,tstroton3w@who.int,Male,212.220.103.131
142,Fayina,Tewelson,ftewelson3x@simplemachines.org,Female,19.31.240.218
143,Sullivan,Hubert,shubert3y@eventbrite.com,Male,129.163.248.113
144,Valina,Stidson,vstidson3z@guardian.co.uk,Female,123.217.34.48
145,Field,Corssen,fcorssen40@state.gov,Male,192.102.77.52
146,Art,Bayles,abayles41@redcross.org,Male,59.179.1.204
147,Judon,Di Domenico,jdidomenico42@g.co,Male,138.132.205.160
148,Thorpe,Gothup,tgothup43@webmd.com,Male,176.83.172.107
149,Binky,Paula,bpaula44@ca.gov,Male,154.29.34.52
150,Kirbie,McCathy,kmccathy45@unc.edu,Female,169.33.208.1
151,Sarge,Zavattieri,szavattieri46@yandex.ru,Male,197.250.10.184
152,Alika,Luke,aluke47@nationalgeographic.com,Female,171.11.90.115
153,Forrester,Neesham,fneesham48@pen.io,Male,198.137.10.23
154,Oswell,Orteau,oorteau49@123-reg.co.uk,Male,186.98.146.190
155,Klemens,Bwye,kbwye4a@unc.edu,Male,22.46.16.46
156,Dmitri,Clunie,dclunie4b@usnews.com,Male,45.220.240.144
157,Una,Scathard,uscathard4c@github.com,Female,25.116.195.77
158,Krishnah,Giacaponi,kgiacaponi4d@japanpost.jp,Male,167.109.93.139
159,Harriott,MacCaughan,hmaccaughan4e@goodreads.com,Female,141.124.174.171
160,Willie,Farnall,wfarnall4f@washingtonpost.com,Female,156.118.236.87
161,Kerr,Poad,kpoad4g@mozilla.com,Male,255.187.223.36
162,Garrett,Bonder,gbonder4h@eventbrite.com,Male,240.6.15.202
163,Reinaldos,McMillian,rmcmillian4i@zdnet.com,Male,30.151.176.228
164,Frans,Van Leeuwen,fvanleeuwen4j@ucoz.ru,Male,76.84.215.117
165,Hastings,Pether,hpether4k@1und1.de,Male,34.11.201.207
166,Antonella,Orgee,aorgee4l@msn.com,Female,193.131.28.88
167,Ronald,Keeting,rkeeting4m@wisc.edu,Male,155.130.161.234
168,Iggy,Concannon,iconcannon4n@hc360.com,Male,71.21.77.66
169,Jerrold,Fortie,jfortie4o@ox.ac.uk,Male,161.29.56.41
170,Vidovik,Kernock,vkernock4p@usnews.com,Male,219.119.168.235
171,Quillan,Sponton,qsponton4q@drupal.org,Male,33.38.227.231
172,Brewer,Winks,bwinks4r@ucoz.ru,Male,56.232.180.206
173,Carlin,Surmeyer,csurmeyer4s@xing.com,Female,99.159.112.114
174,Linnell,Millis,lmillis4t@google.co.uk,Polygender,51.250.111.66
175,Terrye,Kenvin,tkenvin4u@ibm.com,Female,7.158.34.15
176,Graig,Scully,gscully4v@nymag.com,Male,65.32.241.10
177,Klaus,Kornilyev,kkornilyev4w@wikipedia.org,Male,91.40.133.129
178,Lanie,Dyne,ldyne4x@ebay.com,Female,145.40.104.243
179,Babette,Hryncewicz,bhryncewicz4y@fotki.com,Female,112.12.236.189
180,Jeanie,Gronav,jgronav4z@oracle.com,Female,132.134.233.33
181,Junie,Inett,jinett50@geocities.com,Female,5.139.126.129
182,Daffi,Hutchcraft,dhutchcraft51@sitemeter.com,Female,30.151.130.157
183,Cristal,Wellfare,cwellfare52@is.gd,Female,249.69.60.175
184,Ricky,Borres,rborres53@tuttocitta.it,Male,1.178.228.26
185,Wash,Skillanders,wskillanders54@histats.com,Male,55.105.235.212
186,Jo-anne,Bonelle,jbonelle55@cpanel.net,Female,4.46.43.236
187,Fiona,Pentin,fpentin56@jalbum.net,Female,106.177.136.158
188,Kimmie,Nuemann,knuemann57@lycos.com,Female,118.25.155.13
189,Ivette,MacShirrie,imacshirrie58@altervista.org,Female,103.125.208.27
190,Emmalynne,Barnfield,ebarnfield59@sciencedirect.com,Female,177.237.35.235
191,Giacopo,Isard,gisard5a@51.la,Male,126.82.82.15
192,Brew,Cromar,bcromar5b@com.com,Male,70.41.147.113
193,Alvina,Iskowicz,aiskowicz5c@mlb.com,Female,50.154.242.20
194,Mal,Brandsen,mbrandsen5d@theatlantic.com,Male,230.208.236.157
195,Franchot,Arckoll,farckoll5e@yandex.ru,Male,108.214.196.160
196,Rollo,Jirusek,rjirusek5f@tuttocitta.it,Male,77.49.13.54
197,Giles,Arney,garney5g@google.com,Male,214.117.156.169
198,Celestine,Guilleton,cguilleton5h@last.fm,Female,27.223.79.119
199,Wrennie,Labba,wlabba5i@princeton.edu,Female,153.121.51.219
200,Ellissa,Arnely,earnely5j@vkontakte.ru,Female,24.62.64.67
201,Shanan,Kas,skas5k@harvard.edu,Male,86.241.242.127
202,Fancy,Covey,fcovey5l@issuu.com,Female,255.245.190.43
203,Fae,Eisikovitsh,feisikovitsh5m@sina.com.cn,Female,129.135.199.157
204,Michell,Spowart,mspowart5n@cbsnews.com,Female,59.60.225.162
205,Edvard,Mc Caughan,emccaughan5o@altervista.org,Male,218.12.13.166
206,Rycca,Margetson,rmargetson5p@vistaprint.com,Female,66.216.74.98
207,Kristopher,Burchill,kburchill5q@ucla.edu,Male,42.48.84.110
208,Putnem,Walford,pwalford5r@sun.com,Agender,41.70.12.167
209,Wilbur,O'Duane,woduane5s@fastcompany.com,Male,61.73.141.104
210,Zeke,Stonner,zstonner5t@cisco.com,Male,103.252.243.192
211,Loren,Boniface,lboniface5u@pbs.org,Male,58.0.208.30
212,Baird,Lascelles,blascelles5v@fda.gov,Male,99.52.229.158
213,Berk,Piffe,bpiffe5w@naver.com,Male,83.220.181.184
214,Sarge,Storer,sstorer5x@com.com,Male,191.208.225.63
215,Christophe,Boddie,cboddie5y@miibeian.gov.cn,Agender,94.51.107.70
216,Kevyn,Reboul,kreboul5z@goodreads.com,Female,156.71.200.153
217,Camel,Scadding,cscadding60@arizona.edu,Female,203.224.64.75
218,Almeria,Wey,awey61@hexun.com,Female,181.202.39.8
219,Starlene,Jealous,sjealous62@engadget.com,Female,43.178.162.208
220,Onfre,Loughrey,oloughrey63@cpanel.net,Male,159.203.243.2
221,Natalie,Boness,nboness64@deliciousdays.com,Female,126.55.77.94
222,Roanne,Braune,rbraune65@accuweather.com,Female,200.93.253.78
223,Alvis,Redfern,aredfern66@addtoany.com,Male,106.103.88.0
224,Annmaria,Skitral,askitral67@stumbleupon.com,Female,46.30.181.139
225,Gwenni,Bethune,gbethune68@vimeo.com,Female,134.142.150.128
226,Brandtr,Pentycross,bpentycross69@amazon.de,Male,17.94.40.92
227,Beverlie,Downer,bdowner6a@illinois.edu,Female,40.77.189.180
228,Ailina,Balsellie,abalsellie6b@deliciousdays.com,Female,85.63.116.50
229,Rowney,Kalvin,rkalvin6c@ebay.co.uk,Male,57.71.120.230
230,Wes,Wabb,wwabb6d@ning.com,Male,200.25.221.65
231,Teodora,Fronsek,tfronsek6e@forbes.com,Female,198.49.149.190
232,Liva,Dibson,ldibson6f@irs.gov,Female,172.11.48.180
233,Ev,Dannett,edannett6g@wisc.edu,Polygender,134.61.134.90
234,Elberta,Luetchford,eluetchford6h@pinterest.com,Female,179.215.1.141
235,Rheta,Jakeman,rjakeman6i@over-blog.com,Female,194.165.102.238
236,Devlin,Blackburne,dblackburne6j@ucoz.ru,Male,19.111.157.143
237,Andre,Lowndsborough,alowndsborough6k@ftc.gov,Male,116.238.243.103
238,Cora,Blaise,cblaise6l@nationalgeographic.com,Female,63.220.227.155
239,Benjamin,Hartburn,bhartburn6m@mlb.com,Male,138.33.12.210
240,Bethany,Woolerton,bwoolerton6n@moonfruit.com,Genderqueer,41.29.78.123
241,Melodee,Shepley,mshepley6o@addthis.com,Female,174.68.105.135
242,Peggy,Gunstone,pgunstone6p@goo.ne.jp,Female,108.44.65.153
243,Rafaelia,Looney,rlooney6q@wiley.com,Female,192.222.190.194
244,Leif,Weldrick,lweldrick6r@nsw.gov.au,Male,148.247.133.35
245,Janene,Pollins,jpollins6s@vimeo.com,Female,235.127.224.18
246,Giavani,Willsmore,gwillsmore6t@upenn.edu,Polygender,255.178.255.146
247,Carie,Eve,ceve6u@cornell.edu,Female,191.113.228.248
248,Sheena,Seilmann,sseilmann6v@ask.com,Female,238.189.88.246
249,Dermot,Aingel,daingel6w@dmoz.org,Male,164.94.15.60
250,Corina,Martynka,cmartynka6x@youtu.be,Female,10.125.109.206
251,Pietrek,Terrell,pterrell6y@java.com,Male,18.233.171.74
252,Jacintha,Edgeon,jedgeon6z@yolasite.com,Female,75.55.42.199
253,Blakeley,Kenforth,bkenforth70@nsw.gov.au,Female,46.145.179.126
254,Benji,Dearle-Palser,bdearlepalser71@posterous.com,Male,164.11.62.200
255,Rosabelle,Bennough,rbennough72@biblegateway.com,Female,56.194.95.114
256,Jacinta,Johnsee,jjohnsee73@elpais.com,Female,134.63.255.104
257,Willem,Bentinck,wbentinck74@arizona.edu,Male,38.170.213.84
258,Lee,Kording,lkording75@tumblr.com,Male,245.139.39.26
259,Gene,Palmer,gpalmer76@wisc.edu,Male,102.241.176.109
260,Borden,Bohlmann,bbohlmann77@tmall.com,Male,105.175.76.253
261,Terence,Bastow,tbastow78@squarespace.com,Male,254.222.140.155
262,Budd,Handrok,bhandrok79@free.fr,Male,128.221.196.27
263,Kasper,Baiden,kbaiden7a@tripadvisor.com,Male,198.148.137.94
264,Zackariah,Busfield,zbusfield7b@aol.com,Male,23.114.83.235
265,Celeste,Davidofski,cdavidofski7c@indiatimes.com,Female,51.18.219.128
266,Garfield,Twiname,gtwiname7d@elpais.com,Male,252.197.147.163
267,Tracey,Corder,tcorder7e@google.com,Male,76.80.186.246
268,Justin,Vigars,jvigars7f@stanford.edu,Male,214.240.65.30
269,Maxie,Nineham,mnineham7g@comsenz.com,Female,68.123.222.245
270,Rufe,Daffern,rdaffern7h@arizona.edu,Male,169.190.144.161
271,Earle,Goodbar,egoodbar7i@umich.edu,Male,59.235.205.24
272,Angelle,Fryd,afryd7j@nifty.com,Genderqueer,143.147.13.170
273,Obed,Buggs,obuggs7k@disqus.com,Male,135.64.36.119
274,Way,Beldham,wbeldham7l@amazonaws.com,Male,77.188.1.98
275,Jeffie,McDavitt,jmcdavitt7m@oracle.com,Male,6.88.152.67
276,Kilian,Schoenrock,kschoenrock7n@businesswire.com,Male,100.151.27.209
277,Heath,Peasnone,hpeasnone7o@intel.com,Male,43.229.65.207
278,Amalle,Danhel,adanhel7p@hatena.ne.jp,Female,231.60.134.116
279,Matthias,Witty,mwitty7q@ucoz.ru,Male,146.68.166.235
280,Vincenty,Bennike,vbennike7r@mail.ru,Male,78.212.44.2
281,Anderea,Gairdner,agairdner7s@noaa.gov,Female,60.246.100.193
282,Hodge,Chumley,hchumley7t@bluehost.com,Male,94.134.191.234
283,Reeta,Yellowlee,ryellowlee7u@netlog.com,Female,159.130.134.11
284,Moyra,Descroix,mdescroix7v@china.com.cn,Female,145.52.115.176
285,Georgi,Binion,gbinion7w@dailymail.co.uk,Male,120.163.14.172
286,Mikkel,Micheu,mmicheu7x@pinterest.com,Male,108.203.86.20
287,Kennie,Jenken,kjenken7y@pen.io,Male,234.190.117.224
288,Sven,Stapels,sstapels7z@hatena.ne.jp,Male,210.60.208.203
289,Meade,Seneschal,mseneschal80@admin.ch,Male,169.132.79.238
290,Calida,Raund,craund81@phpbb.com,Female,77.98.43.107
291,Ellwood,Uphill,euphill82@techcrunch.com,Male,29.62.19.193
292,Lorrayne,Ockland,lockland83@answers.com,Female,30.67.226.179
293,Zacherie,Galle,zgalle84@goodreads.com,Male,136.32.158.85
294,Debee,Cleave,dcleave85@wired.com,Female,70.53.200.89
295,Sheffield,Basek,sbasek86@bluehost.com,Male,50.36.207.227
296,Rickie,Templman,rtemplman87@devhub.com,Female,232.191.52.123
297,Ashlie,Twiddle,atwiddle88@nyu.edu,Female,198.10.222.180
298,Leo,Leavey,lleavey89@businesswire.com,Male,15.38.70.111
299,Quinta,Noraway,qnoraway8a@hexun.com,Female,85.158.39.213
300,Farleigh,Alessandrelli,falessandrelli8b@accuweather.com,Male,76.29.164.233
301,Dacy,Waszczykowski,dwaszczykowski8c@pagesperso-orange.fr,Female,92.156.64.176
302,Eberhard,Jindrak,ejindrak8d@shop-pro.jp,Male,176.190.30.62
303,Rog,A'field,rafield8e@redcross.org,Male,136.84.177.117
304,Yvette,Duffin,yduffin8f@wisc.edu,Female,221.4.124.23
305,Nannie,Rolfo,nrolfo8g@berkeley.edu,Female,209.86.165.105
306,Frants,Whittier,fwhittier8h@princeton.edu,Genderqueer,28.76.177.213
307,Angel,Nicholas,anicholas8i@google.nl,Female,24.175.28.196
308,Shari,Kesby,skesby8j@nature.com,Female,209.159.10.21
309,Zonda,Barrell,zbarrell8k@friendfeed.com,Female,29.37.223.69
310,Kristan,Calam,kcalam8l@google.pl,Female,162.146.41.158
311,Allayne,Skittle,askittle8m@wiley.com,Male,184.182.233.52
312,Mohandis,Sperry,msperry8n@domainmarket.com,Male,65.81.135.26
313,Raven,Channing,rchanning8o@mapy.cz,Female,210.111.184.20
314,Gill,Mooring,gmooring8p@exblog.jp,Female,63.46.168.236
315,Guillema,Tonn,gtonn8q@symantec.com,Female,156.202.188.197
316,Doroteya,Boriston,dboriston8r@earthlink.net,Female,46.96.183.72
317,Tod,Wallace,twallace8s@cbc.ca,Male,106.241.116.53
318,Gorden,Milburn,gmilburn8t@livejournal.com,Male,213.73.156.174
319,Leta,Coucher,lcoucher8u@symantec.com,Female,24.87.187.189
320,Frankie,de Banke,fdebanke8v@patch.com,Female,93.178.76.72
321,Karena,Lambole,klambole8w@last.fm,Polygender,182.13.43.85
322,Evangeline,Dealtry,edealtry8x@state.gov,Female,39.152.132.147
323,Donaugh,Atack,datack8y@nasa.gov,Male,170.65.171.107
324,Devin,Ticic,dticic8z@thetimes.co.uk,Female,91.27.133.102
325,Marchelle,Joron,mjoron90@trellian.com,Female,160.176.238.61
326,Fleurette,Fearfull,ffearfull91@qq.com,Female,155.11.90.125
327,Gilberta,Killgus,gkillgus92@yellowpages.com,Female,76.142.17.114
328,Melantha,Buist,mbuist93@usatoday.com,Female,27.215.188.200
329,Jerrine,Rofe,jrofe94@imgur.com,Female,85.75.92.244
330,Bald,Tybalt,btybalt95@pen.io,Male,17.198.248.171
331,Hoebart,Antony,hantony96@woothemes.com,Non-binary,10.126.186.163
332,Everett,Fullerd,efullerd97@networksolutions.com,Male,79.227.231.14
333,Rona,Attac,rattac98@dropbox.com,Female,105.147.43.0
334,Osborn,Beningfield,obeningfield99@guardian.co.uk,Male,244.207.196.79
335,Jard,Hune,jhune9a@virginia.edu,Male,156.107.215.80
336,Lilla,Grzelczak,lgrzelczak9b@nbcnews.com,Female,184.190.218.73
337,Annette,Playdon,aplaydon9c@typepad.com,Female,96.0.110.61
338,Aveline,Hing,ahing9d@hibu.com,Female,14.239.12.122
339,Armin,Colquit,acolquit9e@drupal.org,Male,144.186.214.32
340,Brice,Pull,bpull9f@woothemes.com,Male,87.222.124.33
341,Isa,Purkis,ipurkis9g@economist.com,Male,63.144.123.13
342,Kit,Folomin,kfolomin9h@unicef.org,Male,69.64.177.16
343,Tina,Krzyzaniak,tkrzyzaniak9i@apple.com,Female,153.46.107.200
344,Rosabella,Dyer,rdyer9j@hostgator.com,Female,219.103.209.95
345,Lind,Phant,lphant9k@wikia.com,Female,137.230.84.16
346,Addia,Nyssen,anyssen9l@prnewswire.com,Female,92.41.166.68
347,Freddy,Spelwood,fspelwood9m@state.tx.us,Male,82.213.37.227
348,Simeon,Scade,sscade9n@umich.edu,Male,77.0.110.152
349,Benton,McEneny,bmceneny9o@blogs.com,Male,233.239.216.176
350,Todd,Dews,tdews9p@hibu.com,Male,9.24.88.5
351,Marty,Gilfillan,mgilfillan9q@ft.com,Male,238.235.151.95
352,Jasmina,Huegett,jhuegett9r@nymag.com,Female,45.253.86.96
353,Norma,Whimp,nwhimp9s@opera.com,Female,206.19.190.152
354,Collie,Tireman,ctireman9t@mail.ru,Female,53.244.14.192
355,Staford,Walburn,swalburn9u@prlog.org,Male,169.97.240.26
356,Lindsey,Eim,leim9v@yellowbook.com,Male,252.188.212.62
357,Corey,Yukhtin,cyukhtin9w@baidu.com,Female,46.184.162.54
358,Maddy,Emtage,memtage9x@printfriendly.com,Male,22.82.129.187
359,Juliann,Schukert,jschukert9y@bravesites.com,Female,146.92.114.124
360,Alena,Lapenna,alapenna9z@devhub.com,Female,64.67.132.191
361,Jaime,Tie,jtiea0@seattletimes.com,Male,22.140.141.0
362,Murray,Beddow,mbeddowa1@phpbb.com,Male,223.135.116.199
363,Nikolaus,Godwin,ngodwina2@newyorker.com,Male,154.111.227.15
364,Buckie,Beesley,bbeesleya3@blogger.com,Male,21.15.109.74
365,Zachery,Dominey,zdomineya4@pbs.org,Male,56.241.40.140
366,Melita,Brugh,mbrugha5@ezinearticles.com,Female,224.85.106.44
367,Buckie,Rainsbury,brainsburya6@salon.com,Male,243.95.101.58
368,Lauren,Ledingham,lledinghama7@msn.com,Male,72.253.51.159
369,Neddie,Strafen,nstrafena8@qq.com,Male,205.81.171.62
370,Zedekiah,Gatiss,zgatissa9@devhub.com,Male,85.253.199.150
371,Muffin,Aspden,maspdenaa@4shared.com,Female,244.22.21.186
372,Stevy,Sawbridge,ssawbridgeab@ftc.gov,Male,242.92.146.184
373,Brittney,How to preserve,bhowtopreserveac@wisc.edu,Polygender,216.101.159.100
374,Vere,Risley,vrisleyad@cbslocal.com,Female,76.83.58.78
375,Courtnay,Groome,cgroomeae@virginia.edu,Male,195.82.151.155
376,Rosanna,Hayward,rhaywardaf@weibo.com,Female,247.240.82.59
377,Kevon,Fillan,kfillanag@ucoz.com,Male,203.55.85.158
378,Theo,Novakovic,tnovakovicah@virginia.edu,Male,5.233.253.234
379,Dulcea,Bilney,dbilneyai@epa.gov,Female,225.2.160.55
380,Merry,Yellop,myellopaj@amazon.com,Bigender,219.36.106.21
381,Berrie,Albasini,balbasiniak@newsvine.com,Female,101.221.81.37
382,Sharon,Van den Hof,svandenhofal@theguardian.com,Female,35.5.128.187
383,Eve,Jedrasik,ejedrasikam@squarespace.com,Female,154.234.117.253
384,Pattie,Mully,pmullyan@google.co.uk,Male,92.134.223.60
385,Nettie,Dall,ndallao@sfgate.com,Female,145.222.232.41
386,Livy,Henke,lhenkeap@ifeng.com,Female,75.112.89.251
387,Jan,Yarham,jyarhamaq@google.com.au,Female,197.159.50.6
388,Donall,Josskovitz,djosskovitzar@elegantthemes.com,Agender,248.249.135.128
389,Bartram,Melbury,bmelburyas@census.gov,Genderfluid,51.122.11.6
390,Kariotta,Barneveld,kbarneveldat@bandcamp.com,Genderfluid,79.254.229.160
391,Gaby,Castleman,gcastlemanau@disqus.com,Female,197.5.49.209
392,Deonne,O' Bee,dobeeav@tripod.com,Female,88.185.213.7
393,Perle,Guess,pguessaw@who.int,Female,53.40.7.192
394,Lucille,Castanares,lcastanaresax@elpais.com,Female,107.44.87.229
395,Skelly,Limbert,slimbertay@java.com,Male,18.73.156.156
396,Loydie,Finders,lfindersaz@hubpages.com,Male,125.235.130.34
397,Elfrida,Mion,emionb0@wix.com,Female,128.120.115.65
398,Derick,Ernshaw,dernshawb1@nature.com,Male,215.95.226.150
399,Cris,Salan,csalanb2@techcrunch.com,Male,38.31.193.39
400,Anett,Kynman,akynmanb3@jalbum.net,Female,185.205.100.221
401,Margette,Beausang,mbeausangb4@ask.com,Female,40.87.25.147
402,Romain,De Bischop,rdebischopb5@wp.com,Male,98.145.69.168
403,Kendra,Wyche,kwycheb6@list-manage.com,Female,167.16.94.164
404,Marja,McNicol,mmcnicolb7@cnbc.com,Female,225.225.37.17
405,Marwin,Van Merwe,mvanmerweb8@xing.com,Male,222.164.195.187
406,Etan,Castanos,ecastanosb9@nih.gov,Male,103.222.22.139
407,Nels,Bringloe,nbringloeba@pen.io,Male,236.37.136.218
408,Shelagh,Aujean,saujeanbb@tuttocitta.it,Female,100.123.54.99
409,Sharyl,Merrin,smerrinbc@umich.edu,Female,13.46.139.142
410,Eilis,Holliar,eholliarbd@wikia.com,Agender,161.67.28.91
411,Earlie,Vila,evilabe@java.com,Male,21.7.173.207
412,Valery,Dohr,vdohrbf@washington.edu,Genderfluid,91.138.100.0
413,Kenny,Derle,kderlebg@si.edu,Genderqueer,152.42.183.152
414,Ignacio,Saurin,isaurinbh@smugmug.com,Male,210.28.71.100
415,Burr,Fennick,bfennickbi@cyberchimps.com,Male,83.198.139.209
416,Ashley,Jelfs,ajelfsbj@nasa.gov,Male,66.101.105.192
417,Essy,Berthod,eberthodbk@hugedomains.com,Female,0.91.250.121
418,Veronike,Chaney,vchaneybl@xrea.com,Female,55.174.86.47
419,Rebbecca,Foucard,rfoucardbm@stanford.edu,Female,238.39.239.63
420,Reynold,McGurk,rmcgurkbn@blogspot.com,Male,53.162.200.155
421,Caldwell,Booker,cbookerbo@google.fr,Male,79.175.183.151
422,Tobe,Gepson,tgepsonbp@canalblog.com,Male,19.43.21.163
423,Noel,Probbin,nprobbinbq@ameblo.jp,Female,231.63.130.219
424,Gordie,Cheke,gchekebr@craigslist.org,Male,16.127.100.33
425,Ronny,Grinnell,rgrinnellbs@illinois.edu,Non-binary,33.12.79.167
426,Evelina,Grinov,egrinovbt@dailymail.co.uk,Female,255.20.157.159
427,Allissa,O'Regan,aoreganbu@devhub.com,Female,77.75.153.97
428,Francklin,Jessett,fjessettbv@rakuten.co.jp,Male,219.14.182.228
429,Elva,Ivanisov,eivanisovbw@soup.io,Female,100.233.132.125
430,Antoinette,Lighton,alightonbx@simplemachines.org,Female,161.186.194.172
431,Lynnett,Dacombe,ldacombeby@pinterest.com,Female,118.90.75.129
432,Kalle,Nials,knialsbz@gov.uk,Male,2.32.143.185
433,Skipp,Bowman,sbowmanc0@shutterfly.com,Male,181.49.203.213
434,Barrie,Buncombe,bbuncombec1@china.com.cn,Male,253.37.200.124
435,Kaiser,Vevers,kveversc2@printfriendly.com,Male,228.23.22.157
436,Elayne,Raine,erainec3@blogspot.com,Female,28.150.148.178
437,Camille,Fieldgate,cfieldgatec4@sbwire.com,Female,80.175.204.76
438,Merilyn,Evequot,mevequotc5@mapquest.com,Female,155.148.123.245
439,Harman,Bletsoe,hbletsoec6@vk.com,Male,116.81.227.223
440,Elroy,MacVanamy,emacvanamyc7@bloomberg.com,Male,131.112.58.233
441,Koral,Matusevich,kmatusevichc8@canalblog.com,Female,93.41.156.206
442,Cordelie,Fortman,cfortmanc9@exblog.jp,Female,209.237.122.192
443,Pip,Knell,pknellca@bizjournals.com,Male,164.13.5.19
444,Nancey,Jickles,njicklescb@parallels.com,Female,2.134.197.214
445,Elvin,Pimlott,epimlottcc@tinyurl.com,Male,67.198.173.190
446,Renault,Smalley,rsmalleycd@elegantthemes.com,Male,179.41.240.216
447,Ingrim,Dacre,idacrece@businessinsider.com,Male,206.98.30.65
448,Serge,Hein,sheincf@nature.com,Male,68.6.198.152
449,Arlie,Connor,aconnorcg@gmpg.org,Female,235.183.255.236
450,Micheline,Vassel,mvasselch@oakley.com,Agender,178.97.68.20
451,Nels,Cavilla,ncavillaci@bizjournals.com,Male,59.228.4.90
452,Angelique,Whitely,awhitelycj@msn.com,Female,164.121.190.184
453,Abran,Whitwam,awhitwamck@dagondesign.com,Male,51.93.90.160
454,Jasen,Botten,jbottencl@businesswire.com,Genderfluid,243.82.131.2
455,Truman,Seden,tsedencm@house.gov,Male,36.76.168.135
456,Hubert,Arnau,harnaucn@unblog.fr,Male,250.249.92.49
457,Pansie,Penley,ppenleyco@xinhuanet.com,Female,181.193.116.124
458,Ban,Hartgill,bhartgillcp@spiegel.de,Male,13.50.205.215
459,Giustina,Gerdts,ggerdtscq@goodreads.com,Female,217.169.16.187
460,Heriberto,Abate,habatecr@bloglines.com,Male,127.112.23.33
461,Gustave,Peiser,gpeisercs@state.gov,Male,229.145.219.101
462,Oliver,Baynham,obaynhamct@forbes.com,Male,8.228.144.101
463,Sophie,Ferrer,sferrercu@sohu.com,Female,84.91.60.197
464,Verine,Isaak,visaakcv@fema.gov,Female,108.204.249.164
465,Berkie,Pawels,bpawelscw@weebly.com,Male,223.86.205.20
466,Lorna,Mostin,lmostincx@npr.org,Female,191.82.244.247
467,Delora,Dignam,ddignamcy@comsenz.com,Female,127.129.135.89
468,Marlow,Cavnor,mcavnorcz@51.la,Male,147.122.196.54
469,Eran,Yoxen,eyoxend0@cyberchimps.com,Female,18.165.61.198
470,Emanuel,Shouler,eshoulerd1@abc.net.au,Non-binary,225.224.69.249
471,Erny,Cashmore,ecashmored2@reverbnation.com,Agender,129.31.211.11
472,Saloma,McQuillan,smcquilland3@paginegialle.it,Female,153.46.125.252
473,Burch,Redan,bredand4@constantcontact.com,Male,99.193.149.125
474,Conny,Hadlow,chadlowd5@example.com,Male,40.106.194.12
475,Buiron,Hullin,bhullind6@nih.gov,Male,186.168.67.237
476,Page,Nardi,pnardid7@squidoo.com,Male,44.189.221.215
477,Ruthy,Wordington,rwordingtond8@yellowbook.com,Agender,202.45.28.42
478,Juliane,Redwall,jredwalld9@ebay.com,Female,82.36.212.1
479,Eddy,Anselm,eanselmda@kickstarter.com,Male,165.216.68.253
480,Sisile,Tunno,stunnodb@tiny.cc,Female,229.255.196.184
481,Cale,Romer,cromerdc@ask.com,Male,18.32.237.48
482,Duffie,Dunk,ddunkdd@cisco.com,Male,185.201.31.63
483,Kariotta,Cotter,kcotterde@paginegialle.it,Genderfluid,84.61.200.91
484,Blanca,Bettley,bbettleydf@dagondesign.com,Female,123.129.87.18
485,Helge,Cowthart,hcowthartdg@nationalgeographic.com,Female,184.165.135.50
486,Cleon,Carncross,ccarncrossdh@engadget.com,Male,0.210.11.101
487,Elyssa,Behrens,ebehrensdi@freewebs.com,Female,4.88.21.31
488,Rafaela,Saunder,rsaunderdj@state.tx.us,Bigender,69.203.0.250
489,Natalee,Thorn,nthorndk@paypal.com,Female,169.196.150.198
490,Philly,Pavlik,ppavlikdl@shareasale.com,Female,40.96.121.205
491,Vivianna,Stille,vstilledm@tumblr.com,Female,170.228.174.153
492,Turner,Piwall,tpiwalldn@google.de,Male,216.193.230.204
493,Killie,Heinzler,kheinzlerdo@indiatimes.com,Male,134.252.111.12
494,Aharon,Fevier,afevierdp@hubpages.com,Male,218.50.84.236
495,Ike,Grigorkin,igrigorkindq@flavors.me,Male,9.204.223.92
496,Garrard,Reubens,greubensdr@dot.gov,Male,242.193.90.81
497,Felice,Pilfold,fpilfoldds@imgur.com,Male,176.168.119.81
498,Linda,Lampett,llampettdt@jalbum.net,Female,78.96.45.111
499,Zachery,Masic,zmasicdu@godaddy.com,Male,197.161.31.170
500,Valentin,Karet,vkaretdv@ebay.co.uk,Male,107.76.178.167
501,Lonny,Perford,lperforddw@e-recht24.de,Male,162.13.9.61
502,Erroll,Zollner,ezollnerdx@hc360.com,Male,208.17.241.148
503,Arlena,Robillard,arobillarddy@cmu.edu,Female,183.74.72.103
504,Gertrude,Pitchford,gpitchforddz@techcrunch.com,Female,107.185.196.116
505,Helsa,Eye,heyee0@upenn.edu,Female,11.49.42.190
506,Gaultiero,Courtin,gcourtine1@shutterfly.com,Male,120.58.23.72
507,Francklyn,MacNally,fmacnallye2@360.cn,Male,226.215.48.102
508,Myrah,Roderham,mroderhame3@mlb.com,Female,102.207.107.207
509,Kaile,Peirone,kpeironee4@shutterfly.com,Female,84.212.253.51
510,Sherlocke,Pierucci,spieruccie5@aboutads.info,Genderqueer,174.243.239.43
511,Ricoriki,Loche,rlochee6@hugedomains.com,Male,30.117.127.184
512,Agnola,Cradick,acradicke7@imageshack.us,Female,124.46.228.13
513,Fredra,Sarjeant,fsarjeante8@earthlink.net,Female,98.182.166.40
514,Jeddy,Thebes,jthebese9@alibaba.com,Genderfluid,111.25.213.99
515,Alanna,Crowder,acrowderea@indiatimes.com,Female,246.43.143.133
516,Christophorus,Halgarth,chalgartheb@gov.uk,Male,88.228.110.82
517,Desmund,Petts,dpettsec@etsy.com,Male,171.137.236.19
518,Craggie,Thresher,cthreshered@about.me,Male,130.93.247.39
519,Jerrome,Osboldstone,josboldstoneee@csmonitor.com,Male,99.174.219.154
520,Nanon,Curnock,ncurnockef@samsung.com,Female,246.33.40.131
521,Anabella,Dunkerly,adunkerlyeg@ebay.co.uk,Female,128.101.100.151
522,Andreas,Shillabear,ashillabeareh@lulu.com,Male,6.185.114.95
523,Daren,Arnaudon,darnaudonei@stumbleupon.com,Male,99.180.203.229
524,Penny,Cudde,pcuddeej@barnesandnoble.com,Male,159.87.161.221
525,Cristina,Reaney,creaneyek@privacy.gov.au,Female,136.186.150.178
526,Wittie,Praundlin,wpraundlinel@whitehouse.gov,Male,151.61.120.158
527,Adolphus,Storry,astorryem@independent.co.uk,Genderfluid,67.199.136.91
528,Danella,Carding,dcardingen@army.mil,Female,158.158.164.152
529,Elbertina,de Pinna,edepinnaeo@devhub.com,Female,254.32.69.255
530,Wallache,Janicijevic,wjanicijevicep@live.com,Male,32.78.85.75
531,Cort,Fanstone,cfanstoneeq@gravatar.com,Male,140.224.246.185
532,Osbourn,Hayball,ohayballer@si.edu,Male,11.121.252.122
533,Nettie,Haire,nhairees@geocities.jp,Female,227.230.76.156
534,Benni,Denford,bdenfordet@eepurl.com,Female,19.178.49.49
535,Port,Guice,pguiceeu@bloglines.com,Male,169.2.79.165
536,Agosto,Dreher,adreherev@yellowpages.com,Male,76.85.251.86
537,Sianna,Ambrois,sambroisew@altervista.org,Agender,81.70.58.95
538,Hale,Cockayne,hcockayneex@imgur.com,Male,21.85.204.112
539,Stirling,Dunckley,sdunckleyey@acquirethisname.com,Male,37.40.102.222
540,Emmeline,Raddin,eraddinez@sfgate.com,Female,99.235.208.78
541,Maighdiln,O'Fairy,mofairyf0@jigsy.com,Genderqueer,25.13.16.29
542,Abrahan,Chalcot,achalcotf1@ustream.tv,Male,2.27.231.191
543,Hayward,Jealous,hjealousf2@intel.com,Male,33.216.123.110
544,Augustina,Nelius,aneliusf3@cdbaby.com,Female,241.245.26.54
545,Collete,Hounsom,chounsomf4@wsj.com,Female,2.171.137.142
546,Lanny,Iban,libanf5@samsung.com,Female,91.63.105.7
547,Zandra,Luc,zlucf6@samsung.com,Genderqueer,192.143.109.26
548,Casi,Frango,cfrangof7@barnesandnoble.com,Female,174.206.70.242
549,Fran,Langfield,flangfieldf8@house.gov,Female,71.199.187.7
550,Willi,Whelpton,wwhelptonf9@networkadvertising.org,Male,148.196.7.151
551,Dona,Bushaway,dbushawayfa@purevolume.com,Female,206.170.224.147
552,Merrie,Pharro,mpharrofb@utexas.edu,Female,69.110.47.172
553,Parry,Pixton,ppixtonfc@arstechnica.com,Male,46.229.88.210
554,Dominik,Worsall,dworsallfd@cisco.com,Male,143.136.45.159
555,Dorine,Robberecht,drobberechtfe@stumbleupon.com,Female,68.18.64.234
556,Roth,Petts,rpettsff@wikipedia.org,Male,92.238.94.78
557,Coleen,Chazelle,cchazellefg@yahoo.com,Female,247.167.120.187
558,Kaitlyn,Ladbrooke,kladbrookefh@ftc.gov,Female,81.73.96.30
559,Alene,Latan,alatanfi@aol.com,Female,103.10.131.93
560,Elfrida,Oldman,eoldmanfj@theglobeandmail.com,Female,61.169.14.113
561,Claudie,Crassweller,ccrasswellerfk@ted.com,Female,88.44.213.213
562,Jayson,Dymick,jdymickfl@weebly.com,Male,144.182.142.70
563,Yvonne,Rowling,yrowlingfm@ehow.com,Female,251.177.11.20
564,Allx,Peto,apetofn@sina.com.cn,Female,248.123.40.125
565,Gabrielle,Farrah,gfarrahfo@google.ca,Female,14.59.49.0
566,Troy,Arran,tarranfp@loc.gov,Male,124.172.201.94
567,Isabeau,Werrett,iwerrettfq@thetimes.co.uk,Female,129.176.151.30
568,Merridie,O'Dempsey,modempseyfr@ucsd.edu,Genderfluid,222.242.23.7
569,Steward,Greenfield,sgreenfieldfs@boston.com,Male,123.162.183.28
570,Gwendolyn,Broggetti,gbroggettift@google.cn,Female,109.110.78.153
571,Arleyne,Pietrowski,apietrowskifu@example.com,Female,22.200.166.43
572,Reggy,Dallison,rdallisonfv@microsoft.com,Male,71.213.205.115
573,Linn,Whickman,lwhickmanfw@qq.com,Male,81.177.120.43
574,Garald,Kleyn,gkleynfx@freewebs.com,Male,125.251.1.180
575,Ambur,Abrahamian,aabrahamianfy@seesaa.net,Female,162.148.187.156
576,Zsa zsa,Bagnal,zbagnalfz@zimbio.com,Female,250.180.172.17
577,Tony,Gaymer,tgaymerg0@ycombinator.com,Male,1.4.118.33
578,Shea,Fligg,sfliggg1@drupal.org,Genderqueer,221.141.90.78
579,Danice,Zorn,dzorng2@aol.com,Female,137.198.145.48
580,Ardelle,Romanini,aromaninig3@ameblo.jp,Female,192.71.188.2
581,Eldin,Kundert,ekundertg4@ehow.com,Male,86.177.39.4
582,Creighton,Bariball,cbariballg5@cmu.edu,Male,137.248.116.218
583,Angeline,Braniff,abraniffg6@sphinn.com,Female,140.84.190.164
584,Niel,Lisle,nlisleg7@cbsnews.com,Male,78.198.11.223
585,Cherye,Tresvina,ctresvinag8@economist.com,Female,228.60.13.32
586,Garnette,Carrel,gcarrelg9@timesonline.co.uk,Female,116.4.223.144
587,Aldwin,Tordoff,atordoffga@histats.com,Male,212.241.118.18
588,Cos,Kohlerman,ckohlermangb@feedburner.com,Male,203.133.249.227
589,Michael,Boud,mboudgc@yandex.ru,Polygender,99.130.38.255
590,Hewe,Batchley,hbatchleygd@cisco.com,Male,56.108.65.200
591,Ashli,Windows,awindowsge@com.com,Female,191.23.118.227
592,Ethyl,Blagdon,eblagdongf@cdbaby.com,Female,216.219.21.79
593,Prince,Harlin,pharlingg@jimdo.com,Male,36.239.178.247
594,Augustus,Briar,abriargh@flavors.me,Male,190.90.91.121
595,Dyan,Giannini,dgianninigi@google.co.jp,Female,255.177.88.209
596,Tomas,Dugan,tdugangj@gov.uk,Male,204.93.175.24
597,Louis,Boome,lboomegk@amazon.de,Male,56.12.186.70
598,Misti,Jotham,mjothamgl@odnoklassniki.ru,Female,106.3.142.198
599,Rosetta,Dirr,rdirrgm@pen.io,Female,36.64.199.109
600,Bernie,Shelbourne,bshelbournegn@narod.ru,Male,103.252.130.170
601,Emelia,Rainton,eraintongo@about.com,Female,206.229.5.7
602,Alicea,Readie,areadiegp@washingtonpost.com,Female,107.248.9.128
603,Zollie,Gwyneth,zgwynethgq@amazon.co.jp,Male,240.222.20.90
604,Sela,Gentry,sgentrygr@ca.gov,Female,55.64.17.187
605,Elden,Malling,emallinggs@cafepress.com,Male,74.192.63.85
606,Karon,Back,kbackgt@timesonline.co.uk,Female,192.236.233.120
607,Pooh,Treasaden,ptreasadengu@oakley.com,Female,40.157.15.90
608,Karine,Sprankling,kspranklinggv@psu.edu,Agender,33.93.69.173
609,Martina,Wordesworth,mwordesworthgw@ucsd.edu,Female,112.43.71.239
610,Debee,Fey,dfeygx@adobe.com,Female,133.223.69.128
611,Karil,Waight,kwaightgy@icio.us,Female,177.146.34.120
612,Bartlet,Rodinger,brodingergz@omniture.com,Male,126.198.22.144
613,Olivero,Broadis,obroadish0@pbs.org,Male,203.223.187.223
614,Daren,Tottle,dtottleh1@dropbox.com,Agender,44.82.108.210
615,Cchaddie,Hartright,chartrighth2@marriott.com,Male,158.103.47.51
616,Curcio,Proud,cproudh3@about.me,Male,68.153.166.102
617,Sunny,Cockney,scockneyh4@blogtalkradio.com,Male,254.255.215.218
618,Georgi,Ellinor,gellinorh5@umich.edu,Male,13.182.247.124
619,Zacharia,Featherstonhalgh,zfeatherstonhalghh6@trellian.com,Male,82.228.56.123
620,Tatiana,Heifer,theiferh7@gov.uk,Female,96.28.22.175
621,Darnell,Farney,dfarneyh8@ycombinator.com,Male,206.126.38.251
622,Fay,Giannassi,fgiannassih9@admin.ch,Female,39.243.131.13
623,Meara,Sherland,msherlandha@si.edu,Female,9.61.20.18
624,Tito,Fenich,tfenichhb@tumblr.com,Genderqueer,8.227.179.121
625,Gracia,Clemenzi,gclemenzihc@illinois.edu,Female,254.160.250.253
626,Patten,Trunks,ptrunkshd@nsw.gov.au,Male,37.76.34.184
627,Rickert,Sutor,rsutorhe@ucoz.ru,Non-binary,91.244.250.174
628,Jelene,Carverhill,jcarverhillhf@instagram.com,Genderqueer,230.93.88.148
629,Delaney,Rawcliffe,drawcliffehg@netscape.com,Male,220.243.129.96
630,Any,Daley,adaleyhh@sina.com.cn,Male,64.38.89.109
631,York,Boissieux,yboissieuxhi@amazonaws.com,Male,45.172.242.220
632,Clem,Jemison,cjemisonhj@irs.gov,Female,246.69.129.124
633,Collen,Bolens,cbolenshk@furl.net,Female,16.195.90.17
634,Mayer,Gedling,mgedlinghl@weather.com,Male,97.134.219.176
635,Tony,Lehmann,tlehmannhm@t.co,Male,229.64.137.141
636,Shari,Kidds,skiddshn@upenn.edu,Female,236.185.126.155
637,Deirdre,Stallion,dstallionho@free.fr,Female,81.147.97.122
638,Donal,McCarty,dmccartyhp@vkontakte.ru,Male,238.185.15.238
639,Floyd,Lapley,flapleyhq@nsw.gov.au,Male,138.188.35.237
640,Skelly,Blase,sblasehr@google.cn,Male,71.136.132.163
641,Silvan,Pearn,spearnhs@china.com.cn,Male,197.36.244.244
642,Khalil,Bartosik,kbartosikht@addtoany.com,Male,207.147.215.187
643,Charles,Mahony,cmahonyhu@slate.com,Male,69.209.105.86
644,Janka,Butland,jbutlandhv@newyorker.com,Bigender,228.237.16.54
645,Marina,Corkill,mcorkillhw@csmonitor.com,Female,195.236.184.41
646,Rem,Lebourn,rlebournhx@addthis.com,Male,206.252.87.5
647,Hamlin,Shannon,hshannonhy@homestead.com,Male,207.48.233.121
648,Nial,Fayre,nfayrehz@hao123.com,Male,147.41.215.28
649,Pauletta,Dron,pdroni0@gizmodo.com,Agender,139.215.127.196
650,Eamon,Herity,eherityi1@cyberchimps.com,Male,211.186.4.32
651,Marcelline,Harcase,mharcasei2@canalblog.com,Female,205.201.44.137
652,Edan,Mathis,emathisi3@hatena.ne.jp,Male,111.168.215.199
653,Genna,Torald,gtoraldi4@reuters.com,Female,155.94.51.166
654,Lyda,Headland,lheadlandi5@wiley.com,Polygender,236.105.106.255
655,Beatriz,Spinetti,bspinettii6@biblegateway.com,Female,172.89.98.150
656,Antonio,Clyne,aclynei7@slashdot.org,Male,137.187.163.9
657,Christiano,Bertelmot,cbertelmoti8@wisc.edu,Male,81.103.182.56
658,Loralie,Egle,leglei9@reference.com,Female,221.215.101.48
659,Taite,Downs,tdownsia@mlb.com,Male,228.72.143.197
660,Channa,Kennaway,ckennawayib@bluehost.com,Female,128.40.176.254
661,Courtnay,Trethowan,ctrethowanic@technorati.com,Female,182.209.173.17
662,Rahel,Wyse,rwyseid@patch.com,Female,223.25.42.105
663,Isaak,Wareing,iwareingie@delicious.com,Male,0.162.134.68
664,Clyve,Spradbery,cspradberyif@hhs.gov,Male,34.247.102.165
665,Lynnea,Coners,lconersig@hp.com,Female,175.167.229.244
666,Adam,Barstow,abarstowih@parallels.com,Male,33.202.113.248
667,Kelwin,O'Criane,kocrianeii@who.int,Male,251.146.55.226
668,Yulma,Dear,ydearij@imgur.com,Male,247.177.172.11
669,Guendolen,Bumphries,gbumphriesik@scribd.com,Female,25.175.163.90
670,Zebulon,Guiu,zguiuil@npr.org,Male,222.100.166.223
671,Donnie,Caltun,dcaltunim@mapy.cz,Male,64.40.152.93
672,Nedi,O'Dyvoy,nodyvoyin@is.gd,Female,55.97.151.33
673,Jan,Haggard,jhaggardio@tumblr.com,Bigender,54.254.83.5
674,Clim,Hearns,chearnsip@spotify.com,Male,58.186.129.88
675,Beltran,Carah,bcarahiq@facebook.com,Male,10.96.185.40
676,Jeanie,Yair,jyairir@wiley.com,Female,38.176.60.27
677,Chet,Jakeway,cjakewayis@e-recht24.de,Male,88.170.0.171
678,Fleur,Kubanek,fkubanekit@hexun.com,Female,57.186.1.216
679,Joshua,McSweeney,jmcsweeneyiu@de.vu,Male,33.31.149.20
680,Zachariah,Border,zborderiv@oaic.gov.au,Male,144.157.173.45
681,Lora,Shelmardine,lshelmardineiw@nifty.com,Female,160.57.74.158
682,August,Selbie,aselbieix@noaa.gov,Male,1.185.132.185
683,Rudie,Krammer,rkrammeriy@gravatar.com,Male,195.85.32.225
684,Krystal,Quernel,kquerneliz@kickstarter.com,Female,103.226.30.102
685,Yardley,Corrin,ycorrinj0@ca.gov,Male,54.207.76.230
686,Freedman,Beranek,fberanekj1@theguardian.com,Male,196.116.252.44
687,Chaunce,Bodill,cbodillj2@1688.com,Male,255.15.136.92
688,Jim,Cominotti,jcominottij3@webnode.com,Male,48.37.218.17
689,Johan,Jarnell,jjarnellj4@xrea.com,Male,122.102.85.81
690,Zabrina,Westberg,zwestbergj5@is.gd,Female,18.28.169.109
691,Stormi,Havill,shavillj6@abc.net.au,Female,189.235.188.208
692,Muhammad,Hunting,mhuntingj7@technorati.com,Male,30.62.198.92
693,Cherie,Salsberg,csalsbergj8@edublogs.org,Female,237.103.181.196
694,Sonni,Ferreiro,sferreiroj9@google.it,Polygender,160.135.103.74
695,Raine,Leschelle,rleschelleja@joomla.org,Female,39.103.93.187
696,Granville,Piniur,gpiniurjb@tiny.cc,Male,67.15.23.197
697,Gram,Thorneley,gthorneleyjc@posterous.com,Male,52.212.134.198
698,Ansel,Moehle,amoehlejd@blogger.com,Male,197.103.37.191
699,Caryl,Dunbobin,cdunbobinje@springer.com,Female,163.139.170.107
700,Tracie,Harrington,tharringtonjf@biblegateway.com,Female,4.223.207.199
701,Jenna,Folland,jfollandjg@ehow.com,Female,61.89.98.107
702,Cherilynn,Maitland,cmaitlandjh@t-online.de,Female,211.178.127.43
703,Kitty,Hun,khunji@goo.ne.jp,Female,10.81.21.62
704,Arny,Boar,aboarjj@skyrock.com,Male,40.144.148.131
705,Carlyn,Dutteridge,cdutteridgejk@fc2.com,Female,199.210.251.61
706,Minnie,Rhodef,mrhodefjl@fastcompany.com,Polygender,217.79.182.211
707,Maddi,Dziwisz,mdziwiszjm@bravesites.com,Female,153.42.189.226
708,Golda,Snassell,gsnasselljn@chronoengine.com,Female,143.91.253.22
709,Anthea,Dassindale,adassindalejo@hexun.com,Female,60.99.118.118
710,Kahaleel,Pandya,kpandyajp@tripadvisor.com,Male,216.106.198.86
711,Thelma,Beverage,tbeveragejq@free.fr,Female,222.22.115.77
712,Sammy,Baume,sbaumejr@dyndns.org,Agender,171.249.240.39
713,Arielle,Bullivant,abullivantjs@soundcloud.com,Female,131.249.83.215
714,Holmes,Lively,hlivelyjt@feedburner.com,Male,55.245.163.95
715,Claudelle,Poundesford,cpoundesfordju@g.co,Female,199.174.194.213
716,Bret,Kestle,bkestlejv@xrea.com,Male,209.110.155.49
717,Misha,Raun,mraunjw@slate.com,Female,200.4.146.193
718,Winny,Dreigher,wdreigherjx@w3.org,Female,188.105.27.187
719,Rikki,Spellworth,rspellworthjy@quantcast.com,Female,252.55.101.64
720,Pennie,Geraldez,pgeraldezjz@latimes.com,Male,50.173.242.116
721,Kikelia,Maxworthy,kmaxworthyk0@auda.org.au,Female,23.215.6.159
722,Josi,MacGebenay,jmacgebenayk1@w3.org,Female,82.200.138.96
723,Marsh,Bergin,mbergink2@gmpg.org,Male,5.3.60.152
724,Urban,Kunes,ukunesk3@freewebs.com,Male,203.220.53.142
725,Jenica,Jachimczak,jjachimczakk4@ning.com,Female,16.181.52.122
726,Ellene,Gibbetts,egibbettsk5@facebook.com,Female,208.240.159.1
727,Ralina,Faiers,rfaiersk6@dot.gov,Female,135.100.18.66
728,Mirabel,Groome,mgroomek7@simplemachines.org,Female,246.149.9.204
729,Tess,Boreland,tborelandk8@topsy.com,Female,206.238.84.15
730,Noak,Bootell,nbootellk9@answers.com,Male,75.216.193.246
731,Rachel,Sangwin,rsangwinka@usgs.gov,Female,12.255.133.119
732,Michelle,Diehn,mdiehnkb@istockphoto.com,Female,56.32.39.220
733,Yank,Humbell,yhumbellkc@dyndns.org,Male,137.233.126.117
734,Glenda,McCarlie,gmccarliekd@amazonaws.com,Genderfluid,206.76.237.154
735,Alwyn,Farr,afarrke@flickr.com,Male,112.248.162.132
736,Velvet,Grenfell,vgrenfellkf@printfriendly.com,Female,187.182.192.15
737,Cathlene,Roocroft,croocroftkg@ft.com,Non-binary,250.112.67.57
738,Merilyn,Beevis,mbeeviskh@domainmarket.com,Female,144.139.110.83
739,Tory,Mulvey,tmulveyki@pagesperso-orange.fr,Female,41.39.130.62
740,Petronia,Danett,pdanettkj@biblegateway.com,Female,142.246.36.107
741,Basilio,Dumingo,bdumingokk@wordpress.org,Male,16.245.164.167
742,Deerdre,Jeacop,djeacopkl@smugmug.com,Female,22.235.110.125
743,Fred,Hiley,fhileykm@storify.com,Female,164.28.227.62
744,Roddy,Orrett,rorrettkn@cafepress.com,Male,181.207.218.174
745,Cassius,Syson,csysonko@shinystat.com,Male,57.101.174.46
746,Raynell,Milson,rmilsonkp@51.la,Agender,0.198.138.8
747,Aguste,Cubuzzi,acubuzzikq@slashdot.org,Male,130.223.202.26
748,Teodora,Juanes,tjuaneskr@bluehost.com,Female,52.122.58.71
749,Leupold,McRill,lmcrillks@trellian.com,Male,220.51.33.8
750,Ruthe,Boyce,rboycekt@multiply.com,Female,170.182.37.138
751,Guillermo,Colkett,gcolkettku@nsw.gov.au,Male,252.184.25.138
752,Casandra,Gert,cgertkv@washington.edu,Female,187.198.221.89
753,Amelie,O'Gaven,aogavenkw@paypal.com,Female,28.218.226.90
754,Adam,Mirams,amiramskx@discovery.com,Genderqueer,87.54.98.110
755,Mill,Chupin,mchupinky@psu.edu,Male,29.43.135.38
756,Alison,Eastway,aeastwaykz@unicef.org,Female,176.42.225.108
757,Sayer,Barnwille,sbarnwillel0@php.net,Male,112.220.50.85
758,Lucia,Arnecke,larneckel1@un.org,Female,233.89.172.59
759,Alfy,Dodle,adodlel2@youtu.be,Female,60.58.96.169
760,Brice,Fitter,bfitterl3@joomla.org,Male,152.244.231.174
761,Hedvig,Diviny,hdivinyl4@nymag.com,Female,124.59.249.250
762,Keefe,Fulker,kfulkerl5@ftc.gov,Male,103.224.254.152
763,Liv,Dillamore,ldillamorel6@google.es,Female,32.197.54.50
764,Carson,Knoles,cknolesl7@samsung.com,Male,11.169.1.205
765,Monty,Clewett,mclewettl8@livejournal.com,Male,202.70.33.83
766,Juliet,Royl,jroyll9@wikimedia.org,Female,204.242.58.155
767,Mackenzie,Pasmore,mpasmorela@soup.io,Male,86.19.221.204
768,Liv,Roper,lroperlb@photobucket.com,Genderqueer,210.138.105.178
769,Nina,Domico,ndomicolc@virginia.edu,Female,27.148.247.139
770,Gorden,Polle,gpolleld@upenn.edu,Male,112.67.43.160
771,Prisca,Izzat,pizzatle@fotki.com,Female,236.221.164.166
772,Ruperto,Hambrick,rhambricklf@oakley.com,Male,18.131.177.97
773,Aleece,Gilstin,agilstinlg@google.it,Female,239.87.147.205
774,Curtice,Landers,clanderslh@angelfire.com,Male,178.127.137.30
775,Wash,Provis,wprovisli@mysql.com,Male,10.166.168.95
776,Francklin,De Ortega,fdeortegalj@netlog.com,Male,199.166.121.62
777,Ernestine,Pryor,epryorlk@usnews.com,Female,64.97.206.188
778,Roslyn,Duligal,rduligalll@imgur.com,Female,74.192.104.156
779,Efrem,Rendbaek,erendbaeklm@wikia.com,Male,72.9.136.89
780,Malachi,Tingly,mtinglyln@kickstarter.com,Male,19.223.110.77
781,Gavin,Viccary,gviccarylo@ebay.co.uk,Male,157.60.128.166
782,Ephrayim,Cushworth,ecushworthlp@redcross.org,Male,119.253.210.225
783,Bettye,Keeri,bkeerilq@alexa.com,Agender,90.76.95.168
784,Brigida,Bakster,bbaksterlr@about.com,Female,192.113.115.62
785,Lesley,Gabel,lgabells@jalbum.net,Female,186.172.197.246
786,Celeste,Hadrill,chadrilllt@unc.edu,Female,248.175.182.91
787,Curran,Oherlihy,coherlihylu@cdc.gov,Male,154.183.202.100
788,Cindy,Ebbins,cebbinslv@phpbb.com,Female,4.104.117.204
789,Kendall,Menlove,kmenlovelw@ca.gov,Male,226.8.241.99
790,Dee dee,Nel,dnellx@google.de,Female,3.208.80.213
791,Kandy,Deare,kdearely@biglobe.ne.jp,Female,195.59.237.81
792,Tallou,Halesworth,thalesworthlz@facebook.com,Female,176.128.161.119
793,Magdalene,Peschka,mpeschkam0@aboutads.info,Female,66.122.28.154
794,Zabrina,Keppel,zkeppelm1@mapquest.com,Female,96.218.42.59
795,Wainwright,Lenglet,wlengletm2@webmd.com,Male,27.125.47.101
796,Maggy,Conti,mcontim3@csmonitor.com,Female,192.136.171.65
797,Bari,Elias,beliasm4@adobe.com,Female,105.37.101.171
798,Bendite,Drummond,bdrummondm5@nytimes.com,Female,136.221.200.200
799,Georgeanna,O'Corren,gocorrenm6@google.ru,Female,93.208.222.116
800,Larisa,Boote,lbootem7@unicef.org,Female,127.135.126.252
