id,first_name,last_name,email,gender,ip_address
1,Ike,Medlicott,imedlicott0@goodreads.com,Male,220.94.187.184
2,Arlette,Ianilli,aianilli1@apache.org,Female,147.219.213.219
3,Alphonse,Murt,amurt2@ihg.com,Male,100.16.108.65
4,Margo,Peetermann,mpeetermann3@t-online.de,Non-binary,93.194.118.154
5,Liza,De Carteret,ldecarteret4@merriam-webster.com,Female,237.160.108.9
6,Padget,Palfreeman,ppalfreeman5@dell.com,Male,68.16.37.185
7,Dorothee,Buntin,dbuntin6@ucoz.com,Female,237.33.53.142
8,Vere,Sheahan,vsheahan7@wikimedia.org,Female,85.132.182.197
9,Hartley,Hearl,hhearl8@amazonaws.com,Male,94.129.218.92
10,Sammy,Sawtell,ssawtell9@oaic.gov.au,Female,243.249.222.155
11,Jared,Mathivat,jmathivata@harvard.edu,Male,154.27.135.97
12,Jeno,Belbin,jbelbinb@icio.us,Male,201.125.191.253
13,Lishe,Warham,lwarhamc@wordpress.com,Female,235.110.115.40
14,Odelia,Couvert,ocouvertd@livejournal.com,Female,165.205.118.224
15,Emmett,De la Yglesias,edelayglesiase@last.fm,Male,118.170.107.116
16,Keely,Taberer,ktabererf@mysql.com,Female,20.172.198.80
17,Audrye,Van Ross,avanrossg@go.com,Female,242.23.138.133
18,Cletus,Labden,clabdenh@shinystat.com,Male,4.231.19.94
19,Amby,Bortolutti,abortoluttii@kickstarter.com,Bigender,241.35.110.51
20,Carce,Estcourt,cestcourtj@pinterest.com,Male,198.150.62.221
21,Verne,Dashwood,vdashwoodk@techcrunch.com,Male,198.226.217.235
22,Irina,Bloys,ibloysl@123-reg.co.uk,Female,166.163.37.232
23,Alikee,Elgram,aelgramm@businessweek.com,Female,193.128.84.77
24,Janey,Grimmer,jgrimmern@thetimes.co.uk,Female,135.43.82.18
25,Gwendolin,Mocker,gmockero@canalblog.com,Female,147.165.195.86
26,Errick,Coltart,ecoltartp@prweb.com,Male,162.87.59.220
27,Silvester,Dennington,sdenningtonq@livejournal.com,Male,115.182.181.236
28,Colin,Egleton,cegletonr@craigslist.org,Male,204.209.90.90
29,Amelia,Leach,aleachs@cnbc.com,Female,58.54.88.80
30,Clari,Lent,clentt@wordpress.org,Non-binary,202.91.177.133
31,Carleton,Shaxby,cshaxbyu@cpanel.net,Male,158.254.120.12
32,Goraud,Huggins,ghugginsv@yahoo.co.jp,Male,129.122.221.189
33,Rosamond,Barrow,rbarroww@hp.com,Female,142.26.128.8
34,Urban,Pont,upontx@blinklist.com,Male,28.206.62.222
35,Genovera,Forsdyke,gforsdykey@google.es,Female,155.172.86.210
36,Shayna,Abate,sabatez@nba.com,Polygender,44.240.255.121
37,Colene,Durdy,cdurdy10@dailymotion.com,Female,250.218.75.131
38,Israel,Belliard,ibelliard11@hibu.com,Male,229.73.157.152
39,Arthur,Sebright,asebright12@shareasale.com,Male,238.125.232.95
40,Ethyl,Magor,emagor13@weebly.com,Female,27.93.201.91
41,Pernell,Beartup,pbeartup14@google.ca,Male,148.130.4.73
42,Boniface,Shovlar,bshovlar15@spotify.com,Male,22.251.181.31
43,Cicely,Smissen,csmissen16@walmart.com,Female,126.141.84.165
44,Sigfried,Suter,ssuter17@delicious.com,Male,242.153.24.255
45,Helyn,Ceaplen,hceaplen18@amazonaws.com,Female,215.229.128.49
46,Michell,Mottershaw,mmottershaw19@ehow.com,Female,175.253.232.159
47,Dominick,Baudi,dbaudi1a@businessweek.com,Male,69.15.111.185
48,Kitti,Polini,kpolini1b@umn.edu,Female,60.12.89.229
49,Darcy,Pardoe,dpardoe1c@blogspot.com,Male,64.160.40.167
50,Annnora,Brokenshaw,abrokenshaw1d@economist.com,Female,150.255.40.21
51,Wadsworth,Earlam,wearlam1e@merriam-webster.com,Male,51.143.66.254
52,Dannie,Summerfield,dsummerfield1f@flickr.com,Female,18.18.189.8
53,Brian,Blanchet,bblanchet1g@chronoengine.com,Male,76.80.54.211
54,Irma,McDuff,imcduff1h@geocities.jp,Female,129.153.237.72
55,Leigha,Coope,lcoope1i@foxnews.com,Female,177.30.146.211
56,Cale,Tooker,ctooker1j@irs.gov,Male,226.234.148.6
57,Nick,Rebichon,nrebichon1k@ucla.edu,Male,35.37.236.15
58,Caddric,Bezemer,cbezemer1l@netlog.com,Male,22.108.147.222
59,Ashlie,Sabatini,asabatini1m@si.edu,Female,137.40.63.176
60,Marijn,Davidou,mdavidou1n@w3.org,Male,168.161.122.58
61,Stephannie,Burcombe,sburcombe1o@tripod.com,Female,78.139.248.61
62,Abran,Werrit,awerrit1p@paypal.com,Male,134.43.21.32
63,Cris,Walcot,cwalcot1q@simplemachines.org,Female,172.229.206.126
64,Devina,Berthon,dberthon1r@cbsnews.com,Female,184.211.7.128
65,Nicolette,Bygate,nbygate1s@mac.com,Female,166.208.195.133
66,Leif,Le Borgne,lleborgne1t@marriott.com,Male,189.2.209.27
67,Tobey,Minshaw,tminshaw1u@google.pl,Female,128.141.7.190
68,Caryn,Westmacott,cwestmacott1v@webmd.com,Female,117.30.18.132
69,Marja,Lassell,mlassell1w@altervista.org,Female,158.215.111.113
70,Munmro,Georg,mgeorg1x@netscape.com,Male,226.139.128.129
71,Thornie,Syddall,tsyddall1y@bravesites.com,Genderqueer,58.199.52.230
72,Winifield,Whiteson,wwhiteson1z@gravatar.com,Male,111.112.202.80
73,Bail,Stent,bstent20@java.com,Male,254.229.83.146
74,Connie,Roakes,croakes21@ameblo.jp,Male,32.155.247.132
75,Lucian,MacPadene,lmacpadene22@deviantart.com,Polygender,104.189.249.194
76,Fiann,Domerq,fdomerq23@vimeo.com,Female,97.77.45.232
77,Tracie,Bugden,tbugden24@wunderground.com,Male,7.150.135.213
78,Codie,Sehorsch,csehorsch25@nsw.gov.au,Male,183.135.13.238
79,Tito,Costerd,tcosterd26@geocities.com,Male,239.248.181.191
80,Shirley,Bentke,sbentke27@studiopress.com,Female,84.144.77.21
81,Chico,Biasi,cbiasi28@cafepress.com,Male,78.221.223.90
82,Cally,Keiley,ckeiley29@stumbleupon.com,Female,222.155.201.224
83,Ronni,Gibberd,rgibberd2a@fc2.com,Female,116.204.38.146
84,Ainslie,Pickaver,apickaver2b@acquirethisname.com,Female,150.64.147.105
85,Guglielma,Sheed,gsheed2c@hp.com,Non-binary,77.122.187.63
86,Averil,Duesbury,aduesbury2d@washingtonpost.com,Male,158.215.121.223
87,Sianna,Hindsberg,shindsberg2e@comsenz.com,Female,6.72.215.101
88,Dorita,Parramore,dparramore2f@is.gd,Female,129.158.158.228
89,Eberto,Nestoruk,enestoruk2g@csmonitor.com,Male,186.175.86.207
90,Rogers,Uridge,ruridge2h@mapquest.com,Male,134.60.84.225
91,Freddy,Tenney,ftenney2i@istockphoto.com,Male,70.136.161.179
92,Alisa,Thoresbie,athoresbie2j@ocn.ne.jp,Female,124.72.140.249
93,Ibby,Hasselby,ihasselby2k@surveymonkey.com,Female,55.130.2.64
94,Ellery,Goulston,egoulston2l@slashdot.org,Male,207.81.205.40
95,Yelena,Bruntje,ybruntje2m@storify.com,Female,18.88.149.152
96,Marten,Sirett,msirett2n@shareasale.com,Male,156.246.223.189
97,Viviana,Anscombe,vanscombe2o@boston.com,Female,224.98.182.14
98,Lishe,Fochs,lfochs2p@mayoclinic.com,Female,157.73.220.103
99,Janeczka,Wolton,jwolton2q@nih.gov,Genderfluid,51.49.233.11
100,Pierrette,Rider,prider2r@sun.com,Bigender,164.103.42.213
101,Pepi,Trytsman,ptrytsman2s@geocities.com,Female,132.160.27.249
102,Nariko,Mariotte,nmariotte2t@reuters.com,Female,22.46.72.177
103,Bren,O'Hannigan,bohannigan2u@yahoo.co.jp,Male,72.210.204.208
104,Mame,Androsik,mandrosik2v@tinypic.com,Female,87.44.226.61
105,Giorgi,Millmoe,gmillmoe2w@ovh.net,Male,210.133.251.111
106,Antonius,Kirman,akirman2x@nih.gov,Male,29.117.109.149
107,Tiffany,Yaldren,tyaldren2y@china.com.cn,Female,142.8.15.248
108,Simonette,Fridlington,sfridlington2z@tamu.edu,Female,153.225.111.140
109,Odille,Marrett,omarrett30@discovery.com,Female,167.127.210.104
110,Robinette,Francklin,rfrancklin31@answers.com,Female,105.88.222.194
111,Neils,Mannakee,nmannakee32@1688.com,Male,2.247.152.116
112,Silvio,Chishull,schishull33@cnbc.com,Male,92.174.99.110
113,Bethena,Helleker,bhelleker34@dropbox.com,Female,32.183.96.8
114,Andria,Magwood,amagwood35@simplemachines.org,Female,63.29.199.81
115,Peterus,Tempest,ptempest36@dedecms.com,Male,169.18.88.55
116,Robinet,Helliar,rhelliar37@plala.or.jp,Male,93.136.22.156
117,Angela,Timmes,atimmes38@ovh.net,Female,53.136.159.172
118,Adham,Lowthian,alowthian39@hud.gov,Male,183.92.190.222
119,Gram,Canon,gcanon3a@nydailynews.com,Agender,167.185.21.112
120,Dolph,Paridge,dparidge3b@technorati.com,Male,26.149.19.160
121,Rab,Gurden,rgurden3c@nymag.com,Male,63.182.113.202
122,Flynn,Capaldo,fcapaldo3d@storify.com,Male,169.191.87.145
123,Lucas,Pleace,lpleace3e@senate.gov,Male,40.16.236.173
124,Rinaldo,Paszek,rpaszek3f@va.gov,Male,53.7.8.7
125,Harley,Arundell,harundell3g@netvibes.com,Male,176.248.173.143
126,Westleigh,Panswick,wpanswick3h@telegraph.co.uk,Male,0.223.213.230
127,Amalie,Leaves,aleaves3i@microsoft.com,Female,180.154.160.95
128,Solly,Glawsop,sglawsop3j@geocities.com,Genderfluid,173.128.15.146
129,Zondra,Glenny,zglenny3k@hc360.com,Female,136.0.58.225
130,Keely,Gabbitis,kgabbitis3l@alibaba.com,Female,172.240.111.195
131,Dollie,Garnar,dgarnar3m@edublogs.org,Female,135.6.161.240
132,Hubie,Morehall,hmorehall3n@people.com.cn,Male,229.76.26.30
133,Rahel,Tribell,rtribell3o@naver.com,Bigender,208.43.163.150
134,Sanford,Everal,several3p@taobao.com,Male,230.72.120.139
135,Sully,Butterwick,sbutterwick3q@merriam-webster.com,Male,24.139.91.120
136,Frederick,Cromie,fcromie3r@angelfire.com,Male,85.32.132.71
137,Arin,Raoult,araoult3s@house.gov,Male,221.177.199.169
138,Fernando,Greensmith,fgreensmith3t@ycombinator.com,Male,190.235.187.3
139,Jaine,Paxeford,jpaxeford3u@thetimes.co.uk,Female,46.8.82.176
140,Win,Caldicot,wcaldicot3v@newyorker.com,Male,80.63.87.218
141,Salaidh,Knutsen,sknutsen3w@cornell.edu,Female,88.126.205.58
142,Gaynor,Djordjevic,gdjordjevic3x@ucoz.com,Female,73.154.217.75
143,Giusto,McNea,gmcnea3y@google.com.hk,Male,119.42.232.73
144,Hakim,Currom,hcurrom3z@un.org,Male,51.215.190.224
145,Adamo,Dubs,adubs40@nbcnews.com,Male,163.28.88.50
146,Remus,Foulis,rfoulis41@google.ru,Male,219.215.75.136
147,Vachel,Bromet,vbromet42@wix.com,Male,143.96.54.55
148,Teirtza,Float,tfloat43@sfgate.com,Female,156.167.23.162
149,Powell,Danahar,pdanahar44@who.int,Male,242.130.245.84
150,Mac,Hambatch,mhambatch45@prlog.org,Male,43.78.255.179
151,Kristi,Gallager,kgallager46@mapy.cz,Female,127.254.44.47
152,Noland,Vedenisov,nvedenisov47@google.de,Male,69.199.235.70
153,Orlan,Casaroli,ocasaroli48@wired.com,Male,79.87.169.102
154,Lalo,Hrihorovich,lhrihorovich49@yahoo.com,Male,66.227.95.252
155,Godfree,Elliman,gelliman4a@purevolume.com,Male,203.213.223.110
156,Georgi,Harkess,gharkess4b@patch.com,Male,173.36.150.212
157,Rachelle,Sharratt,rsharratt4c@xing.com,Female,187.255.16.184
158,Nicolis,Blondin,nblondin4d@bloglines.com,Male,154.131.104.90
159,Dori,Mc Caghan,dmccaghan4e@vimeo.com,Female,202.19.168.19
160,Libbey,Fillingham,lfillingham4f@geocities.jp,Female,54.176.118.210
161,Augustus,Webberley,awebberley4g@illinois.edu,Male,181.162.69.237
162,Kimble,Casaccio,kcasaccio4h@google.com.au,Male,105.171.72.99
163,Dorita,Mullin,dmullin4i@yellowpages.com,Female,25.73.158.176
164,Mahmud,Lammie,mlammie4j@ifeng.com,Male,109.169.40.178
165,Eddie,Downie,edownie4k@wired.com,Male,81.228.138.151
166,Tammara,Torald,ttorald4l@addtoany.com,Female,41.171.99.97
167,Leonelle,Santi,lsanti4m@nhs.uk,Female,73.226.138.169
168,Philippe,Durkin,pdurkin4n@spiegel.de,Genderqueer,129.155.10.155
169,Shep,Provest,sprovest4o@ucoz.ru,Male,20.215.17.45
170,Kamillah,Sciusscietto,ksciusscietto4p@sciencedirect.com,Female,249.45.149.186
171,Elvis,Lidington,elidington4q@illinois.edu,Male,187.67.178.37
172,Bibby,Pridie,bpridie4r@acquirethisname.com,Female,234.242.40.161
173,Crissy,Blenkhorn,cblenkhorn4s@yahoo.co.jp,Female,80.38.84.61
174,Rad,Finlaison,rfinlaison4t@gov.uk,Genderfluid,47.239.234.74
175,Katti,Luetkemeyer,kluetkemeyer4u@webnode.com,Genderqueer,36.139.231.156
176,Velma,Jertz,vjertz4v@google.co.jp,Female,156.157.53.120
177,Yalonda,Caddie,ycaddie4w@google.cn,Female,116.205.96.139
178,Eudora,Wilcot,ewilcot4x@jugem.jp,Female,27.15.57.174
179,Lorinda,Rawll,lrawll4y@amazon.co.jp,Female,205.2.232.4
180,Dunc,Ramelet,dramelet4z@pcworld.com,Male,237.72.87.236
181,Kanya,Alldred,kalldred50@pbs.org,Female,242.89.103.9
182,Gavan,Pepperill,gpepperill51@studiopress.com,Male,108.227.52.204
183,Frank,Fearnall,ffearnall52@networksolutions.com,Female,151.157.240.245
184,Teodor,Taggart,ttaggart53@ezinearticles.com,Male,252.14.2.27
185,Renard,Harverson,rharverson54@businesswire.com,Male,253.237.243.37
186,Izaak,Chatt,ichatt55@mapquest.com,Non-binary,141.145.120.67
187,Leola,Simonds,lsimonds56@sciencedirect.com,Female,218.200.187.44
188,Nels,Abele,nabele57@hatena.ne.jp,Male,20.159.72.248
189,Arabele,Kelling,akelling58@foxnews.com,Female,70.164.32.65
190,Kelsey,Bengal,kbengal59@home.pl,Female,161.45.139.50
191,Meara,Goodridge,mgoodridge5a@oakley.com,Female,44.69.127.241
192,Marlow,Kringe,mkringe5b@dmoz.org,Male,208.15.3.246
193,Alic,Medford,amedford5c@google.it,Male,183.227.212.228
194,Sherlocke,Lelande,slelande5d@com.com,Male,246.80.101.11
195,Hubey,Moncarr,hmoncarr5e@comcast.net,Male,115.18.186.123
196,Towny,Mepsted,tmepsted5f@narod.ru,Genderfluid,134.141.190.77
197,Che,Aldgate,caldgate5g@drupal.org,Male,172.11.141.191
198,Alie,Thies,athies5h@ask.com,Agender,182.127.163.59
199,Janina,Fursse,jfursse5i@blinklist.com,Female,137.58.1.233
200,Rockwell,Dani,rdani5j@wunderground.com,Male,144.226.215.36
201,Wiley,Southon,wsouthon5k@instagram.com,Male,143.245.129.86
202,Kermy,Cottam,kcottam5l@yahoo.co.jp,Male,71.100.192.125
203,Gran,Jakubczyk,gjakubczyk5m@shutterfly.com,Male,217.20.153.42
204,Giacobo,Giorgio,ggiorgio5n@ovh.net,Male,247.110.96.98
205,Frans,Dunning,fdunning5o@irs.gov,Male,237.147.48.30
206,Betti,Laux,blaux5p@mac.com,Female,52.213.99.89
207,Evelyn,Charke,echarke5q@miitbeian.gov.cn,Female,126.83.110.141
208,Marketa,Hargreaves,mhargreaves5r@woothemes.com,Female,143.43.178.182
209,Goldie,Walkley,gwalkley5s@com.com,Female,143.85.187.125
210,Dieter,Ferenc,dferenc5t@bigcartel.com,Male,84.149.236.12
211,Shari,Kilian,skilian5u@java.com,Female,248.55.130.86
212,Brenden,Habershaw,bhabershaw5v@sogou.com,Male,58.219.82.199
213,Shari,Wraight,swraight5w@dropbox.com,Female,100.106.162.182
214,Andria,Ranyard,aranyard5x@canalblog.com,Female,60.171.235.239
215,Shoshanna,Unthank,sunthank5y@w3.org,Female,128.82.142.143
216,Vanni,Spellard,vspellard5z@twitter.com,Agender,136.198.80.87
217,Heywood,Rickwood,hrickwood60@360.cn,Male,97.202.152.189
218,Bernard,Pyser,bpyser61@jalbum.net,Male,157.181.100.221
219,Dell,Lorne,dlorne62@tripod.com,Male,228.112.62.47
220,Maynord,Wheatley,mwheatley63@eventbrite.com,Male,204.53.193.143
221,Bridie,Le feaver,blefeaver64@indiegogo.com,Female,233.19.87.33
222,Alaster,Siggee,asiggee65@nba.com,Male,1.239.2.132
223,Aindrea,Abbys,aabbys66@google.pl,Genderfluid,173.6.76.137
224,Tove,Scolding,tscolding67@engadget.com,Female,206.207.63.192
225,Ravid,Jimson,rjimson68@booking.com,Male,50.105.22.13
226,Basil,Cremins,bcremins69@icq.com,Male,42.220.171.20
227,Teressa,Shailer,tshailer6a@youku.com,Female,26.115.183.131
228,Umberto,Castlake,ucastlake6b@amazon.com,Male,97.188.202.251
229,Liam,Christensen,lchristensen6c@gov.uk,Male,137.11.73.10
230,Prue,Wayt,pwayt6d@china.com.cn,Female,137.76.130.165
231,Blithe,Acock,bacock6e@bigcartel.com,Female,193.103.63.59
232,Mellicent,Clapperton,mclapperton6f@miitbeian.gov.cn,Female,143.34.145.218
233,Phylys,Tiery,ptiery6g@pcworld.com,Female,32.167.25.97
234,Janey,Kensley,jkensley6h@house.gov,Female,150.53.183.176
235,Inglebert,Bollard,ibollard6i@npr.org,Male,70.72.50.226
236,Rochell,Pietri,rpietri6j@istockphoto.com,Non-binary,253.234.255.115
237,Barbabas,Tweddell,btweddell6k@cbsnews.com,Male,102.31.188.5
238,Mora,Burberye,mburberye6l@topsy.com,Female,124.154.166.60
239,Mathias,Oneill,moneill6m@blog.com,Male,151.194.147.227
240,Dahlia,Trathan,dtrathan6n@youtube.com,Female,152.227.173.206
241,Florian,D'eath,fdeath6o@wsj.com,Male,33.5.31.97
242,Nike,Wordsley,nwordsley6p@dmoz.org,Female,174.155.244.196
243,Herb,Jiricka,hjiricka6q@discuz.net,Male,86.181.158.54
244,Dody,Munning,dmunning6r@fotki.com,Female,206.3.2.150
245,Tessy,Badwick,tbadwick6s@cnet.com,Female,64.106.20.151
246,Patricia,Pasley,ppasley6t@1688.com,Polygender,160.216.61.253
247,Nealson,Teaz,nteaz6u@networkadvertising.org,Male,23.127.53.236
248,Herve,Lapley,hlapley6v@g.co,Male,58.9.199.41
249,Katherine,Bettles,kbettles6w@marriott.com,Female,25.125.254.249
250,Melonie,Forgan,mforgan6x@google.com,Female,223.85.204.192
251,Patricia,Jaouen,pjaouen6y@diigo.com,Female,155.248.166.234
252,Glenden,Minette,gminette6z@fotki.com,Bigender,59.42.131.47
253,Bartlet,Barhims,bbarhims70@technorati.com,Agender,242.82.67.125
254,Rupert,McCullum,rmccullum71@nps.gov,Male,4.250.204.50
255,Tedmund,Gorioli,tgorioli72@nymag.com,Male,192.76.106.104
256,Angelita,Deschelle,adeschelle73@usatoday.com,Female,97.227.246.42
257,Aldwin,Grasser,agrasser74@ed.gov,Male,104.201.237.141
258,Maxy,Nicholls,mnicholls75@globo.com,Female,178.226.190.142
259,Felizio,Judkins,fjudkins76@exblog.jp,Bigender,224.1.239.104
260,Riordan,Ovington,rovington77@columbia.edu,Male,41.180.185.9
261,Filmer,Hullot,fhullot78@google.com.hk,Male,252.176.55.219
262,Rosana,Lochead,rlochead79@tinyurl.com,Female,120.156.25.28
263,Cecilius,Mundwell,cmundwell7a@yandex.ru,Male,90.3.181.146
264,Kristal,Courteney,kcourteney7b@seesaa.net,Female,0.135.77.157
265,Bili,Ansley,bansley7c@blogtalkradio.com,Female,89.151.115.170
266,Ambur,Gledstane,agledstane7d@hexun.com,Female,232.151.177.238
267,Jedidiah,Gallahar,jgallahar7e@nationalgeographic.com,Bigender,169.86.205.126
268,Eddi,Pitcock,epitcock7f@taobao.com,Female,138.167.243.118
269,Berget,Challin,bchallin7g@reddit.com,Female,252.98.173.58
270,Batsheva,Yirrell,byirrell7h@google.ca,Female,246.147.93.0
271,Audy,Benedtti,abenedtti7i@scribd.com,Female,109.108.158.39
272,Helga,Stiffell,hstiffell7j@businesswire.com,Female,217.203.136.36
273,Livvyy,Turneaux,lturneaux7k@vk.com,Female,49.178.165.17
274,Ralph,Cordero,rcordero7l@google.nl,Male,210.158.20.27
275,Kristen,Saylor,ksaylor7m@photobucket.com,Female,79.127.60.1
276,Ursula,Jacquet,ujacquet7n@qq.com,Female,0.34.70.141
277,Sven,Ivery,sivery7o@myspace.com,Male,202.122.188.248
278,Annnora,Wiffler,awiffler7p@mapquest.com,Female,127.50.181.195
279,Mitchell,Giampietro,mgiampietro7q@shutterfly.com,Male,89.13.49.136
280,Brandy,Cavalier,bcavalier7r@weebly.com,Female,117.202.162.214
281,Phaidra,Righy,prighy7s@yolasite.com,Female,214.142.95.103
282,Gannon,Suter,gsuter7t@sphinn.com,Male,144.101.123.105
283,Amabel,Broxholme,abroxholme7u@wikia.com,Bigender,132.140.104.125
284,Kathe,Fazzioli,kfazzioli7v@geocities.com,Bigender,61.38.118.143
285,Arly,Amy,aamy7w@wp.com,Female,83.151.62.216
286,Rivi,Speddin,rspeddin7x@ted.com,Female,40.73.44.19
287,Fernandina,Elward,felward7y@imgur.com,Female,27.9.89.102
288,Thatch,McKeefry,tmckeefry7z@abc.net.au,Male,177.141.1.24
289,Nick,Tuiller,ntuiller80@opera.com,Male,140.92.213.46
290,Julius,Zukerman,jzukerman81@bluehost.com,Male,141.52.49.83
291,Josepha,Tocher,jtocher82@bravesites.com,Female,1.95.110.244
292,Gusta,Clunie,gclunie83@amazonaws.com,Female,183.183.186.52
293,Jerald,Hadgkiss,jhadgkiss84@marketwatch.com,Male,133.232.141.95
294,Enos,Spiring,espiring85@home.pl,Male,200.56.118.4
295,Jozef,Breazeall,jbreazeall86@squidoo.com,Agender,226.92.126.33
296,Phoebe,Maidment,pmaidment87@nih.gov,Female,217.119.69.68
297,Corrina,McLurg,cmclurg88@indiegogo.com,Female,203.171.143.209
298,Felike,Strutt,fstrutt89@cdc.gov,Male,101.210.154.191
299,Hortensia,Sidary,hsidary8a@ehow.com,Female,248.230.252.199
300,Holly,Vernay,hvernay8b@chicagotribune.com,Male,199.130.152.14
301,Felice,Furst,ffurst8c@dedecms.com,Female,98.91.214.192
302,Webster,Hyman,whyman8d@cbslocal.com,Male,60.26.31.25
303,Maje,Gemelli,mgemelli8e@forbes.com,Male,115.119.42.169
304,Rafaello,Haller,rhaller8f@4shared.com,Male,146.212.161.201
305,Lexie,Speerman,lspeerman8g@creativecommons.org,Female,13.147.53.228
306,Marge,Paff,mpaff8h@geocities.jp,Female,58.9.77.204
307,Johannah,Romagosa,jromagosa8i@a8.net,Female,115.97.106.254
308,Jonell,Barbera,jbarbera8j@studiopress.com,Female,54.130.19.30
309,Clarita,Fleeming,cfleeming8k@webmd.com,Female,144.113.244.176
310,Lyndell,Beernt,lbeernt8l@forbes.com,Female,231.144.134.21
311,Lucho,Couves,lcouves8m@multiply.com,Male,139.231.219.233
312,Morten,Lomansey,mlomansey8n@domainmarket.com,Male,109.16.249.62
313,Tymothy,Sutliff,tsutliff8o@hibu.com,Male,21.190.202.248
314,Bobbie,Weedenburg,bweedenburg8p@com.com,Male,192.168.26.219
315,Corabelle,Edmonson,cedmonson8q@reddit.com,Female,39.34.186.113
316,Bartie,Robbeke,brobbeke8r@umn.edu,Male,48.182.203.120
317,Vail,Ockwell,vockwell8s@youtu.be,Male,19.219.113.215
318,Scarlett,Ovenden,sovenden8t@cdc.gov,Female,63.203.207.14
319,Corena,Regis,cregis8u@globo.com,Agender,87.98.211.222
320,Kevan,De Filippis,kdefilippis8v@google.ca,Male,45.124.141.180
321,Chan,O'Dougherty,codougherty8w@ed.gov,Male,162.212.29.218
322,Erl,Billison,ebillison8x@sciencedaily.com,Male,16.44.240.216
323,Marguerite,MacDermott,mmacdermott8y@canalblog.com,Female,247.35.149.125
324,Weber,Conaghy,wconaghy8z@si.edu,Polygender,174.161.231.115
325,Yance,Bilsford,ybilsford90@goodreads.com,Male,244.116.25.211
326,Margarethe,Hurn,mhurn91@themeforest.net,Female,104.46.179.33
327,Dulcea,Buard,dbuard92@nyu.edu,Female,40.254.138.138
328,Godfrey,Andell,gandell93@pinterest.com,Male,201.95.241.118
329,Jack,Petrovykh,jpetrovykh94@alibaba.com,Genderqueer,196.16.199.241
330,Kin,Pentlow,kpentlow95@wix.com,Male,17.219.161.57
331,Grace,Hugh,ghugh96@europa.eu,Female,14.113.128.21
332,Mack,Fishbourn,mfishbourn97@bing.com,Male,187.155.11.30
333,Ardelle,Catonne,acatonne98@blog.com,Female,4.164.199.189
334,Giorgio,Matts,gmatts99@facebook.com,Male,244.106.235.213
335,Amalea,Caudwell,acaudwell9a@buzzfeed.com,Female,142.212.69.85
336,Emogene,McVity,emcvity9b@rambler.ru,Female,255.232.62.13
337,Emmott,Rymell,erymell9c@umn.edu,Male,198.123.21.247
338,Rodger,Ramlot,rramlot9d@irs.gov,Male,170.141.195.229
339,Cinnamon,Hughlin,chughlin9e@upenn.edu,Female,137.13.52.133
340,Dorise,Sleaford,dsleaford9f@rambler.ru,Polygender,162.158.75.103
341,Saudra,Smidmor,ssmidmor9g@arstechnica.com,Female,206.146.121.20
342,Dietrich,Weeks,dweeks9h@auda.org.au,Non-binary,225.94.170.145
343,Zechariah,Ferrai,zferrai9i@msu.edu,Male,142.219.255.190
344,Felipa,Lesser,flesser9j@ovh.net,Non-binary,55.229.133.93
345,Demetra,Byram,dbyram9k@mozilla.com,Female,230.198.107.36
346,Darell,Fitchell,dfitchell9l@flickr.com,Female,208.5.217.215
347,Ivie,Downs,idowns9m@google.co.jp,Female,35.137.196.115
348,Wanids,Lackington,wlackington9n@dmoz.org,Female,236.59.222.48
349,Roosevelt,Le Monnier,rlemonnier9o@walmart.com,Male,125.145.5.230
350,Arlena,Tolussi,atolussi9p@google.com.au,Female,177.240.51.216
351,Granville,Battson,gbattson9q@google.com.br,Male,254.53.188.79
352,Rinaldo,Sails,rsails9r@aboutads.info,Genderfluid,33.21.246.152
353,Ailene,Zannotelli,azannotelli9s@npr.org,Female,195.7.173.199
354,Dania,Grabert,dgrabert9t@nytimes.com,Female,193.229.160.173
355,Clo,Mayhou,cmayhou9u@t.co,Female,77.254.145.160
356,Colly,Inglese,cinglese9v@blogs.com,Female,203.240.205.114
357,Sean,Davidovits,sdavidovits9w@amazon.co.uk,Female,163.63.51.203
358,Aurthur,Hirjak,ahirjak9x@examiner.com,Male,81.107.61.82
359,Saxon,Bramhill,sbramhill9y@1688.com,Male,81.95.55.31
360,Judith,Alkins,jalkins9z@shareasale.com,Female,76.197.22.75
361,Dianne,Birkwood,dbirkwooda0@cloudflare.com,Female,169.85.3.22
362,Baxter,Neesam,bneesama1@hibu.com,Male,8.69.223.120
363,Patrick,Males,pmalesa2@senate.gov,Male,202.179.88.152
364,Jory,Wathan,jwathana3@loc.gov,Male,212.204.125.56
365,Nickolai,Crichten,ncrichtena4@fda.gov,Male,158.174.145.136
366,Jamesy,Burges,jburgesa5@youtube.com,Male,215.65.149.6
367,Fran,Held,fhelda6@cpanel.net,Male,53.185.103.77
368,Mallory,Headingham,mheadinghama7@github.io,Female,159.118.217.82
369,Kristoffer,Jesse,kjessea8@is.gd,Male,242.12.56.42
370,Binky,Benion,bbeniona9@canalblog.com,Male,6.19.159.65
371,Sam,Barneveld,sbarneveldaa@tamu.edu,Female,43.4.199.103
372,Nola,Cowle,ncowleab@tinypic.com,Female,206.69.50.190
373,Goraud,Dance,gdanceac@networksolutions.com,Male,214.58.148.230
374,Grove,Macallam,gmacallamad@techcrunch.com,Male,100.70.244.143
375,Ignacius,Rayer,irayerae@furl.net,Male,88.209.101.240
376,Raymond,Agnolo,ragnoloaf@fda.gov,Male,109.26.247.206
377,Isaac,Manneville,imannevilleag@sourceforge.net,Male,206.89.12.254
378,Arluene,Bester,abesterah@java.com,Agender,219.122.106.213
379,Cindie,Avramow,cavramowai@webmd.com,Female,87.33.249.83
380,Ronnie,Suttell,rsuttellaj@google.cn,Male,238.145.1.254
381,Alicea,Neathway,aneathwayak@arizona.edu,Female,140.147.163.53
382,Dita,Belleny,dbellenyal@bloglines.com,Female,26.29.3.224
383,Darelle,Rignold,drignoldam@live.com,Female,137.192.46.37
384,Dennie,Gillbe,dgillbean@shutterfly.com,Female,62.83.133.240
385,Alvin,Barracks,abarracksao@sitemeter.com,Male,247.151.53.182
386,Sandor,Postill,spostillap@google.com.hk,Male,152.43.50.66
387,Minor,Creboe,mcreboeaq@seattletimes.com,Male,55.137.241.119
388,Oona,Sahnow,osahnowar@xinhuanet.com,Female,56.129.121.202
389,Hartley,Peaker,hpeakeras@netvibes.com,Male,211.77.141.195
390,Rivy,McKiernan,rmckiernanat@economist.com,Agender,98.238.157.193
391,Odetta,Cracoe,ocracoeau@vk.com,Female,40.138.236.65
392,Helaina,Bertouloume,hbertouloumeav@microsoft.com,Female,71.26.146.82
393,Janos,Comolli,jcomolliaw@yahoo.com,Male,157.238.17.145
394,Petronilla,Roseman,prosemanax@friendfeed.com,Female,155.27.198.0
395,Garret,Michelle,gmichelleay@flickr.com,Male,136.111.158.3
396,Kendra,Cruikshanks,kcruikshanksaz@businessinsider.com,Female,102.65.6.75
397,Meg,Boggers,mboggersb0@oracle.com,Female,245.35.94.93
398,Shurlock,Bigby,sbigbyb1@histats.com,Male,115.231.176.225
399,Orlando,Ramalhete,oramalheteb2@example.com,Male,188.178.253.9
400,Karlen,Forrington,kforringtonb3@rambler.ru,Female,226.172.24.154
401,Jorey,Adao,jadaob4@slideshare.net,Genderfluid,71.251.51.44
402,Cos,Glasebrook,cglasebrookb5@last.fm,Male,206.80.237.234
403,Emelita,Huggan,ehugganb6@wikia.com,Female,225.13.233.90
404,Walton,Dauber,wdauberb7@europa.eu,Male,19.237.159.117
405,Giselbert,Atte-Stone,gattestoneb8@qq.com,Male,94.137.43.207
406,Rosina,Reboulet,rrebouletb9@ebay.com,Female,221.102.219.68
407,Anni,Broggini,abrogginiba@list-manage.com,Female,45.51.4.115
408,Jeniffer,Naris,jnarisbb@thetimes.co.uk,Genderqueer,113.86.194.211
409,Prescott,Tribbeck,ptribbeckbc@mapy.cz,Male,18.41.94.95
410,Karissa,Redmore,kredmorebd@topsy.com,Female,149.102.239.109
411,Ardisj,Braniff,abraniffbe@dot.gov,Female,172.68.204.131
412,Corey,Windridge,cwindridgebf@wikipedia.org,Female,239.239.227.198
413,Mario,Edgler,medglerbg@techcrunch.com,Male,116.117.31.43
414,Starla,Thring,sthringbh@163.com,Female,248.202.13.172
415,Celia,Cromwell,ccromwellbi@statcounter.com,Female,72.255.10.212
416,Emanuel,Filpi,efilpibj@noaa.gov,Male,39.177.80.8
417,Niko,Tumasian,ntumasianbk@mozilla.org,Male,150.242.84.106
418,Ardith,Hain,ahainbl@hhs.gov,Female,189.245.166.44
419,Rodrick,Degoe,rdegoebm@sfgate.com,Male,157.127.186.161
420,Sapphire,Gilmour,sgilmourbn@ebay.co.uk,Female,12.28.6.4
421,Isabella,Bezley,ibezleybo@wiley.com,Female,234.132.98.53
422,Padraic,Loxdale,ploxdalebp@indiegogo.com,Male,201.154.113.172
423,Abeu,Tringham,atringhambq@who.int,Male,138.4.68.96
424,Gerianna,McVitie,gmcvitiebr@un.org,Female,81.63.44.244
425,Francene,Bawme,fbawmebs@wikia.com,Female,59.44.54.63
426,Lindy,Battaille,lbattaillebt@mashable.com,Female,240.125.230.90
427,Gerick,Ivell,givellbu@mediafire.com,Polygender,151.228.65.16
428,Klarrisa,Wahlberg,kwahlbergbv@phoca.cz,Female,129.104.217.67
429,Tomlin,Finlan,tfinlanbw@discuz.net,Male,91.145.105.0
430,Cosimo,Stenbridge,cstenbridgebx@si.edu,Male,46.80.110.236
431,Minette,Cheal,mchealby@yelp.com,Female,57.83.141.36
432,Yelena,Woolger,ywoolgerbz@nbcnews.com,Female,144.83.61.142
433,Hillie,Galletly,hgalletlyc0@eventbrite.com,Male,65.136.155.23
434,Mickie,Saxby,msaxbyc1@princeton.edu,Male,9.56.175.9
435,Gonzalo,Duny,gdunyc2@nih.gov,Male,61.101.241.8
436,Tandy,Fozzard,tfozzardc3@businessweek.com,Female,146.211.118.71
437,Jeremiah,Broadist,jbroadistc4@cnbc.com,Male,213.190.140.243
438,Rossy,Vaillant,rvaillantc5@auda.org.au,Male,45.242.172.21
439,Karlan,Cradey,kcradeyc6@github.com,Male,102.78.149.150
440,Danni,McCullock,dmccullockc7@oaic.gov.au,Female,210.34.103.203
441,Haley,Wannes,hwannesc8@sciencedirect.com,Female,212.77.172.147
442,Giustino,Crates,gcratesc9@reuters.com,Male,205.141.45.133
443,Jacquette,Jacox,jjacoxca@kickstarter.com,Female,61.198.183.26
444,Stanislaus,Leyson,sleysoncb@plala.or.jp,Genderfluid,115.6.151.141
445,Shannon,Cantwell,scantwellcc@pbs.org,Female,142.202.233.119
446,Richmound,Ormerod,rormerodcd@squarespace.com,Male,247.142.169.76
447,Irvine,Surgey,isurgeyce@technorati.com,Male,73.6.211.177
448,Maryellen,Wigzell,mwigzellcf@un.org,Female,56.206.124.30
449,Damon,Keming,dkemingcg@businessinsider.com,Male,193.51.50.112
450,Dyana,Lemmon,dlemmonch@ox.ac.uk,Female,81.20.33.216
451,Ronalda,Clows,rclowsci@joomla.org,Female,139.192.82.78
452,Tabby,Massy,tmassycj@ihg.com,Genderqueer,88.84.32.193
453,Reid,Bunnell,rbunnellck@wisc.edu,Male,4.208.250.205
454,Livia,Leighton,lleightoncl@ezinearticles.com,Female,105.220.192.81
455,Odelinda,Maas,omaascm@delicious.com,Female,208.215.255.17
456,Angela,Bishell,abishellcn@prweb.com,Female,51.234.19.121
457,Ariella,Jeandet,ajeandetco@newyorker.com,Female,117.119.37.60
458,Steward,Rickword,srickwordcp@e-recht24.de,Male,119.166.99.170
459,Clevie,Tinsley,ctinsleycq@arizona.edu,Male,52.55.137.186
460,Gennifer,Balaam,gbalaamcr@free.fr,Female,176.243.41.45
461,Rocky,Cecchetelli,rcecchetellics@simplemachines.org,Male,80.221.121.205
462,Christal,Snazle,csnazlect@joomla.org,Female,215.19.116.2
463,Gerrilee,Weatherdon,gweatherdoncu@ca.gov,Female,226.49.238.248
464,Ricca,Tabert,rtabertcv@bizjournals.com,Female,247.12.5.8
465,Lora,Whittles,lwhittlescw@pen.io,Female,97.149.41.194
466,Lane,Rougier,lrougiercx@spotify.com,Male,232.129.60.82
467,Carr,Lynagh,clynaghcy@mit.edu,Male,197.21.76.199
468,Heall,Chape,hchapecz@intel.com,Male,56.142.224.231
469,Lloyd,Beiderbeck,lbeiderbeckd0@umn.edu,Male,201.64.168.102
470,Seymour,Klemt,sklemtd1@wisc.edu,Male,98.211.143.122
471,Katina,Abbati,kabbatid2@list-manage.com,Female,174.65.178.97
472,Minnnie,Gottelier,mgottelierd3@amazon.de,Female,56.108.197.140
473,Georges,Brugemann,gbrugemannd4@reuters.com,Male,227.197.109.195
474,Rolando,McBeth,rmcbethd5@nih.gov,Male,189.90.12.22
475,Hamilton,Palumbo,hpalumbod6@dot.gov,Male,8.149.193.145
476,Clementius,Penas,cpenasd7@forbes.com,Male,44.11.30.203
477,Hedda,Jobling,hjoblingd8@booking.com,Bigender,133.108.83.132
478,Duky,Grono,dgronod9@hostgator.com,Male,93.189.111.227
479,Lyndsay,Pexton,lpextonda@w3.org,Female,149.156.133.116
480,Hercules,Gumn,hgumndb@xrea.com,Male,17.155.117.98
481,Tomas,Beneyto,tbeneytodc@howstuffworks.com,Male,142.75.84.79
482,Lexi,Landells,llandellsdd@addtoany.com,Female,216.156.101.22
483,Leena,Goodby,lgoodbyde@gnu.org,Female,17.173.63.252
484,Hanna,Peat,hpeatdf@ebay.co.uk,Female,21.248.43.181
485,Rudy,Pigot,rpigotdg@ted.com,Male,87.241.194.169
486,Carly,Bloxsum,cbloxsumdh@cnn.com,Male,180.118.120.89
487,Cecelia,Pharrow,cpharrowdi@indiegogo.com,Female,32.45.224.119
488,Goddart,Farquar,gfarquardj@com.com,Bigender,65.61.235.126
489,Rozalie,Elizabeth,relizabethdk@biblegateway.com,Female,157.154.80.49
490,Frants,O'Duane,foduanedl@archive.org,Polygender,63.14.117.32
491,Orran,Epdell,oepdelldm@wikimedia.org,Male,69.134.63.82
492,Morgan,Rogeron,mrogerondn@zdnet.com,Female,9.198.223.82
493,Malva,Mace,mmacedo@pcworld.com,Female,19.184.164.13
494,Clevey,Croux,ccrouxdp@nih.gov,Male,229.227.247.37
495,Kaycee,Liccardo,kliccardodq@adobe.com,Female,234.217.16.125
496,Stephenie,Cowsby,scowsbydr@blogspot.com,Polygender,81.201.41.179
497,Cos,Eilles,ceillesds@blog.com,Male,186.36.171.56
498,Alie,Waterfall,awaterfalldt@cnet.com,Agender,69.183.172.187
499,Romain,Stapleton,rstapletondu@noaa.gov,Male,198.98.81.108
500,Marshall,Sappy,msappydv@free.fr,Male,102.213.23.54
501,Winonah,Elman,welmandw@tinyurl.com,Female,18.83.253.81
502,Jillie,Leese,jleesedx@usa.gov,Polygender,185.74.36.82
503,Pernell,Drewet,pdrewetdy@msn.com,Male,53.179.84.154
504,Derby,Broadfield,dbroadfielddz@cbslocal.com,Male,22.231.119.241
505,Rosene,Edinburough,redinburoughe0@ft.com,Female,219.109.187.214
506,Kelcey,Bellson,kbellsone1@shutterfly.com,Female,76.117.186.89
507,Trevar,Haylock,thaylocke2@freewebs.com,Male,6.141.35.46
508,Wes,Bubbins,wbubbinse3@epa.gov,Male,73.174.155.48
509,Aeriela,Erskine,aerskinee4@fc2.com,Female,70.22.136.7
510,Ker,Coenraets,kcoenraetse5@cpanel.net,Male,34.211.250.50
511,Odo,Nowakowska,onowakowskae6@webs.com,Male,100.186.20.215
512,Alecia,Vear,aveare7@bravesites.com,Female,136.140.45.195
513,Brietta,Fer,bfere8@jimdo.com,Female,137.173.83.182
514,Phillipe,Kensit,pkensite9@seesaa.net,Male,174.230.237.11
515,Prissie,Widdop,pwiddopea@google.com.hk,Female,106.140.143.202
516,Cos,Faulder,cfauldereb@jiathis.com,Male,122.48.107.137
517,Brewster,Dibner,bdibnerec@craigslist.org,Male,22.94.248.193
518,Jolee,Piechnik,jpiechniked@yelp.com,Female,245.93.248.239
519,Marcellus,Dewerson,mdewersonee@shareasale.com,Male,45.165.45.235
520,Tammie,Hartzogs,thartzogsef@redcross.org,Female,250.25.157.204
521,Alexio,Burchell,aburchelleg@ask.com,Male,79.255.10.213
522,Agata,Dukesbury,adukesburyeh@wikimedia.org,Agender,44.9.127.119
523,Dacey,Blunn,dblunnei@imgur.com,Female,60.69.246.4
524,Charleen,Olman,colmanej@feedburner.com,Female,142.167.161.133
525,Celka,Aisthorpe,caisthorpeek@is.gd,Female,221.217.76.146
526,Gay,Von Salzberg,gvonsalzbergel@opera.com,Female,252.63.81.18
527,Junette,O'Deoran,jodeoranem@ucoz.com,Female,59.233.157.244
528,Sharyl,Jansky,sjanskyen@edublogs.org,Female,70.142.37.243
529,Chelsie,De La Salle,cdelasalleeo@alibaba.com,Female,88.80.3.9
530,Rodie,Genders,rgendersep@nhs.uk,Female,255.105.94.124
531,Rachael,Adriaan,radriaaneq@joomla.org,Female,189.92.135.241
532,Fiorenze,Kisting,fkistinger@moonfruit.com,Female,60.175.239.241
533,Meredith,Scoffham,mscoffhames@blogger.com,Male,126.54.206.10
534,Vida,Mankor,vmankoret@intel.com,Female,101.15.251.35
535,Laurel,Costan,lcostaneu@about.me,Genderfluid,228.164.246.123
536,Ahmad,Jozwicki,ajozwickiev@bloomberg.com,Male,200.60.91.146
537,Moses,Condict,mcondictew@oaic.gov.au,Male,131.236.55.103
538,Nessy,Depka,ndepkaex@sciencedaily.com,Female,239.116.4.56
539,Gloria,Fardoe,gfardoeey@fema.gov,Female,226.238.214.16
540,Emmett,Gilstoun,egilstounez@feedburner.com,Male,64.28.247.103
541,Kip,Gwinnett,kgwinnettf0@hatena.ne.jp,Female,190.19.17.59
542,Estevan,Fussen,efussenf1@sciencedirect.com,Male,54.90.243.252
543,Anders,Lassetter,alassetterf2@fema.gov,Male,108.202.86.200
544,Carolyn,Arboin,carboinf3@last.fm,Female,52.216.22.181
545,Carter,Bridgewater,cbridgewaterf4@tripod.com,Male,30.52.104.240
546,Teriann,Calderonello,tcalderonellof5@tiny.cc,Female,64.97.99.185
547,Bo,Londors,blondorsf6@chicagotribune.com,Male,52.65.54.41
548,Fredrika,Bassill,fbassillf7@sourceforge.net,Female,172.212.40.142
549,Prent,Lawler,plawlerf8@shop-pro.jp,Genderqueer,168.0.19.215
550,Griffin,Sedgefield,gsedgefieldf9@cafepress.com,Genderqueer,227.197.197.178
551,Quillan,Rembrant,qrembrantfa@dion.ne.jp,Male,21.46.122.237
552,Hirsch,Spavon,hspavonfb@amazonaws.com,Male,93.180.215.62
553,Alejandro,Shortland,ashortlandfc@people.com.cn,Male,57.15.89.217
554,Robina,Radolf,rradolffd@nps.gov,Female,13.9.245.134
555,Carmon,Lauder,clauderfe@cdc.gov,Female,129.175.100.29
556,Merilee,Eastby,meastbyff@nationalgeographic.com,Female,63.79.162.67
557,Quinn,Batchan,qbatchanfg@hc360.com,Male,118.151.166.122
558,Dell,Rackley,drackleyfh@va.gov,Male,81.90.126.54
559,Albertina,Christoffersen,achristoffersenfi@go.com,Female,238.128.52.161
560,Norbert,Briggs,nbriggsfj@t.co,Male,151.95.4.208
561,Xenia,Windmill,xwindmillfk@ebay.co.uk,Polygender,134.129.65.178
562,Nickolai,Ranner,nrannerfl@livejournal.com,Male,252.25.84.183
563,Casar,Rossander,crossanderfm@github.io,Male,133.167.5.43
564,Muire,Frosch,mfroschfn@imageshack.us,Non-binary,127.66.182.127
565,Juliane,Brierly,jbrierlyfo@ameblo.jp,Non-binary,81.246.133.110
566,Matt,Tolomelli,mtolomellifp@goo.gl,Male,1.141.157.102
567,Yance,Luckey,yluckeyfq@tmall.com,Male,226.103.108.189
568,Sarine,Panks,spanksfr@who.int,Female,200.28.138.212
569,Allyn,Valintine,avalintinefs@ucoz.com,Female,75.200.134.179
570,Lombard,Balling,lballingft@bing.com,Male,38.211.59.189
571,Peyton,Howard - Gater,phowardgaterfu@hao123.com,Male,138.182.244.65
572,Jed,Leschelle,jleschellefv@msu.edu,Male,200.99.199.169
573,Malynda,Argabrite,margabritefw@xrea.com,Female,190.71.189.216
574,Gerhard,Bartell,gbartellfx@google.co.uk,Male,232.21.169.7
575,Gianina,Gumery,ggumeryfy@ted.com,Female,127.30.100.154
576,Carlynne,Swindley,cswindleyfz@vkontakte.ru,Female,167.186.150.117
577,Mendie,Hurley,mhurleyg0@gmpg.org,Male,109.65.53.37
578,Morry,De Filippis,mdefilippisg1@soundcloud.com,Male,99.100.157.131
579,Korrie,McPeeters,kmcpeetersg2@kickstarter.com,Female,182.224.51.153
580,Rois,Nassie,rnassieg3@ca.gov,Female,36.119.241.110
581,Fayina,Cathrall,fcathrallg4@surveymonkey.com,Polygender,82.49.76.76
582,Nicola,Haddon,nhaddong5@g.co,Female,153.90.218.109
583,Grant,Wink,gwinkg6@ask.com,Male,234.253.219.122
584,Bernardina,Cormack,bcormackg7@apple.com,Female,13.76.25.226
585,Rriocard,Goldsby,rgoldsbyg8@google.com.au,Male,162.117.129.172
586,Babbette,Bachelor,bbachelorg9@tiny.cc,Female,140.172.127.89
587,Emyle,Rosenhaupt,erosenhauptga@senate.gov,Female,133.224.41.219
588,Sanson,Worham,sworhamgb@blogspot.com,Male,232.241.57.240
589,Valerie,Brisley,vbrisleygc@kickstarter.com,Female,12.233.59.113
590,Leela,Ensor,lensorgd@columbia.edu,Non-binary,64.82.215.16
591,Elias,Leopard,eleopardge@tinyurl.com,Male,197.0.79.35
592,Leon,Meeks,lmeeksgf@va.gov,Male,70.218.234.185
593,Wyndham,Khotler,wkhotlergg@woothemes.com,Male,238.106.251.154
594,Ginevra,Kelleher,gkellehergh@microsoft.com,Female,120.107.141.145
595,Felicle,Brugsma,fbrugsmagi@weather.com,Genderqueer,187.190.221.227
596,Batsheva,Ugoletti,bugolettigj@msu.edu,Female,129.185.159.59
597,Brig,Mewes,bmewesgk@disqus.com,Male,73.62.91.56
598,Jolee,Rama,jramagl@google.com.au,Female,61.239.49.148
599,Kaitlin,Satchel,ksatchelgm@surveymonkey.com,Female,118.115.202.211
600,Ilyssa,Mascall,imascallgn@tamu.edu,Female,135.52.80.223
