id,first_name,last_name,email,gender,ip_address
1,Neile,Jaffray,njaffray0@usnews.com,Female,174.138.83.50
2,Jacky,Blow,jblow1@wikimedia.org,Male,213.82.8.155
3,Gerrard,Flockhart,gflockhart2@addtoany.com,Male,246.64.2.241
4,Rick,Crawforth,rcrawforth3@last.fm,Male,102.154.34.172
5,Rora,Klishin,rklishin4@artisteer.com,Female,15.55.227.26
6,Francisca,Songer,fsonger5@google.pl,Female,154.99.64.177
7,Judie,Swindon,jswindon6@sourceforge.net,Female,27.227.37.23
8,Josselyn,Kilgallen,jkilgallen7@tripadvisor.com,Non-binary,208.187.218.168
9,Felicle,Van Der Vlies,fvandervlies8@gnu.org,Female,133.255.83.29
10,Chrisse,MacWhirter,cmacwhirter9@cyberchimps.com,Male,203.86.123.1
11,Valene,Pyper,vpypera@networksolutions.com,Genderqueer,191.170.160.59
12,Murial,Feild,mfeildb@unc.edu,Female,151.35.173.198
13,Kristian,Sally,ksallyc@mozilla.org,Male,44.155.101.165
14,Bennett,Ivimey,bivimeyd@indiatimes.com,Male,40.1.44.213
15,Patty,Missenden,pmissendene@pen.io,Genderqueer,86.160.112.219
16,Kacy,Chazelas,kchazelasf@jugem.jp,Female,230.184.120.229
17,Rena,Blant,rblantg@360.cn,Female,142.253.130.13
18,Terrye,Garrish,tgarrishh@accuweather.com,Female,190.152.205.156
19,Khalil,Randleson,krandlesoni@un.org,Male,134.127.19.171
20,Sancho,Collister,scollisterj@devhub.com,Male,100.163.170.233
21,Cori,Fedoronko,cfedoronkok@istockphoto.com,Male,174.168.126.14
22,Baryram,Pietsma,bpietsmal@typepad.com,Male,197.84.201.110
23,Rae,Rulf,rrulfm@google.com.br,Female,168.35.28.74
24,Conroy,Andriss,candrissn@privacy.gov.au,Male,80.100.127.228
25,Rikki,Goldwater,rgoldwatero@constantcontact.com,Male,208.190.155.151
26,Olag,Klich,oklichp@shutterfly.com,Male,27.148.34.77
27,Corrina,Brunetti,cbrunettiq@wikimedia.org,Female,56.151.155.80
28,Bryan,Di Bernardo,bdibernardor@craigslist.org,Male,178.50.183.238
29,Virgie,De Morena,vdemorenas@ft.com,Male,100.144.21.76
30,Debora,Grastye,dgrastyet@unc.edu,Female,209.91.235.221
31,Spencer,Bartholat,sbartholatu@google.co.uk,Bigender,34.208.54.236
32,Eudora,McGettigan,emcgettiganv@nba.com,Genderfluid,43.148.69.227
33,Craggy,Irving,cirvingw@toplist.cz,Male,241.243.247.8
34,Eadmund,Bernhard,ebernhardx@w3.org,Male,53.227.251.231
35,Teddie,Wollacott,twollacotty@ox.ac.uk,Female,143.188.216.217
36,Alvinia,Arnaldo,aarnaldoz@wikimedia.org,Genderfluid,81.152.230.148
37,Joannes,Dancey,jdancey10@123-reg.co.uk,Female,46.79.227.16
38,Christi,Legerton,clegerton11@hibu.com,Female,92.220.25.59
39,Mischa,Martignoni,mmartignoni12@wix.com,Male,213.197.39.142
40,Curt,Reynard,creynard13@wordpress.org,Male,100.136.229.227
41,Faydra,Boyle,fboyle14@sphinn.com,Female,240.54.226.49
42,Joan,Henrichs,jhenrichs15@liveinternet.ru,Female,250.194.254.86
43,Wood,Gillespey,wgillespey16@weather.com,Male,204.99.219.28
44,Kimmie,Drakeford,kdrakeford17@phpbb.com,Female,75.17.213.164
45,Gavra,Sent,gsent18@com.com,Female,236.145.118.225
46,Midge,Greson,mgreson19@forbes.com,Female,241.206.13.41
47,Hildagard,McConnel,hmcconnel1a@nba.com,Female,16.77.115.114
48,Lina,Pinchback,lpinchback1b@soundcloud.com,Female,135.48.241.235
49,Moll,Please,mplease1c@redcross.org,Female,254.129.200.112
50,Ned,Hiddy,nhiddy1d@flickr.com,Male,195.4.45.114
51,Tan,McMorran,tmcmorran1e@indiatimes.com,Male,7.169.237.95
52,Tamarah,Endecott,tendecott1f@usnews.com,Female,227.113.99.224
53,Des,Whelband,dwhelband1g@dion.ne.jp,Male,111.218.38.231
54,Denver,Longlands,dlonglands1h@time.com,Male,106.246.101.131
55,Bink,Arnold,barnold1i@accuweather.com,Male,179.2.59.129
56,Susann,Sharrier,ssharrier1j@toplist.cz,Female,118.232.13.246
57,Donavon,Ropcke,dropcke1k@state.gov,Male,102.89.0.142
58,Leupold,Le Frank,llefrank1l@spiegel.de,Male,52.90.99.106
59,Elton,Atchly,eatchly1m@yale.edu,Male,173.89.113.6
60,Grata,Hawthorne,ghawthorne1n@ft.com,Bigender,77.249.229.237
61,Nicky,Gittis,ngittis1o@elegantthemes.com,Female,59.175.234.33
62,Vivienne,McGreil,vmcgreil1p@smh.com.au,Female,58.237.199.120
63,Brandea,Cramond,bcramond1q@opera.com,Female,8.220.34.168
64,Cecilia,Melato,cmelato1r@icio.us,Female,236.179.101.28
65,Stearne,Spinas,sspinas1s@state.tx.us,Male,253.139.86.20
66,Mallissa,Olifard,molifard1t@bloglovin.com,Female,248.101.71.174
67,Ichabod,Blenkinsopp,iblenkinsopp1u@chron.com,Bigender,184.240.215.220
68,Hertha,Galway,hgalway1v@paginegialle.it,Female,157.24.10.111
69,Zabrina,Otton,zotton1w@gnu.org,Female,7.17.205.62
70,Damiano,Stanton,dstanton1x@de.vu,Male,191.167.209.106
71,Drucie,Summerson,dsummerson1y@gnu.org,Female,79.161.171.232
72,Arie,Wyllcock,awyllcock1z@storify.com,Male,104.22.194.245
73,Portia,Di Giacomo,pdigiacomo20@aboutads.info,Female,196.50.191.236
74,Kaspar,Watling,kwatling21@census.gov,Male,76.195.162.47
75,Ara,Angelo,aangelo22@acquirethisname.com,Male,249.219.36.204
76,Randie,Fairhead,rfairhead23@twitpic.com,Male,10.78.198.77
77,Bellanca,Collop,bcollop24@quantcast.com,Female,205.94.141.103
78,Daffie,Jermy,djermy25@patch.com,Female,146.22.100.211
79,Carlene,Dorr,cdorr26@tamu.edu,Female,215.141.184.64
80,Callie,Ertelt,certelt27@printfriendly.com,Female,18.148.122.41
81,Georgeta,Smartman,gsmartman28@skype.com,Female,192.33.109.199
82,Bari,Hughf,bhughf29@xrea.com,Female,133.51.137.122
83,Eugenius,Rodear,erodear2a@fema.gov,Male,170.67.156.195
84,Dorri,Fergusson,dfergusson2b@rediff.com,Female,208.78.17.78
85,Rhodie,Mardee,rmardee2c@ted.com,Female,105.23.162.3
86,Blondy,Panniers,bpanniers2d@utexas.edu,Bigender,132.190.255.133
87,Chris,Tremollet,ctremollet2e@qq.com,Bigender,225.162.2.15
88,Cathrin,Lebell,clebell2f@cdc.gov,Female,35.180.115.212
89,Rina,Risen,rrisen2g@rediff.com,Female,143.251.137.47
90,Carey,Orys,corys2h@tmall.com,Male,193.4.107.84
91,Niko,Mowson,nmowson2i@sphinn.com,Male,246.154.79.216
92,Jaime,Danter,jdanter2j@purevolume.com,Female,127.8.5.205
93,Richard,Pashler,rpashler2k@topsy.com,Genderfluid,213.121.97.165
94,Marney,Dy,mdy2l@apache.org,Female,70.206.234.237
95,Jed,Hark,jhark2m@telegraph.co.uk,Male,156.176.232.147
96,Saul,Byng,sbyng2n@ustream.tv,Male,129.72.198.155
97,Tedman,Jentzsch,tjentzsch2o@arstechnica.com,Male,162.93.244.93
98,Tove,Guess,tguess2p@myspace.com,Female,155.53.141.206
99,Otto,Gorries,ogorries2q@t.co,Male,47.44.42.65
100,Ruth,Wagner,rwagner2r@diigo.com,Female,60.93.118.147
101,Marvin,Jayme,mjayme2s@liveinternet.ru,Male,189.203.204.140
102,Lorenzo,Gagie,lgagie2t@whitehouse.gov,Male,40.122.157.152
103,Judith,Mateos,jmateos2u@slashdot.org,Female,254.103.48.111
104,Quentin,Richarz,qricharz2v@hao123.com,Female,115.92.91.254
105,Rosita,Abbatucci,rabbatucci2w@rakuten.co.jp,Female,23.132.7.67
106,Estrellita,Conaghan,econaghan2x@businesswire.com,Female,27.73.0.67
107,Filippa,Fawthrop,ffawthrop2y@weather.com,Female,224.130.214.229
108,Sigrid,Lawley,slawley2z@google.com,Female,30.13.60.39
109,Flossi,Stanney,fstanney30@ifeng.com,Non-binary,255.70.8.184
110,Scarface,Provis,sprovis31@liveinternet.ru,Genderqueer,73.40.119.253
111,Johnna,Bellworthy,jbellworthy32@godaddy.com,Female,113.92.43.185
112,Gwynne,Alexandersson,galexandersson33@icq.com,Female,150.52.173.251
113,Blinni,Jore,bjore34@taobao.com,Female,146.161.6.22
114,Ramsey,Keling,rkeling35@stumbleupon.com,Male,107.186.109.47
115,Nonnah,Westhoff,nwesthoff36@state.tx.us,Female,224.70.87.166
116,Lucita,Leisk,lleisk37@earthlink.net,Female,233.246.6.209
117,Simone,Dewdney,sdewdney38@weibo.com,Female,177.112.197.174
118,Troy,Degoey,tdegoey39@theglobeandmail.com,Male,132.43.254.54
119,Stacy,Bastone,sbastone3a@columbia.edu,Male,179.20.101.232
120,Charissa,Cubley,ccubley3b@geocities.jp,Female,7.238.68.180
121,Sioux,Trattles,strattles3c@furl.net,Female,180.159.44.108
122,Eloise,Jorcke,ejorcke3d@unicef.org,Female,30.188.67.155
123,Brion,Ruggen,bruggen3e@ifeng.com,Non-binary,162.52.192.31
124,Shelton,Fellos,sfellos3f@google.com.au,Male,99.213.77.152
125,Bastien,MacKim,bmackim3g@mysql.com,Male,153.225.227.147
126,Steffen,Olivella,solivella3h@bravesites.com,Male,89.177.204.16
127,Burtie,Jeffcoat,bjeffcoat3i@princeton.edu,Male,190.7.44.53
128,Cleopatra,Vazquez,cvazquez3j@prweb.com,Female,249.204.179.191
129,Melissa,Plenty,mplenty3k@yolasite.com,Female,49.143.197.206
130,Lanni,Archibould,larchibould3l@amazonaws.com,Female,102.238.96.120
131,Dav,Kyngdon,dkyngdon3m@joomla.org,Male,70.118.161.234
132,Adrian,Durram,adurram3n@noaa.gov,Male,72.172.135.225
133,Fawne,Triplet,ftriplet3o@rakuten.co.jp,Female,6.233.11.46
134,Alano,Crookshank,acrookshank3p@youku.com,Male,129.20.35.89
135,Ike,Perrot,iperrot3q@cpanel.net,Male,62.210.9.138
136,Magda,Foch,mfoch3r@vk.com,Female,92.17.191.244
137,Krystal,Forson,kforson3s@wp.com,Female,201.229.76.19
138,Erroll,Bassano,ebassano3t@mail.ru,Male,133.62.6.140
139,Roseanne,Warboy,rwarboy3u@patch.com,Female,33.91.151.212
140,Jude,Plester,jplester3v@fda.gov,Male,154.77.61.228
141,Dyana,Norris,dnorris3w@amazon.de,Female,4.136.83.98
142,Shep,Lidgett,slidgett3x@geocities.jp,Male,122.69.100.152
143,Mattie,Le Leu,mleleu3y@networkadvertising.org,Male,249.44.193.151
144,Jaye,Jirousek,jjirousek3z@twitpic.com,Male,72.149.133.69
145,Borden,Ladley,bladley40@usgs.gov,Male,20.5.249.125
146,Nadeen,Esche,nesche41@wufoo.com,Female,237.177.166.152
147,Regina,Eakly,reakly42@sina.com.cn,Female,208.144.31.176
148,Chery,Borrell,cborrell43@webnode.com,Polygender,53.96.191.201
149,Astra,Brew,abrew44@dot.gov,Female,80.123.76.89
150,Anica,Yeandel,ayeandel45@pcworld.com,Non-binary,198.9.76.191
151,Rudie,Mant,rmant46@harvard.edu,Agender,47.240.62.171
152,Dalton,Hiddy,dhiddy47@auda.org.au,Male,223.98.184.243
153,Garland,Whyler,gwhyler48@businessinsider.com,Female,105.91.213.212
154,Cordie,Thorbon,cthorbon49@archive.org,Male,153.64.86.47
155,Yehudit,Wigzell,ywigzell4a@vkontakte.ru,Male,253.27.243.235
156,Inger,Morstatt,imorstatt4b@irs.gov,Male,247.67.87.24
157,Eb,Hesey,ehesey4c@furl.net,Male,235.9.190.239
158,Thaddus,Armatidge,tarmatidge4d@rambler.ru,Male,13.155.101.69
159,Kitty,McCusker,kmccusker4e@yellowpages.com,Female,56.29.99.122
160,Janaya,Aguilar,jaguilar4f@360.cn,Female,14.175.226.133
161,Maribeth,Boynton,mboynton4g@reddit.com,Bigender,199.227.209.170
162,Alexis,Savins,asavins4h@lulu.com,Female,130.158.99.241
163,Tymon,Marcq,tmarcq4i@google.pl,Male,233.162.172.56
164,Nappy,Daunay,ndaunay4j@cargocollective.com,Male,19.57.227.200
165,Francois,Kynoch,fkynoch4k@linkedin.com,Male,65.76.16.142
166,Silvie,Cowdroy,scowdroy4l@ucoz.com,Female,127.54.173.142
167,Brendin,Tynemouth,btynemouth4m@php.net,Polygender,208.172.6.92
168,Keriann,Vignal,kvignal4n@apple.com,Female,228.174.58.175
169,Paolo,Whiscard,pwhiscard4o@sina.com.cn,Male,209.127.166.51
170,Henderson,Reid,hreid4p@cnbc.com,Male,7.89.166.154
171,Babbie,McKeon,bmckeon4q@deliciousdays.com,Female,132.231.110.163
172,Gilemette,Humbee,ghumbee4r@ed.gov,Female,187.207.2.91
173,Daniela,Hatter,dhatter4s@technorati.com,Female,109.68.162.78
174,Sella,D'Souza,sdsouza4t@smh.com.au,Female,197.181.138.164
175,Noe,Mabb,nmabb4u@scribd.com,Male,245.221.47.125
176,Arney,Rowsell,arowsell4v@deviantart.com,Male,205.183.24.167
177,Joshia,Krebs,jkrebs4w@bloomberg.com,Male,168.125.40.167
178,Eberto,Hambidge,ehambidge4x@businessweek.com,Male,40.250.60.231
179,Lee,Raubenheimers,lraubenheimers4y@hp.com,Polygender,239.8.130.28
180,Vivien,Zambon,vzambon4z@yellowbook.com,Female,93.205.204.112
181,Doe,Randals,drandals50@hostgator.com,Female,174.175.67.166
182,Sam,Olyet,solyet51@blogtalkradio.com,Female,25.224.10.9
183,Launce,Terrett,lterrett52@goo.ne.jp,Male,208.45.81.3
184,Torey,Gress,tgress53@furl.net,Female,35.54.72.112
185,Otho,Cribbott,ocribbott54@jigsy.com,Male,174.235.156.224
186,Rhianon,Tregea,rtregea55@usnews.com,Female,106.192.5.178
187,Irwin,Aves,iaves56@google.ru,Male,93.8.31.121
188,Letta,Boseley,lboseley57@marriott.com,Genderfluid,186.22.210.2
189,Alessandra,Grabeham,agrabeham58@sciencedirect.com,Female,226.130.101.23
190,Kerwinn,Curtin,kcurtin59@whitehouse.gov,Male,177.182.39.154
191,Lewie,Kearns,lkearns5a@scientificamerican.com,Male,177.147.26.40
192,Rosene,O'Brallaghan,robrallaghan5b@creativecommons.org,Female,23.11.138.239
193,Marissa,D'Cruze,mdcruze5c@angelfire.com,Polygender,23.57.53.115
194,Thedric,Baal,tbaal5d@livejournal.com,Non-binary,206.212.21.12
195,Jackie,Bartlomiej,jbartlomiej5e@sfgate.com,Genderfluid,47.39.50.151
196,Lev,Casa,lcasa5f@sbwire.com,Male,95.75.27.203
197,Kale,Ahlin,kahlin5g@pen.io,Male,101.233.201.78
198,Veronica,Montilla,vmontilla5h@foxnews.com,Female,199.192.109.30
199,Bertrand,Kenwell,bkenwell5i@boston.com,Male,80.191.60.87
200,Milt,de Courcy,mdecourcy5j@hibu.com,Male,225.126.245.137
201,Chicky,Andress,candress5k@businessinsider.com,Female,38.9.209.187
202,Kimmi,Matveiko,kmatveiko5l@amazonaws.com,Female,215.234.117.122
203,Kane,Paulino,kpaulino5m@tripadvisor.com,Male,254.166.232.98
204,Eddy,Pynner,epynner5n@unicef.org,Female,83.10.255.101
205,Rickard,Gritsaev,rgritsaev5o@sbwire.com,Male,118.2.116.229
206,Gerek,Kingswell,gkingswell5p@apache.org,Male,96.65.251.44
207,Velvet,Codner,vcodner5q@seattletimes.com,Female,101.196.34.51
208,Brook,Corden,bcorden5r@google.nl,Male,178.14.168.95
209,Claire,Cammock,ccammock5s@fema.gov,Male,0.82.82.166
210,Bartholomeo,Shelmerdine,bshelmerdine5t@nydailynews.com,Male,29.250.141.66
211,Farra,Ewell,fewell5u@so-net.ne.jp,Female,251.45.252.231
212,Cherianne,Glanister,cglanister5v@blogs.com,Agender,128.198.176.74
213,Emmit,Maty,ematy5w@google.com.au,Male,233.78.250.128
214,Meir,Marriot,mmarriot5x@nyu.edu,Male,55.45.143.107
215,Shela,Mahody,smahody5y@ocn.ne.jp,Female,223.137.163.39
216,Faye,Franzonetti,ffranzonetti5z@freewebs.com,Female,174.132.243.118
217,Rozelle,Coupe,rcoupe60@sfgate.com,Female,37.71.212.23
218,Thain,Hastewell,thastewell61@fastcompany.com,Male,116.245.96.193
219,Candida,Youll,cyoull62@mail.ru,Female,197.87.155.152
220,Roosevelt,Winkworth,rwinkworth63@mapquest.com,Male,212.160.160.191
221,Ezechiel,Congreave,econgreave64@eventbrite.com,Male,89.246.178.119
222,Ebeneser,Gilbane,egilbane65@cbslocal.com,Male,51.34.237.96
223,Ulrica,Withringten,uwithringten66@arizona.edu,Female,152.15.147.120
224,Rand,Kidner,rkidner67@baidu.com,Male,193.169.199.25
225,Angelico,Mewis,amewis68@virginia.edu,Male,195.159.11.10
226,Dante,Dunstan,ddunstan69@ifeng.com,Male,61.20.37.126
227,Raffarty,Harsum,rharsum6a@blog.com,Male,67.90.85.77
228,Tomi,Soames,tsoames6b@cnet.com,Female,175.81.238.229
229,Deanne,Merigon,dmerigon6c@cdbaby.com,Female,8.173.169.252
230,Hirsch,Cornehl,hcornehl6d@woothemes.com,Male,200.175.96.76
231,Morgun,Leifer,mleifer6e@jiathis.com,Male,155.12.167.203
232,Agustin,Somerled,asomerled6f@ibm.com,Male,137.95.179.128
233,Stepha,Gerty,sgerty6g@wiley.com,Female,238.50.53.231
234,Arnold,Sworder,asworder6h@live.com,Male,159.101.31.63
235,Kippy,Pedder,kpedder6i@google.com.au,Female,200.213.111.7
236,Rheta,Tallent,rtallent6j@apple.com,Female,41.210.25.120
237,Sayre,Kunzel,skunzel6k@theguardian.com,Male,4.35.95.31
238,Allegra,Janowicz,ajanowicz6l@cnbc.com,Female,9.255.189.102
239,Zorah,MacParlan,zmacparlan6m@china.com.cn,Female,5.3.147.231
240,Traver,Briars,tbriars6n@hugedomains.com,Non-binary,5.19.174.161
241,Kacy,Conaghan,kconaghan6o@comsenz.com,Non-binary,61.8.114.3
242,Foss,Vinter,fvinter6p@uiuc.edu,Male,234.230.194.48
243,Zacharias,Wadhams,zwadhams6q@com.com,Male,79.92.206.241
244,Hortensia,Gallyhaock,hgallyhaock6r@mozilla.com,Female,235.186.10.83
245,Karlens,Soaper,ksoaper6s@dedecms.com,Male,149.22.224.249
246,Humfried,Shave,hshave6t@buzzfeed.com,Male,19.27.168.250
247,Dari,Piatkow,dpiatkow6u@businessinsider.com,Female,98.63.95.254
248,Vita,Stratton,vstratton6v@purevolume.com,Genderqueer,222.102.21.66
249,Arvin,Tomicki,atomicki6w@time.com,Male,88.10.203.139
250,Vito,Quipp,vquipp6x@google.com.hk,Male,179.185.218.107
251,Angie,Benka,abenka6y@mysql.com,Female,215.75.95.120
252,Ingaborg,Kobpac,ikobpac6z@usatoday.com,Genderfluid,86.84.60.170
253,Nike,Izhak,nizhak70@jiathis.com,Female,83.7.77.193
254,Al,Eringey,aeringey71@mit.edu,Male,252.130.110.204
255,Hayley,Carrel,hcarrel72@marriott.com,Female,6.69.1.32
256,Rodrick,Ecclestone,recclestone73@drupal.org,Male,9.90.0.132
257,Roosevelt,Rehor,rrehor74@nbcnews.com,Male,132.83.12.74
258,Casandra,Sousa,csousa75@businesswire.com,Female,214.189.11.206
259,Foss,Mantrup,fmantrup76@china.com.cn,Male,122.50.56.232
260,Dyan,Bailiss,dbailiss77@blogger.com,Female,160.105.89.49
261,Klara,Pallatina,kpallatina78@cbslocal.com,Female,231.93.47.133
262,Ogdan,Wadly,owadly79@aol.com,Male,117.67.229.135
263,Curry,Gerring,cgerring7a@unicef.org,Male,137.6.14.21
264,Patrice,Sappy,psappy7b@t-online.de,Female,219.70.15.35
265,Jennifer,Pape,jpape7c@who.int,Female,88.114.124.14
266,Othella,Bilby,obilby7d@pen.io,Female,6.215.7.77
267,Maury,Querrard,mquerrard7e@noaa.gov,Male,11.180.203.3
268,Marcie,Court,mcourt7f@upenn.edu,Female,16.52.173.17
269,Sibbie,Potteridge,spotteridge7g@answers.com,Female,38.183.145.22
270,Jeniffer,Sumption,jsumption7h@zdnet.com,Female,235.75.227.125
271,Horatius,Kennet,hkennet7i@twitter.com,Male,224.116.82.77
272,Candide,Larive,clarive7j@weather.com,Female,104.4.11.214
273,Eyde,Crum,ecrum7k@oakley.com,Female,65.101.40.114
274,Elmo,Basant,ebasant7l@jimdo.com,Male,10.8.1.122
275,Rab,Wozencraft,rwozencraft7m@cargocollective.com,Bigender,133.65.190.112
276,Nonnah,Schiesterl,nschiesterl7n@psu.edu,Female,55.250.118.86
277,Reggie,Haquard,rhaquard7o@prweb.com,Male,20.64.243.243
278,Cherrita,Aggott,caggott7p@wikispaces.com,Female,176.255.121.123
279,Omero,Duligal,oduligal7q@multiply.com,Male,119.95.233.194
280,Kim,Livermore,klivermore7r@nature.com,Male,62.162.232.195
281,Natalya,Rogliero,nrogliero7s@hc360.com,Female,49.202.212.194
282,Imelda,Klammt,iklammt7t@free.fr,Female,132.97.177.148
283,Livy,Abys,labys7u@yellowbook.com,Female,23.2.203.38
284,Timothy,Votier,tvotier7v@yellowbook.com,Male,188.145.123.55
285,Jens,Foynes,jfoynes7w@sbwire.com,Male,16.90.240.72
286,Maxi,Ferreli,mferreli7x@dailymail.co.uk,Female,37.44.252.197
287,Samuel,Thirsk,sthirsk7y@eepurl.com,Male,99.205.43.188
288,Phillip,Senyard,psenyard7z@com.com,Male,223.233.243.2
289,Reginald,McComas,rmccomas80@reddit.com,Male,128.27.134.7
290,Olivier,Murtimer,omurtimer81@pinterest.com,Male,235.202.94.196
291,Millard,Brend,mbrend82@furl.net,Male,87.195.74.51
292,Parsifal,Dobel,pdobel83@unc.edu,Male,62.64.118.35
293,Osmund,Mansour,omansour84@nationalgeographic.com,Male,123.181.150.97
294,Sol,Frascone,sfrascone85@diigo.com,Male,129.79.148.34
295,Wade,Shegog,wshegog86@shinystat.com,Male,184.183.121.110
296,Ursuline,Dewey,udewey87@etsy.com,Female,34.48.134.125
297,Whitby,Klulisek,wklulisek88@google.ca,Male,197.55.167.20
298,Celestine,Dunabie,cdunabie89@moonfruit.com,Female,16.78.114.79
299,Blair,Fairtlough,bfairtlough8a@scribd.com,Genderqueer,132.176.244.47
300,Cathrine,Atthowe,catthowe8b@salon.com,Female,147.124.185.39
301,Cristina,Parsell,cparsell8c@photobucket.com,Female,9.63.97.190
302,Edsel,Tettersell,etettersell8d@smh.com.au,Male,108.117.85.44
303,Chrysa,Sebastian,csebastian8e@harvard.edu,Female,157.170.112.160
304,Nicolais,Kinningley,nkinningley8f@netlog.com,Male,219.215.9.89
305,Mariette,Kordt,mkordt8g@abc.net.au,Female,155.103.216.19
306,Carmen,Radden,cradden8h@foxnews.com,Female,186.115.95.53
307,Terrell,Kochlin,tkochlin8i@si.edu,Male,175.150.174.8
308,Kasey,Reddin,kreddin8j@artisteer.com,Female,45.88.62.250
309,Shurlocke,Abbatucci,sabbatucci8k@ovh.net,Male,2.227.122.197
310,Percival,Filon,pfilon8l@zimbio.com,Male,245.222.66.214
311,Allister,Hylands,ahylands8m@bluehost.com,Male,247.241.84.62
312,Maurise,Humbell,mhumbell8n@msu.edu,Genderqueer,18.116.222.25
313,Harvey,Witcher,hwitcher8o@joomla.org,Male,132.162.63.154
314,Gerhardine,Bellhanger,gbellhanger8p@smugmug.com,Female,241.94.180.31
315,Tades,Order,torder8q@epa.gov,Male,78.72.84.184
316,Ezekiel,Grigoletti,egrigoletti8r@dot.gov,Male,171.225.75.101
317,Kristian,Twaite,ktwaite8s@angelfire.com,Male,133.175.157.87
318,Mohandis,Itchingham,mitchingham8t@cdc.gov,Male,124.152.60.129
319,Leslie,McKibben,lmckibben8u@virginia.edu,Female,213.92.140.253
320,Brigida,Maxwell,bmaxwell8v@mapquest.com,Female,7.50.139.201
321,Ario,Enrrico,aenrrico8w@photobucket.com,Male,63.94.9.30
322,Sadie,Lattimore,slattimore8x@themeforest.net,Female,186.167.77.158
323,Magda,McVity,mmcvity8y@hp.com,Female,229.104.12.254
324,Tremain,Vizor,tvizor8z@shinystat.com,Genderqueer,129.231.65.28
325,Faber,Scardifeild,fscardifeild90@weibo.com,Male,10.23.104.48
326,Ethyl,Lowis,elowis91@tiny.cc,Female,136.25.100.46
327,Husein,Aris,haris92@live.com,Male,219.167.234.120
328,Geri,Clinch,gclinch93@smugmug.com,Male,247.91.44.222
329,Hector,Aspinwall,haspinwall94@godaddy.com,Male,245.96.220.199
330,Torr,Heild,theild95@wiley.com,Male,86.134.139.178
331,Duncan,Atkinson,datkinson96@wikia.com,Male,177.77.150.1
332,Cherrita,Dabrowski,cdabrowski97@about.me,Genderfluid,67.221.13.83
333,Maryanna,Geertje,mgeertje98@cisco.com,Female,227.27.78.217
334,Brook,Chapling,bchapling99@chicagotribune.com,Female,98.67.114.27
335,Andie,McGookin,amcgookin9a@mayoclinic.com,Genderfluid,107.47.204.121
336,Germayne,Thurman,gthurman9b@hibu.com,Male,18.208.251.38
337,Kathleen,Godrich,kgodrich9c@feedburner.com,Female,159.84.121.229
338,Audrey,Beagen,abeagen9d@nba.com,Female,109.207.222.249
339,Shelagh,O' Mulderrig,somulderrig9e@chronoengine.com,Female,83.78.99.76
340,Devlen,Crusham,dcrusham9f@csmonitor.com,Male,136.68.55.85
341,Kaylee,Yonnie,kyonnie9g@mysql.com,Female,123.104.189.200
342,Somerset,Agates,sagates9h@cpanel.net,Male,179.141.187.51
343,Sheelagh,Longina,slongina9i@va.gov,Female,1.215.240.152
344,Yves,Eilers,yeilers9j@godaddy.com,Male,218.178.147.63
345,Etty,Oguz,eoguz9k@nationalgeographic.com,Female,242.2.60.223
346,Elbertine,Buten,ebuten9l@ca.gov,Female,155.193.98.82
347,Edgar,Rohmer,erohmer9m@reddit.com,Male,57.95.146.28
348,Sam,Huc,shuc9n@macromedia.com,Male,146.5.182.216
349,Johnette,Braddon,jbraddon9o@tiny.cc,Female,132.202.241.2
350,Manya,Gawler,mgawler9p@jugem.jp,Female,71.0.117.189
351,Annadiana,Hatchett,ahatchett9q@naver.com,Female,202.220.10.44
352,Deanna,Simonnet,dsimonnet9r@businessinsider.com,Non-binary,228.242.246.169
353,Teodorico,Vearncombe,tvearncombe9s@arstechnica.com,Male,210.226.118.211
354,Kenna,Gabel,kgabel9t@house.gov,Female,43.22.194.50
355,Yolanthe,Cleugher,ycleugher9u@sourceforge.net,Female,82.140.71.227
356,Lew,Flarity,lflarity9v@epa.gov,Male,22.124.32.86
357,Payton,Krikorian,pkrikorian9w@bbc.co.uk,Genderqueer,57.120.43.98
358,Maggy,Thaxton,mthaxton9x@behance.net,Female,99.103.90.200
359,Vin,Massie,vmassie9y@cbslocal.com,Female,227.86.31.14
360,Tamar,Kidston,tkidston9z@1688.com,Female,76.254.71.179
361,Baxy,Oakinfold,boakinfolda0@arstechnica.com,Male,37.133.211.25
362,Gaby,Gillmor,ggillmora1@joomla.org,Female,221.116.63.75
363,Chloe,Breede,cbreedea2@theglobeandmail.com,Female,56.172.168.155
364,Osbourne,Bachelar,obachelara3@nature.com,Male,166.22.50.139
365,Margarethe,Hadny,mhadnya4@latimes.com,Female,16.37.84.100
366,Sally,Chate,schatea5@irs.gov,Female,50.148.26.236
367,Staford,Posthill,sposthilla6@npr.org,Male,43.201.117.159
368,Jeramie,MacCaffery,jmaccafferya7@foxnews.com,Male,90.125.161.233
369,Lizzie,Heiner,lheinera8@huffingtonpost.com,Bigender,63.51.189.68
370,Allix,Andren,aandrena9@friendfeed.com,Female,90.12.216.25
371,Freeman,Dulen,fdulenaa@thetimes.co.uk,Male,73.168.51.86
372,Burl,Leyband,bleybandab@yahoo.com,Male,18.203.221.82
373,Cathyleen,Abrahams,cabrahamsac@ustream.tv,Female,223.35.181.225
374,Yardley,McDiarmid,ymcdiarmidad@posterous.com,Male,128.215.245.139
375,Hesther,Daudray,hdaudrayae@virginia.edu,Female,116.189.99.10
376,Bernardo,John,bjohnaf@mashable.com,Male,238.7.177.147
377,Shane,Belliss,sbellissag@furl.net,Female,222.113.95.10
378,Lorelei,Moff,lmoffah@columbia.edu,Female,171.123.89.135
379,Kippy,Bohan,kbohanai@ucla.edu,Female,179.187.175.169
380,Kennett,Murtimer,kmurtimeraj@free.fr,Bigender,118.199.146.18
381,Corbin,Mudle,cmudleak@microsoft.com,Male,0.136.63.46
382,Twyla,Tomankowski,ttomankowskial@upenn.edu,Female,32.219.211.122
383,Mollee,Ondrasek,mondrasekam@time.com,Female,148.89.13.70
384,Marilin,Lowin,mlowinan@wikipedia.org,Female,204.150.54.143
385,Adaline,Shadrack,ashadrackao@mit.edu,Female,211.98.58.64
386,Chet,Fewless,cfewlessap@over-blog.com,Male,38.75.135.26
387,Nannie,Dingsdale,ndingsdaleaq@mediafire.com,Female,153.126.4.251
388,David,Castro,dcastroar@aboutads.info,Male,242.234.123.105
389,Jeanine,Dannett,jdannettas@is.gd,Female,230.58.107.82
390,Scarface,Jurgensen,sjurgensenat@imdb.com,Male,79.178.173.160
391,Pierette,Hanse,phanseau@miibeian.gov.cn,Female,127.210.65.237
392,Brooks,Moryson,bmorysonav@cbc.ca,Female,150.116.102.114
393,Alessandra,Manifould,amanifouldaw@statcounter.com,Bigender,15.238.45.20
394,Pearle,St Clair,pstclairax@arizona.edu,Female,74.229.193.146
395,Cleo,Keepence,ckeepenceay@last.fm,Female,136.206.142.189
396,Margo,Lepick,mlepickaz@themeforest.net,Female,32.121.250.94
397,Gasparo,Segoe,gsegoeb0@ed.gov,Male,220.237.143.247
398,Corbie,Drei,cdreib1@dagondesign.com,Male,35.5.225.155
399,Avery,Cantle,acantleb2@g.co,Male,239.72.71.113
400,Kristian,Vasyatkin,kvasyatkinb3@yellowbook.com,Male,3.7.117.156
401,Alix,Salzberg,asalzbergb4@shareasale.com,Male,81.116.172.224
402,Olwen,Dorbin,odorbinb5@sciencedaily.com,Female,108.187.201.30
403,Gabbie,Mounter,gmounterb6@t-online.de,Male,140.54.224.5
404,Kingston,Took,ktookb7@reuters.com,Male,145.96.157.37
405,Goldi,Lucey,gluceyb8@yahoo.co.jp,Female,215.78.17.99
406,Flore,Darrel,fdarrelb9@ucsd.edu,Agender,62.53.7.148
407,Karisa,Brawn,kbrawnba@wikimedia.org,Female,126.184.50.37
408,Mikel,Sewart,msewartbb@pcworld.com,Male,47.30.97.16
409,Corinna,Droogan,cdrooganbc@businessinsider.com,Female,204.232.220.119
410,Louisette,Durden,ldurdenbd@digg.com,Female,228.253.137.27
411,Ermentrude,Ingle,einglebe@goo.ne.jp,Female,232.215.106.148
412,Ker,Howison,khowisonbf@yahoo.com,Male,91.20.67.22
413,Meier,Bradshaw,mbradshawbg@opera.com,Male,8.51.87.207
414,Lissi,Shinfield,lshinfieldbh@ask.com,Female,82.217.148.185
415,Carlos,Josselson,cjosselsonbi@360.cn,Male,182.169.1.188
416,Burgess,Lorentz,blorentzbj@engadget.com,Male,87.12.228.5
417,Hewie,Gounot,hgounotbk@creativecommons.org,Polygender,77.136.1.161
418,Arabella,Robilart,arobilartbl@yellowbook.com,Female,112.58.156.174
419,Kettie,Northam,knorthambm@mlb.com,Female,164.158.186.74
420,Michelina,Greengrass,mgreengrassbn@myspace.com,Female,78.91.53.116
421,Em,Ensten,eenstenbo@storify.com,Male,155.220.210.218
422,Ondrea,Godson,ogodsonbp@hatena.ne.jp,Female,201.254.55.92
423,Harlen,Hurkett,hhurkettbq@imageshack.us,Male,77.102.165.70
424,Riannon,Rawll,rrawllbr@histats.com,Bigender,86.214.38.81
425,Lezley,Dudny,ldudnybs@xing.com,Agender,144.127.214.132
426,Mellisa,Laurenz,mlaurenzbt@amazonaws.com,Female,162.89.160.5
427,Hinda,McKeefry,hmckeefrybu@skyrock.com,Polygender,16.95.70.29
428,Sauncho,Robatham,srobathambv@rambler.ru,Male,195.136.249.15
429,Mignon,Ughetti,mughettibw@topsy.com,Female,89.15.70.180
430,Beth,Hirthe,bhirthebx@webeden.co.uk,Female,12.1.243.97
431,Roby,Jansen,rjansenby@webnode.com,Female,144.197.60.237
432,Hirsch,Maciak,hmaciakbz@homestead.com,Male,204.184.238.254
433,Sibel,Fellona,sfellonac0@cam.ac.uk,Female,215.81.206.238
434,Geri,Uphill,guphillc1@rediff.com,Male,35.5.64.103
435,Mabelle,Randalson,mrandalsonc2@amazon.com,Female,150.30.34.50
436,Jarrett,Rattenberie,jrattenberiec3@free.fr,Male,168.59.163.100
437,Carlita,Cripwell,ccripwellc4@shutterfly.com,Non-binary,56.15.174.21
438,Revkah,Kohter,rkohterc5@slate.com,Female,32.56.121.223
439,Law,Sekulla,lsekullac6@ask.com,Male,214.179.98.57
440,Cecil,Pitkaithly,cpitkaithlyc7@cnet.com,Female,136.146.142.224
441,Yorker,Raulin,yraulinc8@cnbc.com,Male,29.48.62.209
442,Demetria,MacCurtain,dmaccurtainc9@state.tx.us,Female,187.248.240.68
443,Kylie,Vann,kvannca@prweb.com,Male,120.213.191.202
444,Arabele,Lindstrom,alindstromcb@fotki.com,Genderfluid,2.156.117.56
445,Findley,Larcombe,flarcombecc@apache.org,Male,46.101.29.198
446,Yuri,Bocke,ybockecd@clickbank.net,Male,75.183.228.84
447,Olga,Surmon,osurmonce@ovh.net,Female,185.203.147.45
448,Abagael,Grabbam,agrabbamcf@imgur.com,Polygender,192.97.141.80
449,Elicia,Colman,ecolmancg@surveymonkey.com,Female,168.215.234.46
450,Marci,Stocken,mstockench@sogou.com,Female,169.10.146.233
451,Crissy,Eckert,ceckertci@example.com,Female,17.11.191.122
452,Rozamond,Freebury,rfreeburycj@ifeng.com,Female,165.255.64.204
453,Minerva,Arniz,marnizck@creativecommons.org,Genderqueer,95.74.134.193
454,Reagan,Muris,rmuriscl@github.io,Male,47.206.59.222
455,Cherye,Grimbaldeston,cgrimbaldestoncm@tamu.edu,Female,48.62.223.204
456,Addie,Tuckley,atuckleycn@behance.net,Male,241.214.112.157
457,Sheree,Earlam,searlamco@printfriendly.com,Female,50.200.123.23
458,Catlin,Baton,cbatoncp@seesaa.net,Female,94.2.203.101
459,Charmine,Puttock,cputtockcq@eepurl.com,Female,63.19.183.76
460,Rici,MacTague,rmactaguecr@twitter.com,Female,113.196.44.111
461,Aurie,Sworn,asworncs@hao123.com,Bigender,191.114.41.9
462,Phip,Welsby,pwelsbyct@purevolume.com,Male,53.199.55.165
463,Teressa,Dri,tdricu@yolasite.com,Female,193.3.136.186
464,Heloise,Colvin,hcolvincv@google.com.hk,Female,50.179.68.215
465,Inigo,Douch,idouchcw@diigo.com,Male,72.142.112.169
466,Luciano,Udall,ludallcx@indiatimes.com,Male,254.254.21.217
467,Jesse,Stringman,jstringmancy@ehow.com,Male,179.75.66.45
468,Sandy,Linck,slinckcz@merriam-webster.com,Female,180.182.147.79
469,Nessa,Whilder,nwhilderd0@hao123.com,Female,121.169.49.45
470,Kania,Reichelt,kreicheltd1@mlb.com,Female,178.143.13.191
471,Addy,McCormack,amccormackd2@e-recht24.de,Female,103.188.72.175
472,Dore,Oakton,doaktond3@mail.ru,Genderqueer,149.101.3.224
473,Edith,Chipp,echippd4@google.es,Female,57.202.164.181
474,Graham,Davidek,gdavidekd5@amazon.co.jp,Male,134.206.90.226
475,Alessandro,Chater,achaterd6@freewebs.com,Male,214.52.126.238
476,Emmaline,Waulker,ewaulkerd7@reference.com,Female,117.201.133.64
477,Vidovik,Quidenham,vquidenhamd8@ow.ly,Male,239.223.181.156
478,Fred,Spottiswood,fspottiswoodd9@imageshack.us,Male,236.188.131.180
479,Gabby,Sambles,gsamblesda@marriott.com,Male,115.16.122.145
480,Giacomo,Flaonier,gflaonierdb@usgs.gov,Male,76.41.99.250
481,Norry,Misken,nmiskendc@theatlantic.com,Female,187.68.204.120
482,Nikos,Gough,ngoughdd@skype.com,Male,231.202.122.100
483,Hammad,Dowtry,hdowtryde@google.ca,Male,108.84.65.112
484,Auroora,Tapley,atapleydf@cloudflare.com,Female,236.68.59.229
485,Elke,Hearsey,ehearseydg@mysql.com,Female,97.85.183.156
486,Ingamar,Oliffe,ioliffedh@goo.gl,Male,3.188.120.64
487,Sara,Avramchik,savramchikdi@gov.uk,Female,157.37.52.105
488,Gilberto,Josefsson,gjosefssondj@berkeley.edu,Male,145.220.224.249
489,Norry,Atthowe,natthowedk@who.int,Female,184.132.37.125
490,Jeana,Searby,jsearbydl@cpanel.net,Female,199.228.27.39
491,Demetris,Hasnip,dhasnipdm@phpbb.com,Female,69.117.16.247
492,Paule,Dumbare,pdumbaredn@a8.net,Female,164.96.108.146
493,Florance,Otham,fothamdo@wiley.com,Female,81.167.14.248
494,Rhonda,Smallacombe,rsmallacombedp@altervista.org,Female,226.100.133.247
495,Alwin,Mcasparan,amcasparandq@51.la,Male,9.15.205.201
496,Bren,Twiggins,btwigginsdr@sitemeter.com,Male,27.203.204.123
497,Adler,Morecombe,amorecombeds@typepad.com,Male,136.66.146.134
498,Marillin,Mora,mmoradt@irs.gov,Female,126.76.143.182
499,Blakelee,Hundley,bhundleydu@techcrunch.com,Female,209.130.15.229
500,Wait,Stegers,wstegersdv@google.es,Male,220.103.150.5
501,Aguistin,Innman,ainnmandw@hexun.com,Bigender,214.244.178.206
502,Beverlie,Tyzack,btyzackdx@a8.net,Female,134.148.240.142
503,Ed,Schimpke,eschimpkedy@illinois.edu,Male,233.53.184.94
504,Erl,Tumpane,etumpanedz@newsvine.com,Male,218.39.178.103
505,Kristen,Wraighte,kwraightee0@japanpost.jp,Female,145.84.82.193
506,Celestyna,Kimbell,ckimbelle1@stumbleupon.com,Female,53.246.203.193
507,Doretta,Brittoner,dbrittonere2@themeforest.net,Female,53.11.201.145
508,Prescott,Madgwich,pmadgwiche3@hao123.com,Male,148.124.234.139
509,Marlowe,Wellard,mwellarde4@mayoclinic.com,Male,40.25.17.45
510,Huberto,Kunzelmann,hkunzelmanne5@feedburner.com,Male,203.213.231.237
511,Thain,Carless,tcarlesse6@youku.com,Male,216.202.178.67
512,Malvin,Crickmer,mcrickmere7@smugmug.com,Male,152.37.215.43
513,Adelina,Harg,aharge8@issuu.com,Female,225.116.203.45
514,Quentin,Loft,qlofte9@cnn.com,Male,81.155.61.204
515,Jessie,Nuzzetti,jnuzzettiea@people.com.cn,Male,2.82.92.191
516,Pammi,Ferri,pferrieb@squarespace.com,Female,112.237.247.198
517,Trenna,McGaugan,tmcgauganec@buzzfeed.com,Female,25.146.53.255
518,Catharine,Grute,cgruteed@photobucket.com,Female,50.3.101.141
519,Frans,Hartlebury,fhartleburyee@cam.ac.uk,Male,38.128.18.141
520,Mina,Lippo,mlippoef@japanpost.jp,Female,162.114.109.107
521,Thomasin,Tommen,ttommeneg@usatoday.com,Female,116.156.204.200
522,Koral,Di Antonio,kdiantonioeh@ovh.net,Female,223.136.5.148
523,Harlan,Gottschalk,hgottschalkei@sun.com,Male,236.120.56.139
524,Christen,Tevelov,ctevelovej@nyu.edu,Female,4.154.53.21
525,Gillan,Eadie,geadieek@hao123.com,Female,17.214.232.6
526,Jada,Battie,jbattieel@seesaa.net,Female,119.220.148.168
527,Ettore,Ceillier,eceillierem@facebook.com,Male,135.167.212.112
528,Tonnie,Boughey,tbougheyen@netscape.com,Male,63.24.164.122
529,Nedi,Biaggetti,nbiaggettieo@cbc.ca,Female,208.149.116.202
530,Goldarina,Bossel,gbosselep@sina.com.cn,Female,209.63.161.164
531,Fairleigh,Hovey,fhoveyeq@miibeian.gov.cn,Genderqueer,200.226.237.2
532,Cassandry,Kewish,ckewisher@merriam-webster.com,Female,64.230.25.238
533,Karrah,Gartshore,kgartshorees@dailymotion.com,Female,33.175.240.205
534,Hew,Hoyland,hhoylandet@bing.com,Male,253.16.8.155
535,Giacinta,Fosdick,gfosdickeu@nytimes.com,Female,186.217.233.19
536,Vanny,Chateau,vchateauev@naver.com,Female,162.31.154.251
537,Rhett,St Clair,rstclairew@cbslocal.com,Genderfluid,28.221.91.226
538,Valaria,Mallord,vmallordex@ocn.ne.jp,Female,163.143.191.34
539,Brigit,Gollop,bgollopey@ucsd.edu,Female,121.112.167.190
540,Mauricio,Lundbeck,mlundbeckez@seesaa.net,Male,234.221.167.224
541,Lazare,MacKnight,lmacknightf0@opera.com,Genderfluid,230.139.155.246
542,Nikos,Dodridge,ndodridgef1@dyndns.org,Male,233.41.81.110
543,Stoddard,Monsey,smonseyf2@sourceforge.net,Female,10.130.234.14
544,Ruperto,Riolfo,rriolfof3@bigcartel.com,Male,48.21.45.136
545,Rois,Bertholin,rbertholinf4@behance.net,Genderfluid,122.102.74.217
546,Yank,Hilland,yhillandf5@google.com.br,Male,117.227.76.167
547,Ricki,Whysall,rwhysallf6@imageshack.us,Male,93.85.99.83
548,Had,Clinch,hclinchf7@google.co.jp,Male,209.245.75.135
549,Patrizio,Stair,pstairf8@bravesites.com,Male,58.129.28.26
550,Evelin,Stalf,estalff9@hexun.com,Male,102.117.237.252
551,Celestyn,Ledington,cledingtonfa@huffingtonpost.com,Female,153.200.123.147
552,Binni,Edlestone,bedlestonefb@wikia.com,Female,29.40.226.27
553,Arlin,Ibel,aibelfc@redcross.org,Male,127.131.255.130
554,Vidovik,Coatsworth,vcoatsworthfd@wordpress.org,Male,26.119.170.150
555,Elsey,Rome,eromefe@newsvine.com,Female,43.139.12.49
556,Sylvan,Gladeche,sgladecheff@omniture.com,Male,94.246.223.75
557,Alaine,Fairlamb,afairlambfg@weebly.com,Female,150.25.127.170
558,Pegeen,Moule,pmoulefh@unesco.org,Female,126.164.180.140
559,Burton,Dinsmore,bdinsmorefi@wordpress.org,Male,157.64.170.83
560,Evey,Sheach,esheachfj@goo.gl,Female,21.239.193.213
561,Carlyn,Vaun,cvaunfk@opera.com,Female,130.164.250.181
562,Godwin,Kneel,gkneelfl@ameblo.jp,Male,31.228.17.46
563,Damian,Bletsoe,dbletsoefm@i2i.jp,Male,156.42.235.237
564,Monroe,Bragg,mbraggfn@moonfruit.com,Male,135.115.105.235
565,Quintin,Banisch,qbanischfo@vk.com,Male,19.177.131.116
566,Fred,Jolliman,fjollimanfp@pcworld.com,Male,60.250.238.139
567,Normy,Winchurst,nwinchurstfq@walmart.com,Male,240.174.24.92
568,Teddie,Coultass,tcoultassfr@ovh.net,Male,209.231.31.10
569,Kliment,Layman,klaymanfs@shutterfly.com,Male,67.140.168.68
570,Rosabelle,Suddell,rsuddellft@amazon.co.jp,Female,132.132.12.190
571,Ardine,Podmore,apodmorefu@theglobeandmail.com,Female,239.56.86.2
572,Di,Rehorek,drehorekfv@chron.com,Female,157.26.251.10
573,Katuscha,Dumbrall,kdumbrallfw@fda.gov,Bigender,137.198.113.152
574,Bendite,De'Vere - Hunt,bdeverehuntfx@yelp.com,Genderfluid,58.239.178.203
575,Redford,Tatchell,rtatchellfy@woothemes.com,Male,250.148.182.25
576,Dacey,Flecknoe,dflecknoefz@sciencedaily.com,Female,83.90.94.88
577,Othilie,Demsey,odemseyg0@comsenz.com,Female,149.203.82.126
578,Arlie,Preator,apreatorg1@google.de,Female,73.64.247.73
579,Celinka,Dugald,cdugaldg2@tmall.com,Agender,151.85.186.189
580,Margret,Leadbeatter,mleadbeatterg3@cdbaby.com,Non-binary,255.144.128.130
581,Corene,Geely,cgeelyg4@mozilla.com,Female,152.148.16.68
582,Lewes,Ferrarotti,lferrarottig5@utexas.edu,Male,226.201.3.15
583,Aldrich,Twiddy,atwiddyg6@apple.com,Male,242.196.88.166
584,Jud,Steptow,jsteptowg7@indiatimes.com,Genderqueer,67.224.36.99
585,Tommy,Yurchishin,tyurchishing8@tumblr.com,Male,239.22.233.59
586,Regan,Vankin,rvanking9@live.com,Male,157.103.189.8
587,Mildred,Hacksby,mhacksbyga@blogspot.com,Female,51.190.12.50
588,Amargo,Eppson,aeppsongb@boston.com,Female,145.41.63.245
589,Duky,de Voiels,ddevoielsgc@seesaa.net,Male,9.55.72.84
590,Olivier,Wanley,owanleygd@rakuten.co.jp,Male,217.128.168.80
591,Yank,Muggleton,ymuggletonge@ox.ac.uk,Male,233.200.196.100
592,Beauregard,Stimpson,bstimpsongf@posterous.com,Male,99.94.80.114
593,Blondell,Dunston,bdunstongg@hao123.com,Polygender,69.82.129.196
594,Eduardo,Basler,ebaslergh@list-manage.com,Male,154.136.56.64
595,Rabi,Beirne,rbeirnegi@ifeng.com,Genderfluid,207.134.2.8
596,Kristian,Cordrey,kcordreygj@omniture.com,Male,136.251.231.82
597,Milli,Rogerson,mrogersongk@google.com.hk,Female,243.106.73.46
598,Frank,Houtbie,fhoutbiegl@edublogs.org,Female,40.94.19.79
599,Sebastiano,Brophy,sbrophygm@webnode.com,Bigender,239.32.81.163
600,Moise,Geibel,mgeibelgn@nationalgeographic.com,Male,122.67.11.99
601,Augusto,Hurll,ahurllgo@economist.com,Male,139.196.19.41
602,Jessika,Westcott,jwestcottgp@nasa.gov,Female,251.240.192.255
603,Almeda,Gottelier,agotteliergq@bbb.org,Female,100.238.68.79
604,Vinita,Craythorne,vcraythornegr@amazon.de,Female,223.73.165.20
605,Purcell,Orrin,porrings@paypal.com,Male,8.11.240.97
606,Corrine,Davidai,cdavidaigt@indiegogo.com,Female,77.180.62.3
607,Elfie,Sketh,eskethgu@reuters.com,Female,245.167.227.168
608,Stefan,Hardaway,shardawaygv@imageshack.us,Genderfluid,64.162.178.117
609,Brooks,Froggatt,bfroggattgw@simplemachines.org,Male,50.61.48.47
610,Marcel,Campbell-Dunlop,mcampbelldunlopgx@xing.com,Polygender,230.168.53.140
611,Gris,Giacomo,ggiacomogy@tinypic.com,Male,72.178.22.224
612,Nancie,Bette,nbettegz@vistaprint.com,Female,32.33.178.172
613,Eduardo,Yearnsley,eyearnsleyh0@bing.com,Genderqueer,182.72.44.89
614,Fredrick,Bolderoe,fbolderoeh1@hc360.com,Male,64.244.25.100
615,Laryssa,Kelk,lkelkh2@ted.com,Female,66.105.167.190
616,Carolee,De Vaar,cdevaarh3@theguardian.com,Polygender,76.161.63.103
617,Shalna,Ollive,solliveh4@wisc.edu,Female,111.54.25.255
618,Iseabal,Du Pre,idupreh5@rakuten.co.jp,Female,64.159.92.43
619,Leo,Bricksey,lbrickseyh6@utexas.edu,Male,184.38.233.180
620,Brigid,Kynnd,bkynndh7@yelp.com,Female,135.156.106.4
621,Devina,Stoggles,dstogglesh8@cmu.edu,Female,55.207.40.22
622,Mickie,Dacombe,mdacombeh9@php.net,Male,238.147.75.81
623,Osbourn,Lautie,olautieha@bloglines.com,Male,25.234.232.162
624,Piper,Kohneke,pkohnekehb@1und1.de,Female,166.85.226.145
625,Reinaldo,Lanon,rlanonhc@miitbeian.gov.cn,Male,125.7.112.54
626,Cornela,De Mattia,cdemattiahd@youku.com,Female,103.6.126.46
627,Alonso,Oddboy,aoddboyhe@weebly.com,Male,17.6.201.179
628,Heriberto,Dartnall,hdartnallhf@livejournal.com,Male,226.74.73.22
629,Wendel,Roseblade,wrosebladehg@cam.ac.uk,Male,153.42.172.37
630,Lamond,Dibbert,ldibberthh@examiner.com,Male,57.137.209.175
631,Finn,Fawcitt,ffawcitthi@phpbb.com,Male,226.135.129.195
632,Griffie,Walklott,gwalklotthj@e-recht24.de,Male,200.147.56.20
633,Nicola,Eeles,neeleshk@chicagotribune.com,Female,192.237.167.255
634,Maggie,Phebey,mphebeyhl@adobe.com,Genderqueer,228.16.101.175
635,Alaine,Janczewski,ajanczewskihm@webmd.com,Female,230.253.186.132
636,Beatrisa,Parradye,bparradyehn@cdc.gov,Genderqueer,20.150.140.42
637,Lillian,Liversedge,lliversedgeho@answers.com,Female,136.88.60.127
638,Pauly,Petkens,ppetkenshp@vkontakte.ru,Agender,220.192.236.76
639,Tabbitha,Collcott,tcollcotthq@vk.com,Female,30.222.54.95
640,Joyan,Craister,jcraisterhr@alibaba.com,Female,97.225.192.19
641,Jens,Penk,jpenkhs@admin.ch,Male,121.30.55.215
642,Zelma,Gillow,zgillowht@thetimes.co.uk,Female,226.254.230.33
643,Humfrey,Dufore,hduforehu@yellowpages.com,Male,188.21.27.68
644,Ellette,Zoppo,ezoppohv@unc.edu,Female,118.168.194.230
645,Astrix,Monteith,amonteithhw@about.com,Female,63.204.31.7
646,Benedicta,Cordaroy,bcordaroyhx@nps.gov,Female,248.88.242.150
647,Gunner,Figgs,gfiggshy@typepad.com,Male,36.113.148.183
648,Angelita,Fearon,afearonhz@businesswire.com,Female,2.82.97.238
649,Yasmeen,Bangham,ybanghami0@discuz.net,Female,89.72.70.16
650,Tremaine,Swinyard,tswinyardi1@sourceforge.net,Male,68.169.155.207
651,Pauly,Drane,pdranei2@vimeo.com,Male,250.202.246.121
652,Trent,Goffe,tgoffei3@prnewswire.com,Male,223.210.133.191
653,Ileane,Fordyce,ifordycei4@elpais.com,Genderqueer,119.18.172.214
654,Maureene,Crat,mcrati5@prlog.org,Genderqueer,85.140.175.48
655,Caspar,Bedberry,cbedberryi6@washington.edu,Male,138.71.114.182
656,Aylmer,Mumbey,amumbeyi7@businessweek.com,Male,85.131.34.234
657,Natasha,Feasley,nfeasleyi8@paypal.com,Female,116.182.7.96
658,Rikki,Banford,rbanfordi9@barnesandnoble.com,Male,240.199.96.86
659,Eziechiele,Shurey,eshureyia@privacy.gov.au,Male,91.158.163.166
660,Julius,Cammocke,jcammockeib@wikimedia.org,Bigender,198.65.207.87
661,Stewart,Greene,sgreeneic@oakley.com,Male,182.127.226.96
662,Noby,Swidenbank,nswidenbankid@foxnews.com,Genderfluid,107.40.197.92
663,Hogan,Castiello,hcastielloie@cyberchimps.com,Male,29.190.45.113
664,Larry,MacParland,lmacparlandif@discovery.com,Male,214.208.220.96
665,Eamon,Bonavia,ebonaviaig@wikimedia.org,Male,217.37.177.147
666,Morissa,McGraw,mmcgrawih@thetimes.co.uk,Female,156.20.84.222
667,Brunhilda,Sanderson,bsandersonii@google.com.hk,Female,93.245.83.148
668,Ulick,Savage,usavageij@over-blog.com,Male,205.166.180.6
669,Odette,Riddles,oriddlesik@bigcartel.com,Female,104.164.38.158
670,Gaston,Ferentz,gferentzil@cam.ac.uk,Genderfluid,53.135.103.109
671,Ari,Giffin,agiffinim@mayoclinic.com,Male,89.123.176.171
672,Tiphany,Balfre,tbalfrein@slate.com,Female,143.147.78.51
673,Solly,Aldrich,saldrichio@mysql.com,Male,91.94.198.94
674,Yale,Pinard,ypinardip@g.co,Male,56.119.79.239
675,Basia,Frediani,bfredianiiq@hugedomains.com,Female,117.1.44.136
676,Rhianna,Schoenfisch,rschoenfischir@mediafire.com,Female,221.22.215.35
677,Helen-elizabeth,Cant,hcantis@google.de,Female,163.5.1.11
678,Myrilla,Weatherup,mweatherupit@cbsnews.com,Female,7.216.233.112
679,Dunn,Dunbobbin,ddunbobbiniu@craigslist.org,Male,102.186.82.38
680,Sybila,Patterson,spattersoniv@earthlink.net,Female,48.8.34.234
681,Tessy,Adamovsky,tadamovskyiw@naver.com,Female,253.13.153.138
682,Dulcine,Devigne,ddevigneix@unicef.org,Female,145.74.26.112
683,Donica,Matterface,dmatterfaceiy@earthlink.net,Agender,243.97.143.45
684,Marice,Rive,mriveiz@prlog.org,Female,176.194.58.180
685,Annelise,Gierth,agierthj0@tripod.com,Female,73.249.25.101
686,Angeline,Abbey,aabbeyj1@nba.com,Agender,75.176.165.225
687,Arleen,Paz,apazj2@ox.ac.uk,Female,32.25.152.53
688,Jerrylee,Barron,jbarronj3@qq.com,Female,251.190.203.69
689,Griswold,Lodemann,glodemannj4@gravatar.com,Bigender,133.147.45.176
690,Daphna,Headrick,dheadrickj5@icio.us,Female,163.88.67.231
691,Augie,Dumingo,adumingoj6@usda.gov,Male,231.238.173.111
692,Lauryn,Carde,lcardej7@blogs.com,Female,242.115.204.255
693,Jerad,Crimpe,jcrimpej8@google.ca,Male,248.116.2.80
694,Wells,Swendell,wswendellj9@blogspot.com,Male,188.62.197.211
695,Tommie,Eyckelberg,teyckelbergja@va.gov,Male,130.244.56.229
696,Pavlov,Tidcomb,ptidcombjb@google.it,Male,152.184.26.96
697,Maurie,Ivanyukov,mivanyukovjc@webmd.com,Male,15.248.130.56
698,Bibi,Tofanelli,btofanellijd@sciencedirect.com,Polygender,223.110.218.38
699,Kirbee,Raysdale,kraysdaleje@adobe.com,Female,206.41.241.254
700,Gail,Pendall,gpendalljf@vk.com,Male,77.63.131.39
701,Rex,Dulake,rdulakejg@mayoclinic.com,Male,182.81.19.254
702,Aubert,Daile,adailejh@cloudflare.com,Male,214.0.166.152
703,Giulia,Belfield,gbelfieldji@a8.net,Female,208.180.117.130
704,Martynne,Timpany,mtimpanyjj@cbsnews.com,Female,160.196.38.211
705,Angie,Mallaby,amallabyjk@blogger.com,Male,226.88.255.53
706,Mada,Callicott,mcallicottjl@sina.com.cn,Non-binary,16.146.35.234
707,Baird,Jessop,bjessopjm@nyu.edu,Bigender,78.220.33.46
708,Augustin,Hilliam,ahilliamjn@skyrock.com,Male,142.133.127.9
709,Guss,Sherington,gsheringtonjo@newyorker.com,Male,59.93.176.118
710,Karine,Crosoer,kcrosoerjp@mit.edu,Female,11.136.42.36
711,Gates,Dransfield,gdransfieldjq@barnesandnoble.com,Female,218.135.54.137
712,Ceil,Howse,chowsejr@eepurl.com,Female,69.124.56.62
713,Aggy,Bettles,abettlesjs@hexun.com,Female,228.133.138.58
714,Christophorus,Cuschieri,ccuschierijt@addthis.com,Male,147.185.75.165
715,Debra,Boleyn,dboleynju@printfriendly.com,Female,116.234.252.199
716,Deeann,Bourdas,dbourdasjv@qq.com,Female,160.83.33.170
717,Avram,Gecks,agecksjw@linkedin.com,Male,166.111.222.45
718,Roch,Jendrach,rjendrachjx@wufoo.com,Female,246.208.187.148
719,Carie,Oguz,coguzjy@webeden.co.uk,Female,175.86.27.131
720,Clare,Pulster,cpulsterjz@addthis.com,Female,247.106.63.199
721,Antin,Ends,aendsk0@lulu.com,Male,85.114.228.133
722,Isacco,Dillistone,idillistonek1@addthis.com,Male,14.36.148.138
723,Ferdinand,Richin,frichink2@macromedia.com,Male,101.100.253.216
724,Tybi,Handman,thandmank3@seesaa.net,Female,114.56.230.53
725,Kial,Goodswen,kgoodswenk4@theguardian.com,Female,223.149.100.178
726,Renae,Checchi,rchecchik5@mozilla.com,Female,5.89.70.60
727,Alwyn,Scotchmoor,ascotchmoork6@cargocollective.com,Male,242.11.62.54
728,Romy,Reams,rreamsk7@qq.com,Female,152.157.80.35
729,Rhiamon,Driffe,rdriffek8@amazonaws.com,Female,15.174.107.5
730,Cassandry,Boyett,cboyettk9@slideshare.net,Female,0.127.72.232
731,Delia,Knoles,dknoleska@twitter.com,Female,182.175.91.5
732,Sophie,Crangle,scranglekb@harvard.edu,Female,247.20.44.97
733,Marcelia,Norrington,mnorringtonkc@uiuc.edu,Female,104.244.38.190
734,Antonie,Omrod,aomrodkd@indiatimes.com,Genderqueer,65.240.208.243
735,Mycah,McCarney,mmccarneyke@amazonaws.com,Male,145.228.197.166
736,Tommi,Lethbury,tlethburykf@dot.gov,Female,103.187.213.121
737,Hoebart,Pfeuffer,hpfeufferkg@google.ca,Male,79.41.100.221
738,Maudie,Simon,msimonkh@spiegel.de,Female,197.78.233.183
739,Gherardo,Croyden,gcroydenki@usda.gov,Male,35.110.222.1
740,Mireille,Klimt,mklimtkj@furl.net,Female,241.248.139.211
741,Broderic,Uzielli,buziellikk@live.com,Genderqueer,254.96.203.98
742,Dominick,McGonnell,dmcgonnellkl@e-recht24.de,Male,138.195.81.157
743,Dominique,Pybus,dpybuskm@slate.com,Female,241.15.251.129
744,Dale,Hemerijk,dhemerijkkn@house.gov,Male,180.138.133.97
745,Lucine,Haysman,lhaysmanko@homestead.com,Polygender,96.41.229.246
746,Nellie,Grinyov,ngrinyovkp@aboutads.info,Female,184.129.159.206
747,Ellswerth,Sumnall,esumnallkq@multiply.com,Male,126.126.127.206
748,Gradey,Jewiss,gjewisskr@usatoday.com,Male,234.218.37.86
749,Dmitri,Davison,ddavisonks@illinois.edu,Male,111.4.226.222
750,Gerhard,Dampier,gdampierkt@netlog.com,Male,232.201.47.99
751,Olag,O'Corrane,oocorraneku@barnesandnoble.com,Male,45.209.49.152
752,Inglis,Butterworth,ibutterworthkv@blogtalkradio.com,Male,27.177.221.143
753,Harvey,Lamb-shine,hlambshinekw@newyorker.com,Non-binary,162.243.18.110
754,Nani,Tuffin,ntuffinkx@networkadvertising.org,Agender,65.67.45.201
755,Kerwin,Gresley,kgresleyky@oaic.gov.au,Male,29.246.23.69
756,Alexandre,Zaniolo,azaniolokz@hibu.com,Male,88.85.100.25
757,Lizbeth,Bownes,lbownesl0@dagondesign.com,Female,180.121.61.171
758,Aveline,MacKay,amackayl1@nationalgeographic.com,Female,62.134.15.146
759,Lem,Clutterbuck,lclutterbuckl2@microsoft.com,Polygender,124.79.120.237
760,Abelard,Lubomirski,alubomirskil3@discovery.com,Genderqueer,229.92.117.185
761,Linea,de Voiels,ldevoielsl4@drupal.org,Female,231.158.144.3
762,Briny,Galey,bgaleyl5@adobe.com,Female,225.236.130.105
763,Pepita,Mullan,pmullanl6@wiley.com,Female,156.146.54.35
764,Manuel,Service,mservicel7@sfgate.com,Polygender,217.28.192.150
765,Fawnia,Huxster,fhuxsterl8@usa.gov,Female,210.195.246.215
766,Bear,Maes,bmaesl9@youtu.be,Male,127.254.28.239
767,Abrahan,Donnel,adonnella@omniture.com,Polygender,95.4.160.224
768,Sven,Troman,stromanlb@mysql.com,Male,101.228.66.183
769,Lexi,Swannell,lswannelllc@istockphoto.com,Female,192.238.11.214
770,Andie,Spillett,aspillettld@tumblr.com,Female,50.136.14.69
771,Darleen,McLice,dmclicele@webs.com,Female,78.244.154.165
772,Levy,Norssister,lnorssisterlf@slideshare.net,Male,34.72.244.21
773,Meggy,Lawdham,mlawdhamlg@dedecms.com,Genderfluid,132.232.230.51
774,Yardley,Beran,yberanlh@guardian.co.uk,Male,232.176.68.167
775,Christel,Issitt,cissittli@ox.ac.uk,Female,118.245.42.162
776,Pat,Losemann,plosemannlj@51.la,Male,6.118.3.255
777,Brennen,Knowlys,bknowlyslk@domainmarket.com,Male,144.160.3.221
778,Olympie,Wallbanks,owallbanksll@typepad.com,Female,207.141.164.72
779,Lothario,Vernham,lvernhamlm@delicious.com,Male,169.28.237.176
780,Con,Addington,caddingtonln@cpanel.net,Female,183.235.171.43
781,Deonne,Pogue,dpoguelo@histats.com,Female,152.106.108.0
782,Link,Lorden,llordenlp@webnode.com,Male,17.92.118.11
783,Kandy,Glaum,kglaumlq@e-recht24.de,Female,35.141.75.91
784,Kiah,Doey,kdoeylr@sun.com,Female,12.240.244.158
785,Astrix,Hamerton,ahamertonls@rambler.ru,Female,38.28.21.249
786,Kayne,Cominetti,kcominettilt@wordpress.com,Male,36.164.63.21
787,Brady,Ewington,bewingtonlu@google.de,Male,76.108.25.11
788,Odey,Reap,oreaplv@hp.com,Male,137.115.98.209
789,Trev,McGerr,tmcgerrlw@youku.com,Male,168.104.105.12
790,Llywellyn,Joseph,ljosephlx@disqus.com,Male,103.118.213.72
791,Garland,Jorczyk,gjorczykly@skyrock.com,Female,14.30.164.206
792,Ty,Cloute,tcloutelz@statcounter.com,Male,184.218.204.223
793,Dayna,Mourgue,dmourguem0@ox.ac.uk,Female,223.247.227.121
794,Hansiain,Donald,hdonaldm1@cisco.com,Male,40.83.191.74
795,Isidor,Grassot,igrassotm2@theatlantic.com,Male,172.28.160.241
796,Hugues,Rozier,hrozierm3@washington.edu,Male,117.114.64.93
797,Randie,Dumphry,rdumphrym4@washingtonpost.com,Female,128.251.135.121
798,Klara,Eubank,keubankm5@zimbio.com,Female,23.129.173.68
799,Eliot,Ciementini,eciementinim6@ftc.gov,Agender,75.193.54.54
800,Benji,McCay,bmccaym7@mapquest.com,Male,123.166.107.240
801,Weidar,Llewelly,wllewellym8@tmall.com,Male,23.161.202.97
802,Johnnie,McBryde,jmcbrydem9@paginegialle.it,Male,51.84.210.175
803,Sly,Kach,skachma@earthlink.net,Male,240.85.201.146
804,Linell,Emptage,lemptagemb@wiley.com,Non-binary,224.171.135.3
805,Gannon,Rosiello,grosiellomc@myspace.com,Male,48.221.1.239
806,Alika,Crofthwaite,acrofthwaitemd@prweb.com,Female,250.123.112.220
807,Lanette,Whitehorn,lwhitehornme@amazon.co.uk,Female,3.120.164.35
808,Rene,Fennell,rfennellmf@over-blog.com,Male,213.12.233.177
809,Jackelyn,Bowery,jbowerymg@live.com,Female,108.54.177.111
810,Griffith,Grishin,ggrishinmh@slideshare.net,Male,129.248.87.0
811,Gerome,Khan,gkhanmi@gizmodo.com,Male,65.56.83.57
812,Mella,Comber,mcombermj@live.com,Polygender,194.141.108.33
813,Guillermo,Cullin,gcullinmk@so-net.ne.jp,Male,160.77.125.137
814,Ashbey,Yewdale,ayewdaleml@omniture.com,Genderfluid,253.63.31.128
815,Gunar,Oakey,goakeymm@ed.gov,Male,227.111.160.245
816,Huberto,Tregoning,htregoningmn@google.cn,Male,53.211.206.180
817,Oralle,Story,ostorymo@imageshack.us,Female,213.211.82.72
818,Janos,Dumbar,jdumbarmp@free.fr,Male,30.131.71.234
819,Kimberlee,Bennit,kbennitmq@arizona.edu,Female,152.204.239.154
820,Klarrisa,Stockell,kstockellmr@ustream.tv,Female,190.125.105.205
821,Belita,Joicey,bjoiceyms@ehow.com,Female,196.147.192.8
822,Garvin,Armsden,garmsdenmt@wsj.com,Male,106.42.142.209
823,Octavius,Melluish,omelluishmu@jugem.jp,Male,1.88.95.157
824,Rees,Shackell,rshackellmv@altervista.org,Male,4.63.116.178
825,Nicolai,Ingarfield,ningarfieldmw@discovery.com,Male,101.162.168.207
826,Livia,Dawes,ldawesmx@uol.com.br,Female,182.112.176.74
827,Davide,Sandwich,dsandwichmy@google.pl,Male,188.39.251.122
828,Alvera,Doleman,adolemanmz@unblog.fr,Female,23.68.237.132
829,Tina,Scaysbrook,tscaysbrookn0@vkontakte.ru,Female,191.94.132.226
830,Jilli,Grishakov,jgrishakovn1@sitemeter.com,Female,161.153.3.209
831,Tait,Favelle,tfavellen2@slashdot.org,Male,222.47.35.184
832,Skippy,Gathercole,sgathercolen3@walmart.com,Male,45.208.120.124
833,Berk,Rubinshtein,brubinshteinn4@51.la,Male,163.114.241.238
834,Ophelie,Kimbrey,okimbreyn5@mozilla.org,Female,228.45.97.214
835,Lisabeth,Twinn,ltwinnn6@tiny.cc,Female,181.234.30.165
836,Abeu,Fadell,afadelln7@g.co,Male,148.58.39.127
837,Ardra,Ebbitt,aebbittn8@is.gd,Female,18.232.97.167
838,Armando,Insoll,ainsolln9@google.cn,Male,175.31.115.95
839,Helyn,Wahlberg,hwahlbergna@spiegel.de,Female,226.50.213.245
840,Darby,Jakubovits,djakubovitsnb@marketwatch.com,Male,212.249.216.207
841,Ceciley,Champneys,cchampneysnc@theguardian.com,Female,30.210.39.35
842,Starlin,Sodory,ssodorynd@umn.edu,Female,212.187.221.92
843,Shandie,Gatiss,sgatissne@tuttocitta.it,Female,248.219.171.103
844,Chalmers,Colgan,ccolgannf@pbs.org,Male,249.21.123.28
845,Jaimie,Kindread,jkindreadng@sina.com.cn,Female,213.115.2.144
846,Gianni,Sheach,gsheachnh@mapquest.com,Male,191.145.244.186
847,Jeramie,Burnsall,jburnsallni@printfriendly.com,Non-binary,10.14.55.98
848,Cloe,Kepp,ckeppnj@51.la,Female,169.91.7.58
849,Fan,Marxsen,fmarxsennk@quantcast.com,Non-binary,66.55.107.19
850,Berny,Corkett,bcorkettnl@sbwire.com,Female,17.4.40.158
851,Phedra,Hatherall,phatherallnm@multiply.com,Female,247.180.113.231
852,David,McGillicuddy,dmcgillicuddynn@soundcloud.com,Male,133.211.117.237
853,Bibi,Scarlet,bscarletno@statcounter.com,Female,81.12.46.103
854,Kennedy,Fellona,kfellonanp@taobao.com,Male,25.36.27.60
855,Abelard,Lintall,alintallnq@xing.com,Male,164.222.127.201
856,Lovell,Cundey,lcundeynr@whitehouse.gov,Male,230.20.111.188
857,Jyoti,Ovendale,jovendalens@hhs.gov,Female,160.188.82.178
858,Shaylah,Reedman,sreedmannt@jimdo.com,Female,225.34.120.125
859,Baron,Blune,bblunenu@jalbum.net,Male,127.243.80.242
860,Wynn,Rowcliffe,wrowcliffenv@arizona.edu,Male,165.150.183.222
861,Shayne,Tellenbrok,stellenbroknw@bizjournals.com,Male,88.249.215.166
862,Geralda,Poppleston,gpopplestonnx@icio.us,Female,19.2.89.236
863,Giraud,Bushill,gbushillny@shop-pro.jp,Male,168.114.252.221
864,Tammy,Matthiae,tmatthiaenz@apple.com,Female,203.114.45.5
865,Antonia,Thirtle,athirtleo0@vk.com,Female,75.201.188.190
866,Callean,Wysome,cwysomeo1@freewebs.com,Polygender,213.92.110.206
867,Thomasin,Kemsley,tkemsleyo2@gizmodo.com,Female,124.226.40.146
868,Thomasina,Meuse,tmeuseo3@unesco.org,Female,152.136.53.77
869,Madlen,Haldenby,mhaldenbyo4@domainmarket.com,Female,210.53.160.90
870,Joana,Haydon,jhaydono5@hc360.com,Female,171.55.57.10
871,Vittorio,Arnaldo,varnaldoo6@chronoengine.com,Male,78.88.50.253
872,Florentia,McCahill,fmccahillo7@psu.edu,Female,73.215.13.0
873,Murial,Giblin,mgiblino8@goodreads.com,Female,140.141.126.27
874,Robb,Faulkes,rfaulkeso9@bbc.co.uk,Male,240.4.202.76
875,Erwin,Henaughan,ehenaughanoa@cocolog-nifty.com,Male,26.220.4.16
876,Benjamen,Jordin,bjordinob@businessweek.com,Male,63.13.209.210
877,Ashlee,O'Hartnedy,aohartnedyoc@scientificamerican.com,Female,121.18.87.230
878,Kristoffer,Cosslett,kcosslettod@geocities.jp,Male,170.67.30.196
879,Iago,Deftie,ideftieoe@1688.com,Male,195.233.195.127
880,Meris,Maharey,mmahareyof@sogou.com,Female,62.184.28.186
881,Janenna,McRobb,jmcrobbog@last.fm,Polygender,224.112.12.24
882,Cloris,Farrimond,cfarrimondoh@ebay.co.uk,Female,192.56.247.86
883,Simona,Brusle,sbrusleoi@gmpg.org,Female,223.222.153.105
884,Cordula,Oslar,coslaroj@nationalgeographic.com,Female,167.151.225.20
885,Sanders,Dolle,sdolleok@hhs.gov,Male,252.88.236.131
886,Tom,Gerler,tgerlerol@google.ru,Male,173.146.215.252
887,Molly,Myerscough,mmyerscoughom@un.org,Genderfluid,137.213.89.157
888,Miguela,Pherps,mpherpson@bandcamp.com,Female,35.4.226.164
889,Charleen,Eam,ceamoo@biglobe.ne.jp,Female,21.181.34.44
890,Nadeen,Ceschelli,nceschelliop@pbs.org,Female,18.11.105.158
891,Pat,Prior,pprioroq@chicagotribune.com,Female,4.93.226.30
892,Yvon,Matkovic,ymatkovicor@live.com,Male,100.215.66.218
893,Hercules,Devitt,hdevittos@theglobeandmail.com,Male,137.114.9.157
894,Joscelin,Kenwell,jkenwellot@simplemachines.org,Female,214.87.151.18
895,Essa,Libri,elibriou@phpbb.com,Genderqueer,12.138.247.135
896,Dodie,Bugbird,dbugbirdov@posterous.com,Female,94.244.50.228
897,Esma,Godmer,egodmerow@eepurl.com,Female,6.91.59.65
898,Katee,Sharland,ksharlandox@hhs.gov,Female,199.43.235.112
899,Witty,Degoey,wdegoeyoy@twitpic.com,Male,149.238.208.228
900,Sigfried,Camolli,scamollioz@cornell.edu,Bigender,198.71.56.236
