id,first_name,last_name,email,gender,ip_address
1,West,Nesfield,wnesfield0@paginegialle.it,Male,210.68.145.158
2,Darcee,Eltone,deltone1@yolasite.com,Female,48.244.154.238
3,Harri,Deedes,hdeedes2@symantec.com,Agender,22.52.19.46
4,Weylin,Meiklejohn,wmeiklejohn3@ehow.com,Male,135.34.239.151
5,Annmarie,Baitey,abaitey4@fotki.com,Female,81.130.113.121
6,Kalle,Matten,kmatten5@yandex.ru,Male,141.7.240.32
7,Christin,Threadgould,cthreadgould6@jimdo.com,Female,75.43.182.65
8,Nikita,Aleksidze,naleksidze7@liveinternet.ru,Male,59.209.194.254
9,Alice,McGragh,amcgragh8@prnewswire.com,Female,116.93.142.74
10,Delainey,Padgett,dpadgett9@sun.com,Male,97.52.200.130
11,Fanni,Vyvyan,fvyvyana@nba.com,Polygender,53.87.17.7
12,Harley,Cheak,hcheakb@deliciousdays.com,Female,79.123.205.184
13,Rosamund,Yakushkin,ryakushkinc@last.fm,Female,146.85.231.145
14,Cati,Jolley,cjolleyd@e-recht24.de,Female,149.76.108.160
15,Cris,Schistl,cschistle@ehow.com,Male,193.34.134.149
16,Kelila,Sidnell,ksidnellf@cyberchimps.com,Female,107.143.173.188
17,Brnaba,Bahl,bbahlg@feedburner.com,Male,156.232.199.179
18,Meade,Vedenyapin,mvedenyapinh@vk.com,Female,153.54.85.22
19,Elinore,Merington,emeringtoni@tinyurl.com,Female,93.5.41.126
20,Janel,Stayte,jstaytej@altervista.org,Female,209.132.155.158
21,Jackson,Aldrin,jaldrink@cnet.com,Male,48.224.108.169
22,Roxanna,Rookeby,rrookebyl@flavors.me,Bigender,129.127.134.211
23,Sarah,Jurczik,sjurczikm@techcrunch.com,Female,97.45.217.217
24,Rosalie,Rawnsley,rrawnsleyn@exblog.jp,Bigender,16.207.4.3
25,Jessey,Igglesden,jigglesdeno@list-manage.com,Male,21.42.139.32
26,Lynna,Wealthall,lwealthallp@wiley.com,Female,63.99.156.181
27,Archie,Upfold,aupfoldq@ucla.edu,Male,83.214.35.31
28,Kay,Castane,kcastaner@tinypic.com,Female,211.98.55.87
29,Annabela,Bolin,abolins@printfriendly.com,Female,240.24.245.95
30,Tessie,Jouaneton,tjouanetont@indiatimes.com,Female,55.86.77.89
31,Waverley,Bezzant,wbezzantu@yelp.com,Male,79.159.66.166
32,Florencia,Arkley,farkleyv@i2i.jp,Female,218.191.149.64
33,Ewell,Dumphries,edumphriesw@mit.edu,Male,140.221.105.79
34,Foss,Davydoch,fdavydochx@utexas.edu,Male,161.155.44.139
35,Anna-maria,Caston,acastony@hao123.com,Female,199.167.212.184
36,Jennee,Rany,jranyz@nature.com,Female,56.71.97.253
37,Karin,Francklin,kfrancklin10@constantcontact.com,Female,122.253.95.134
38,Saudra,Leupoldt,sleupoldt11@ow.ly,Female,174.96.167.228
39,Rancell,Mortell,rmortell12@gov.uk,Male,92.138.162.93
40,Marquita,Staynes,mstaynes13@marriott.com,Female,244.201.187.209
41,Ethyl,Budibent,ebudibent14@exblog.jp,Female,230.252.163.80
42,Clerc,Davidovic,cdavidovic15@oakley.com,Non-binary,220.192.105.139
43,Dick,Fells,dfells16@alexa.com,Male,96.7.220.81
44,Chrissie,Luciani,cluciani17@cocolog-nifty.com,Female,73.135.237.3
45,Lucian,Woloschinski,lwoloschinski18@comsenz.com,Male,56.125.153.43
46,Rayner,Otridge,rotridge19@dion.ne.jp,Male,239.135.161.106
47,Cicily,Mille,cmille1a@constantcontact.com,Female,175.54.255.92
48,Pollyanna,Tripney,ptripney1b@cloudflare.com,Female,116.106.52.201
49,John,Castanie,jcastanie1c@php.net,Male,146.88.190.99
50,Inna,Moyler,imoyler1d@un.org,Female,31.54.174.9
51,Janenna,Conlon,jconlon1e@unicef.org,Female,66.3.47.208
52,Casandra,Ganley,cganley1f@surveymonkey.com,Female,188.76.150.165
53,Juanita,Ryding,jryding1g@google.fr,Female,145.13.28.76
54,Rosene,Hoys,rhoys1h@kickstarter.com,Female,82.116.208.75
55,Jaquenette,Fateley,jfateley1i@blogtalkradio.com,Female,118.34.234.178
56,Darb,Kail,dkail1j@bigcartel.com,Female,21.88.18.166
57,Bartholomew,Boot,bboot1k@istockphoto.com,Male,159.168.192.23
58,Wiley,Garretts,wgarretts1l@baidu.com,Male,97.228.251.47
59,Zach,Rowcliffe,zrowcliffe1m@ocn.ne.jp,Male,50.234.231.62
60,Kingsly,Berling,kberling1n@delicious.com,Male,7.141.55.150
61,Addie,Watmough,awatmough1o@archive.org,Female,213.177.124.244
62,Brittney,Bitcheno,bbitcheno1p@vinaora.com,Female,92.112.252.243
63,Vanya,McCadden,vmccadden1q@yahoo.com,Male,131.81.244.249
64,Georges,Pepperrall,gpepperrall1r@blogtalkradio.com,Male,139.11.217.148
65,Terri,Meffin,tmeffin1s@theglobeandmail.com,Female,195.229.163.14
66,Victor,Jancey,vjancey1t@desdev.cn,Male,178.56.148.95
67,Sarita,Bounde,sbounde1u@hc360.com,Female,146.235.156.80
68,Verena,Claye,vclaye1v@123-reg.co.uk,Female,220.142.252.112
69,Charisse,Upston,cupston1w@fema.gov,Female,137.27.31.201
70,Oran,Popley,opopley1x@spotify.com,Male,48.113.166.113
71,Jimmie,Redgrave,jredgrave1y@craigslist.org,Polygender,83.123.97.90
72,Bowie,Yurukhin,byurukhin1z@mtv.com,Male,66.27.224.188
73,Giuseppe,Arlet,garlet20@linkedin.com,Male,7.198.167.239
74,Robby,Slateford,rslateford21@fc2.com,Male,149.193.95.121
75,Ody,Almey,oalmey22@storify.com,Male,62.202.19.216
76,Magdalene,Warboy,mwarboy23@umn.edu,Female,50.205.90.74
77,Reginald,Drake,rdrake24@g.co,Male,7.54.248.16
78,Hilary,Neissen,hneissen25@globo.com,Male,232.61.152.21
79,Tristam,Willoway,twilloway26@discovery.com,Male,43.124.38.222
80,Rachel,Fidock,rfidock27@soundcloud.com,Female,79.20.167.134
81,Lon,Gravestone,lgravestone28@answers.com,Male,63.95.117.94
82,Johann,Goretti,jgoretti29@dagondesign.com,Male,214.243.212.9
83,Riobard,Catonne,rcatonne2a@alexa.com,Male,170.58.173.214
84,Mohammed,Rosenfarb,mrosenfarb2b@hp.com,Male,189.18.241.84
85,Nikolaus,Godfray,ngodfray2c@barnesandnoble.com,Male,72.99.19.204
86,Rachel,Mallam,rmallam2d@comsenz.com,Female,77.149.219.155
87,Aristotle,Espie,aespie2e@myspace.com,Male,193.229.101.244
88,Vincents,Forestel,vforestel2f@hao123.com,Male,101.32.70.118
89,Salomo,Hearons,shearons2g@facebook.com,Bigender,4.125.245.178
90,Sherwin,Lusher,slusher2h@dion.ne.jp,Male,32.74.246.200
91,Marje,Glancey,mglancey2i@intel.com,Female,98.24.254.22
92,Kassie,Biesty,kbiesty2j@buzzfeed.com,Female,87.23.93.198
93,Paton,Tremain,ptremain2k@people.com.cn,Male,66.171.118.54
94,Edan,Canby,ecanby2l@ovh.net,Genderfluid,239.155.150.98
95,Clemente,Tite,ctite2m@wisc.edu,Male,238.146.88.50
96,Deni,Claire,dclaire2n@about.com,Female,69.240.161.152
97,Juieta,Earp,jearp2o@simplemachines.org,Female,11.223.8.51
98,Jason,Browett,jbrowett2p@oakley.com,Male,29.25.254.15
99,Edmund,Casford,ecasford2q@ocn.ne.jp,Male,193.8.43.21
100,Ferd,Aisman,faisman2r@gravatar.com,Male,167.213.181.158
101,Claudianus,Champain,cchampain2s@wikipedia.org,Male,236.25.69.211
102,Bibi,Mickelwright,bmickelwright2t@360.cn,Non-binary,8.52.132.251
103,Yankee,Fray,yfray2u@umich.edu,Male,78.77.85.31
104,Essy,Morfey,emorfey2v@google.fr,Female,14.210.45.217
105,Edouard,Gilkison,egilkison2w@jiathis.com,Male,206.214.148.141
106,Wade,Wedgbrow,wwedgbrow2x@hao123.com,Male,103.21.64.250
107,Nestor,Broadbridge,nbroadbridge2y@hostgator.com,Male,130.44.85.182
108,Jemimah,Scammell,jscammell2z@hud.gov,Female,119.243.172.246
109,Maurise,Gisbye,mgisbye30@weebly.com,Female,246.251.152.208
110,Hammad,Coggon,hcoggon31@msu.edu,Male,146.176.65.64
111,Jecho,Odby,jodby32@squarespace.com,Male,69.82.174.222
112,Joy,Peagram,jpeagram33@narod.ru,Female,181.64.205.86
113,Lorrayne,Gingold,lgingold34@pagesperso-orange.fr,Female,177.218.33.221
114,Finlay,Twigge,ftwigge35@netvibes.com,Male,153.104.236.15
115,Franky,O'Carran,focarran36@reddit.com,Male,36.116.69.245
116,Donetta,Stanning,dstanning37@digg.com,Female,228.162.59.109
117,Phillipe,Freund,pfreund38@soundcloud.com,Male,31.0.237.151
118,Daria,Whaymand,dwhaymand39@squidoo.com,Female,181.215.233.186
119,Thorpe,Veracruysse,tveracruysse3a@forbes.com,Male,117.11.249.117
120,Jaimie,Jemmison,jjemmison3b@plala.or.jp,Female,10.43.253.107
121,Gran,Hatherleigh,ghatherleigh3c@usgs.gov,Male,84.187.196.97
122,Justine,Elbourne,jelbourne3d@tiny.cc,Female,1.0.10.242
123,Burtie,Eccleston,beccleston3e@slashdot.org,Male,29.145.67.242
124,Kittie,Gislebert,kgislebert3f@army.mil,Female,171.109.174.83
125,Della,Reveland,dreveland3g@jugem.jp,Female,248.203.29.126
126,Jobyna,Skelbeck,jskelbeck3h@tmall.com,Female,184.140.64.252
127,Ingar,Antuk,iantuk3i@reuters.com,Male,1.70.23.102
128,Faustina,Stickley,fstickley3j@webs.com,Female,162.168.222.192
129,Ira,Borrett,iborrett3k@jimdo.com,Male,91.114.177.121
130,Amelia,Chastang,achastang3l@msu.edu,Non-binary,195.170.103.244
131,Janaya,Revel,jrevel3m@kickstarter.com,Female,166.51.236.145
132,Vance,Faulks,vfaulks3n@elpais.com,Male,216.184.172.231
133,Chiquia,Woofenden,cwoofenden3o@prweb.com,Female,68.85.154.95
134,Emmanuel,Rafe,erafe3p@angelfire.com,Male,38.49.124.167
135,Kippar,Pingstone,kpingstone3q@ezinearticles.com,Male,155.237.90.78
136,Beilul,Shuter,bshuter3r@cyberchimps.com,Female,254.79.159.79
137,Garner,Winborn,gwinborn3s@huffingtonpost.com,Male,223.214.189.204
138,Ed,Davidovic,edavidovic3t@homestead.com,Bigender,252.37.57.136
139,Ronny,McTerlagh,rmcterlagh3u@desdev.cn,Male,174.62.48.97
140,Tuckie,Craigie,tcraigie3v@dropbox.com,Male,77.135.3.96
141,Nestor,Giraudat,ngiraudat3w@furl.net,Male,36.41.32.49
142,Rocky,Hughs,rhughs3x@sfgate.com,Male,78.132.11.55
143,Malvin,Nortunen,mnortunen3y@ning.com,Male,189.45.93.3
144,Zebulen,Colclough,zcolclough3z@yale.edu,Male,14.76.172.125
145,Minnnie,Kale,mkale40@mit.edu,Female,158.109.235.195
146,Rene,Mixhel,rmixhel41@gmpg.org,Non-binary,92.206.190.86
147,Merle,Luxon,mluxon42@toplist.cz,Male,130.249.72.199
148,Coral,Mesias,cmesias43@fotki.com,Female,143.59.63.103
149,Cristal,Gurr,cgurr44@stumbleupon.com,Female,168.183.194.216
150,Daisey,Tarbert,dtarbert45@cocolog-nifty.com,Female,19.177.48.157
151,Glenden,Rathke,grathke46@uol.com.br,Male,1.80.175.164
152,Jerad,Wishkar,jwishkar47@geocities.jp,Male,220.3.59.38
153,Fern,Scibsey,fscibsey48@wiley.com,Female,78.141.185.210
154,Hasty,Geddes,hgeddes49@i2i.jp,Male,88.129.70.40
155,Blaire,de'-Ancy Willis,bdeancywillis4a@i2i.jp,Female,30.159.191.163
156,Wallis,Jadczak,wjadczak4b@ebay.com,Female,250.24.76.107
157,Bruis,Lloyd-Williams,blloydwilliams4c@eepurl.com,Male,87.97.14.180
158,Zebulen,Muglestone,zmuglestone4d@examiner.com,Agender,130.213.220.177
159,Audi,Broadwell,abroadwell4e@oracle.com,Female,177.47.128.233
160,Karena,Bottini,kbottini4f@archive.org,Female,143.114.165.231
161,Stormy,Veivers,sveivers4g@prlog.org,Female,127.192.179.66
162,Ursulina,Treske,utreske4h@tumblr.com,Bigender,215.160.27.85
163,Violet,Luckett,vluckett4i@sphinn.com,Female,231.148.86.214
164,Dougy,Gilchriest,dgilchriest4j@baidu.com,Male,21.230.83.135
165,Erma,Welbrock,ewelbrock4k@nymag.com,Female,235.138.143.43
166,Jacklyn,Hoonahan,jhoonahan4l@nature.com,Female,108.86.191.253
167,Gretta,McTrustrie,gmctrustrie4m@buzzfeed.com,Female,12.189.30.133
168,Ava,Perview,aperview4n@smugmug.com,Female,12.210.114.174
169,Kenyon,Barrabeale,kbarrabeale4o@psu.edu,Male,186.226.103.232
170,Syd,Beldom,sbeldom4p@twitpic.com,Male,150.236.161.206
171,Stephannie,Potell,spotell4q@comsenz.com,Female,183.207.77.40
172,Loy,Willimott,lwillimott4r@behance.net,Male,102.212.126.49
173,Estevan,Etherson,eetherson4s@usnews.com,Male,115.135.226.71
174,Seward,Durnan,sdurnan4t@slate.com,Male,29.147.2.42
175,Perry,Edrich,pedrich4u@toplist.cz,Male,158.182.254.231
176,Lorilyn,Jeckells,ljeckells4v@vk.com,Female,66.5.83.79
177,Skell,Tackell,stackell4w@businessweek.com,Male,214.228.9.240
178,Letitia,Forsdike,lforsdike4x@baidu.com,Female,235.27.39.185
179,Aurlie,Johanssen,ajohanssen4y@toplist.cz,Female,181.167.53.188
180,Nanon,Barney,nbarney4z@i2i.jp,Female,47.207.197.175
181,Jabez,Bacher,jbacher50@skyrock.com,Male,109.230.5.75
182,Wash,Lynes,wlynes51@prnewswire.com,Male,159.66.39.246
183,Kaine,Halwood,khalwood52@seesaa.net,Male,34.10.19.193
184,Harwilll,Mix,hmix53@google.fr,Male,139.67.13.215
185,Marybeth,Hethron,mhethron54@bbc.co.uk,Female,85.64.37.203
186,Ramonda,Deniscke,rdeniscke55@addthis.com,Female,112.149.248.18
187,Paddie,Yokelman,pyokelman56@theguardian.com,Polygender,81.138.88.78
188,Cy,Bausor,cbausor57@indiatimes.com,Male,4.17.66.199
189,Silas,Hilldrop,shilldrop58@scribd.com,Male,199.66.221.184
190,Vassily,Gredden,vgredden59@army.mil,Male,229.47.76.46
191,Erny,Gytesham,egytesham5a@fastcompany.com,Male,52.148.151.218
192,Sheffy,Rickersy,srickersy5b@discuz.net,Male,46.157.50.248
193,Che,Whiff,cwhiff5c@baidu.com,Male,10.250.66.59
194,Jesus,Frammingham,jframmingham5d@hao123.com,Male,27.39.82.128
195,Tabitha,Hollow,thollow5e@utexas.edu,Female,1.8.200.3
196,Lawton,Yarrell,lyarrell5f@unesco.org,Male,197.35.121.133
197,Dana,Tickle,dtickle5g@nationalgeographic.com,Male,197.27.71.131
198,Tallia,Karpinski,tkarpinski5h@icq.com,Female,11.85.69.126
199,Ralf,Albers,ralbers5i@jalbum.net,Polygender,67.52.242.181
200,Laverna,Nickols,lnickols5j@clickbank.net,Female,82.183.37.178
201,Gretchen,Budnk,gbudnk5k@mlb.com,Female,109.253.106.38
202,Sheilakathryn,Bertie,sbertie5l@sfgate.com,Female,46.4.28.110
203,Kinny,Sherwill,ksherwill5m@gravatar.com,Male,226.2.97.244
204,Clari,Peppard,cpeppard5n@github.com,Female,67.100.31.5
205,Kathie,Sarvar,ksarvar5o@imageshack.us,Female,13.145.219.121
206,Benjy,McCoughan,bmccoughan5p@illinois.edu,Male,113.44.190.130
207,Gannon,Ferrant,gferrant5q@hc360.com,Male,70.100.83.119
208,Jermaine,Penna,jpenna5r@japanpost.jp,Female,99.245.7.209
209,Luca,Betonia,lbetonia5s@thetimes.co.uk,Male,253.71.15.220
210,Wendall,Alltimes,walltimes5t@twitpic.com,Male,40.126.4.199
211,Florette,Schall,fschall5u@virginia.edu,Female,115.248.190.211
212,Lynnette,Gitsham,lgitsham5v@dropbox.com,Female,202.14.102.85
213,Casandra,Simka,csimka5w@harvard.edu,Female,95.149.30.232
214,Cullie,Blesing,cblesing5x@comsenz.com,Male,69.92.195.156
215,Humberto,Blazejewski,hblazejewski5y@shop-pro.jp,Male,54.82.13.232
216,Alford,Sheavills,asheavills5z@histats.com,Male,255.85.109.113
217,Beverie,Chinnery,bchinnery60@weather.com,Female,207.161.45.67
218,Patrick,Arlott,parlott61@nasa.gov,Male,13.217.213.6
219,Noe,Mogenot,nmogenot62@homestead.com,Male,61.109.171.188
220,Odey,Zambonini,ozambonini63@twitter.com,Male,0.39.85.233
221,Lonny,Haseley,lhaseley64@ask.com,Male,183.177.238.160
222,Sandy,Arboin,sarboin65@joomla.org,Male,6.226.192.164
223,Bethena,O' Ronan,boronan66@seattletimes.com,Female,216.254.20.15
224,Gayle,Minchindon,gminchindon67@cnn.com,Female,243.232.227.67
225,Ida,Feld,ifeld68@theguardian.com,Female,204.252.15.244
226,Aprilette,Yanshin,ayanshin69@yale.edu,Female,23.214.61.221
227,Bekki,Beckmann,bbeckmann6a@reuters.com,Female,179.94.140.166
228,Welsh,Geertsen,wgeertsen6b@alibaba.com,Male,117.84.81.170
229,Felicdad,Surmeyer,fsurmeyer6c@hatena.ne.jp,Female,129.114.211.206
230,Leoline,Ibbison,libbison6d@berkeley.edu,Female,236.56.10.142
231,Deva,Soutter,dsoutter6e@paginegialle.it,Female,29.79.36.194
232,Milly,Bodiam,mbodiam6f@canalblog.com,Female,5.145.144.20
233,Brendan,Jessopp,bjessopp6g@devhub.com,Male,128.240.226.6
234,Donalt,Paulusch,dpaulusch6h@storify.com,Male,194.5.238.198
235,Freemon,Sallarie,fsallarie6i@boston.com,Male,49.102.116.244
236,Cassandra,Marunchak,cmarunchak6j@reverbnation.com,Female,114.42.186.52
237,Fonzie,Gherarducci,fgherarducci6k@acquirethisname.com,Male,29.140.26.85
238,Bryn,Jenyns,bjenyns6l@mozilla.com,Male,209.30.72.124
239,Domenic,Gawthrope,dgawthrope6m@whitehouse.gov,Genderfluid,176.182.88.211
240,Paulo,Chislett,pchislett6n@umich.edu,Male,101.9.18.205
241,Erwin,Lannon,elannon6o@census.gov,Agender,114.178.60.90
242,Raynard,Elwill,relwill6p@livejournal.com,Male,166.99.215.112
243,Dyane,Gerrey,dgerrey6q@example.com,Female,222.160.0.188
244,Madelyn,Joselevitz,mjoselevitz6r@fema.gov,Female,148.196.80.93
245,Lothaire,Sergison,lsergison6s@tripod.com,Male,254.23.90.29
246,Remy,Braghini,rbraghini6t@i2i.jp,Female,48.180.67.239
247,Randolph,Rishbrook,rrishbrook6u@xing.com,Male,218.148.123.240
248,Richy,Bart,rbart6v@msn.com,Male,223.94.15.242
249,Sauveur,Quinell,squinell6w@blinklist.com,Male,190.180.86.216
250,Seymour,Semered,ssemered6x@jiathis.com,Male,197.97.195.171
251,Masha,Bortoli,mbortoli6y@baidu.com,Female,230.61.3.13
252,Aila,Meachem,ameachem6z@exblog.jp,Female,94.228.103.19
253,Peyter,Paiton,ppaiton70@dot.gov,Male,209.53.58.198
254,Kristin,Merrell,kmerrell71@tinypic.com,Female,130.94.118.226
255,Oliviero,Tipton,otipton72@google.es,Male,70.191.127.166
256,Fielding,Donne,fdonne73@reference.com,Male,235.116.95.23
257,Vittoria,Queenborough,vqueenborough74@edublogs.org,Female,192.76.173.95
258,Eduard,Menat,emenat75@ca.gov,Male,248.119.66.95
259,Ruperto,Sherville,rsherville76@bloglovin.com,Male,91.73.171.115
260,La verne,De Roos,lderoos77@rakuten.co.jp,Female,167.14.189.119
261,Marne,Van Salzberger,mvansalzberger78@newsvine.com,Female,49.34.85.2
262,Michaeline,Donaghie,mdonaghie79@weather.com,Female,30.172.84.201
263,Valentino,Danilewicz,vdanilewicz7a@sphinn.com,Male,239.153.37.16
264,Marcille,Ledstone,mledstone7b@sciencedirect.com,Female,245.128.218.26
265,Benita,Grzeskowski,bgrzeskowski7c@a8.net,Female,8.25.118.90
266,Riccardo,O'Shiels,roshiels7d@angelfire.com,Male,28.23.85.118
267,Emmanuel,McAlinion,emcalinion7e@latimes.com,Male,49.25.38.227
268,Kerwinn,Balmer,kbalmer7f@techcrunch.com,Male,169.127.216.118
269,Cammy,Ryhorovich,cryhorovich7g@discovery.com,Female,47.208.51.237
270,Chico,Feehely,cfeehely7h@bloomberg.com,Male,245.21.237.51
271,Abram,Latour,alatour7i@bravesites.com,Male,192.179.225.207
272,August,Pashen,apashen7j@tinypic.com,Male,160.99.165.112
273,Fanya,Reboul,freboul7k@pen.io,Female,56.240.202.255
274,Madelon,Lamperd,mlamperd7l@themeforest.net,Female,181.178.202.87
275,Emmalynne,Anyene,eanyene7m@furl.net,Female,35.181.44.17
276,Ricard,Plewright,rplewright7n@arstechnica.com,Male,124.138.41.47
277,Hestia,MacGillespie,hmacgillespie7o@psu.edu,Female,188.150.29.177
278,Blanch,Cust,bcust7p@flickr.com,Female,198.122.221.57
279,Ede,Attree,eattree7q@sphinn.com,Non-binary,87.68.62.57
280,Hashim,Killiam,hkilliam7r@google.co.jp,Male,89.66.10.211
281,Garrek,Farryann,gfarryann7s@ft.com,Polygender,163.71.185.141
282,Sharla,Fordham,sfordham7t@meetup.com,Genderqueer,148.115.199.141
283,Hamnet,Ellingford,hellingford7u@ustream.tv,Male,200.151.9.201
284,Shaine,Fincham,sfincham7v@elpais.com,Female,75.15.20.109
285,Waylon,Mulrooney,wmulrooney7w@studiopress.com,Male,50.81.8.200
286,Leesa,Waddingham,lwaddingham7x@abc.net.au,Female,146.182.9.62
287,Delmar,McIlwraith,dmcilwraith7y@ebay.com,Male,114.43.24.89
288,Donny,Abell,dabell7z@state.gov,Male,180.177.41.69
289,Baldwin,Seivertsen,bseivertsen80@wsj.com,Male,148.105.161.76
290,Aaron,Gooders,agooders81@reddit.com,Male,199.49.21.227
291,Bruce,Meardon,bmeardon82@youku.com,Male,201.56.50.10
292,Sarge,Lutman,slutman83@t-online.de,Male,246.134.168.45
293,Wynn,Ghioni,wghioni84@foxnews.com,Female,240.70.52.240
294,Carolan,Delouch,cdelouch85@java.com,Female,17.60.72.88
295,Nannie,Fancet,nfancet86@dailymotion.com,Female,124.173.85.144
296,Duffie,Scoyles,dscoyles87@shutterfly.com,Male,244.140.61.156
297,Cyrillus,Andrichuk,candrichuk88@virginia.edu,Male,248.140.24.167
298,Dominique,Clynter,dclynter89@china.com.cn,Male,85.190.208.27
299,Jenny,Thurlbeck,jthurlbeck8a@desdev.cn,Female,248.248.107.228
300,Yasmeen,Hutchens,yhutchens8b@gizmodo.com,Female,16.164.106.32
301,Thurstan,Farfolomeev,tfarfolomeev8c@upenn.edu,Male,235.120.49.64
302,Alastair,Ionn,aionn8d@simplemachines.org,Polygender,96.60.122.117
303,Terry,McLarty,tmclarty8e@house.gov,Male,6.130.75.185
304,Lock,Matic,lmatic8f@merriam-webster.com,Male,6.101.103.187
305,Vincents,Losty,vlosty8g@nsw.gov.au,Male,32.142.26.34
306,Gnni,Scarsbrooke,gscarsbrooke8h@is.gd,Female,141.168.195.39
307,Millie,Tomaszek,mtomaszek8i@census.gov,Female,13.147.47.89
308,Berry,Bedwell,bbedwell8j@stumbleupon.com,Agender,99.180.241.129
309,Derward,Whitesel,dwhitesel8k@chicagotribune.com,Male,209.119.218.197
310,Eden,Petlyura,epetlyura8l@deviantart.com,Female,12.191.132.139
311,Terri,Meikle,tmeikle8m@senate.gov,Genderfluid,244.88.24.91
312,Benson,Ivanets,bivanets8n@europa.eu,Non-binary,11.43.10.93
313,Ruttger,McGillacoell,rmcgillacoell8o@pcworld.com,Male,118.22.176.115
314,Harri,Newcombe,hnewcombe8p@dell.com,Female,27.96.62.153
315,Prudence,Prebble,pprebble8q@timesonline.co.uk,Female,122.62.201.52
316,Ogdon,Lippard,olippard8r@archive.org,Non-binary,98.80.32.69
317,Leena,Vanyard,lvanyard8s@hud.gov,Female,226.152.130.51
318,Kerr,Dudbridge,kdudbridge8t@aboutads.info,Male,129.169.217.247
319,Joshia,Kolodziejski,jkolodziejski8u@vk.com,Male,106.135.6.48
320,Lotty,Fitzhenry,lfitzhenry8v@fema.gov,Agender,20.208.184.127
321,Barby,Laddle,bladdle8w@adobe.com,Genderqueer,213.38.101.56
322,Rex,Shevell,rshevell8x@umn.edu,Male,159.195.170.97
323,Shalna,Cotman,scotman8y@xing.com,Female,80.126.124.251
324,Don,Pallis,dpallis8z@fda.gov,Male,104.212.163.107
325,Lida,Guilfoyle,lguilfoyle90@alibaba.com,Polygender,60.183.175.118
326,Damon,Limpricht,dlimpricht91@flickr.com,Male,72.29.233.158
327,Bertha,Pownall,bpownall92@comcast.net,Female,30.212.59.11
328,Clem,Sayburn,csayburn93@hostgator.com,Male,154.65.54.198
329,Durward,Breeds,dbreeds94@goo.ne.jp,Male,120.242.139.177
330,Anica,Clacson,aclacson95@i2i.jp,Female,199.45.187.199
331,Bram,Merwood,bmerwood96@topsy.com,Male,68.63.209.138
332,Shep,Dumberrill,sdumberrill97@dot.gov,Bigender,120.158.106.135
333,Birgit,Clynter,bclynter98@ftc.gov,Female,90.90.62.254
334,Madelon,Daintrey,mdaintrey99@sun.com,Female,148.209.81.54
335,Tatum,Shreeves,tshreeves9a@about.me,Female,24.85.123.8
336,Rheta,Smitton,rsmitton9b@geocities.jp,Agender,228.120.39.90
337,Bettina,Peperell,bpeperell9c@qq.com,Female,16.138.150.20
338,Druci,Elvidge,delvidge9d@t-online.de,Genderfluid,41.202.72.151
339,Raff,Lowin,rlowin9e@eepurl.com,Male,163.111.236.11
340,Jorrie,Redman,jredman9f@theglobeandmail.com,Female,172.58.139.234
341,Madison,Fernie,mfernie9g@diigo.com,Male,0.21.145.219
342,Donnie,Waycot,dwaycot9h@amazonaws.com,Non-binary,55.188.74.252
343,Karlie,Lemanu,klemanu9i@businesswire.com,Female,102.119.150.95
344,Alis,Radborne,aradborne9j@patch.com,Female,188.201.170.96
345,Correna,Musselwhite,cmusselwhite9k@biglobe.ne.jp,Female,159.240.154.208
346,Allene,Scowen,ascowen9l@sbwire.com,Female,128.15.117.45
347,Beverlie,Surcombe,bsurcombe9m@live.com,Female,96.113.37.225
348,Delano,Dumper,ddumper9n@amazon.de,Male,52.102.141.12
349,Pattin,Oldroyde,poldroyde9o@netvibes.com,Male,21.209.219.66
350,Anny,Tivolier,ativolier9p@fastcompany.com,Female,216.248.62.171
351,Caroljean,Ubach,cubach9q@harvard.edu,Female,218.151.210.251
352,Spenser,Kearns,skearns9r@pbs.org,Male,145.1.218.117
353,Carmella,Martygin,cmartygin9s@creativecommons.org,Female,101.88.21.209
354,Osborn,Dearness,odearness9t@microsoft.com,Male,168.145.103.133
355,Chaddy,Danaher,cdanaher9u@parallels.com,Male,77.31.248.44
356,Chaunce,Bowdon,cbowdon9v@chron.com,Male,81.214.115.56
357,Guillermo,Teape,gteape9w@fema.gov,Male,234.36.112.199
358,Shantee,Blackboro,sblackboro9x@lulu.com,Female,189.4.156.96
359,Blisse,Gianetti,bgianetti9y@hao123.com,Female,208.11.188.149
360,Jareb,Floch,jfloch9z@angelfire.com,Male,155.132.1.101
361,Hewet,Extal,hextala0@go.com,Male,233.21.197.243
362,Ronda,Jackways,rjackwaysa1@youtu.be,Female,210.229.71.123
363,Shell,Tinan,stinana2@behance.net,Male,206.45.223.130
364,Randi,McGeever,rmcgeevera3@macromedia.com,Bigender,30.137.221.184
365,Clemence,Cinavas,ccinavasa4@vimeo.com,Female,68.202.82.248
366,Garrik,Bread,gbreada5@last.fm,Non-binary,120.31.248.23
367,Sutton,Colisbe,scolisbea6@wiley.com,Male,43.213.144.188
368,Uriah,Vlahos,uvlahosa7@jiathis.com,Agender,52.133.105.216
369,Lenka,Bunnell,lbunnella8@msu.edu,Female,17.18.129.194
370,Gaile,Steutly,gsteutlya9@usatoday.com,Genderfluid,164.223.134.87
371,Arty,Tremain,atremainaa@fema.gov,Male,233.35.232.184
372,Laurel,Comberbach,lcomberbachab@state.gov,Female,90.34.26.110
373,Syman,Money,smoneyac@joomla.org,Male,179.227.34.145
374,Cindi,Durand,cdurandad@imageshack.us,Female,215.233.207.80
375,Jamey,Buttriss,jbuttrissae@house.gov,Male,108.198.112.197
376,Kim,Atkirk,katkirkaf@reference.com,Female,46.119.216.23
377,Alfonso,Cabedo,acabedoag@geocities.com,Male,53.15.42.54
378,Arin,Gerler,agerlerah@opera.com,Male,202.198.10.0
379,Shelli,Cormode,scormodeai@uol.com.br,Female,8.248.155.14
380,Janina,Apperley,japperleyaj@hud.gov,Female,230.13.69.230
381,Prue,Keightley,pkeightleyak@sciencedaily.com,Female,155.67.62.40
382,Kailey,Ert,kertal@narod.ru,Female,212.70.115.184
383,Darn,Bucke,dbuckeam@fema.gov,Male,172.161.147.219
384,Cori,Cowton,ccowtonan@ftc.gov,Female,213.169.155.177
385,Flor,Vann,fvannao@bloglovin.com,Female,162.64.122.122
386,Sly,Sinkinson,ssinkinsonap@diigo.com,Male,127.99.155.131
387,Barrie,Caught,bcaughtaq@un.org,Female,231.136.186.51
388,Roosevelt,Raleston,rralestonar@bizjournals.com,Male,51.90.75.233
389,Shawn,McNerlin,smcnerlinas@indiegogo.com,Male,118.232.145.162
390,Kerwinn,O'Carran,kocarranat@bloglines.com,Male,62.115.4.220
391,Riccardo,Milesap,rmilesapau@ted.com,Male,18.25.105.124
392,Jeffy,Meiklam,jmeiklamav@so-net.ne.jp,Male,170.138.21.151
393,Davidde,Cuesta,dcuestaaw@uol.com.br,Male,17.134.127.12
394,Callie,Dinse,cdinseax@instagram.com,Female,244.61.6.45
395,Minerva,Lantuff,mlantuffay@macromedia.com,Female,248.168.156.191
396,Carmine,Anderl,canderlaz@people.com.cn,Female,86.175.157.201
397,Rickert,Paddemore,rpaddemoreb0@usa.gov,Male,159.255.186.84
398,Veda,Counter,vcounterb1@networkadvertising.org,Female,60.130.126.33
399,Karine,Nijs,knijsb2@cbslocal.com,Female,245.242.163.183
400,Selena,Luigi,sluigib3@bbc.co.uk,Female,140.108.206.49
401,Braden,Gurney,bgurneyb4@nih.gov,Male,106.60.222.154
402,Yanaton,Jarrard,yjarrardb5@51.la,Male,157.34.160.227
403,Claudius,Oliphand,coliphandb6@tiny.cc,Male,8.47.187.97
404,Ray,Philipsson,rphilipssonb7@cam.ac.uk,Female,4.59.77.67
405,Cass,Dowears,cdowearsb8@a8.net,Male,100.70.43.244
406,Randee,Livingstone,rlivingstoneb9@quantcast.com,Female,243.191.230.112
407,Geoffrey,Dudenie,gdudenieba@china.com.cn,Male,202.87.107.138
408,Aili,Wickrath,awickrathbb@hostgator.com,Female,25.229.145.221
409,Ruthann,Dye,rdyebc@yelp.com,Female,208.59.182.234
410,Willi,Davenhill,wdavenhillbd@house.gov,Female,154.79.176.150
411,Diana,Beel,dbeelbe@google.de,Female,132.47.131.233
412,Rosalia,Sesons,rsesonsbf@sogou.com,Female,42.141.112.248
413,Magdalen,Bragg,mbraggbg@washington.edu,Female,33.197.37.114
414,Jareb,Lindblom,jlindblombh@census.gov,Male,30.63.0.90
415,Ingra,Pietrowski,ipietrowskibi@twitpic.com,Male,94.147.26.241
416,Persis,Mouan,pmouanbj@statcounter.com,Non-binary,161.33.13.175
417,Skell,McGonnell,smcgonnellbk@independent.co.uk,Male,97.155.74.113
418,Lorin,Fyfe,lfyfebl@narod.ru,Male,65.88.34.29
419,Kirsteni,Harkin,kharkinbm@nhs.uk,Female,65.21.200.222
420,Reidar,Waylen,rwaylenbn@webeden.co.uk,Male,101.78.78.156
421,Giavani,Haimes,ghaimesbo@army.mil,Male,77.180.157.164
422,Gillan,Juza,gjuzabp@hugedomains.com,Female,242.90.249.135
423,Cecil,Soldner,csoldnerbq@blogs.com,Male,231.68.2.92
424,Holly-anne,Bjerkan,hbjerkanbr@sakura.ne.jp,Female,28.102.245.111
425,Webb,Surcombe,wsurcombebs@census.gov,Male,143.137.9.81
426,Trix,Reilly,treillybt@hao123.com,Female,254.110.177.24
427,Lorette,Lacoste,llacostebu@omniture.com,Female,15.82.172.16
428,Seline,Roller,srollerbv@stumbleupon.com,Bigender,60.83.48.100
429,Wainwright,Ping,wpingbw@umn.edu,Male,119.235.108.48
430,Enrique,Courtman,ecourtmanbx@reuters.com,Genderqueer,229.129.89.119
431,Jennifer,Romans,jromansby@csmonitor.com,Female,96.30.5.29
432,Ambur,Steynor,asteynorbz@flavors.me,Female,127.156.163.200
433,Lanny,Jeness,ljenessc0@icq.com,Female,43.160.103.32
434,Mauricio,Caudrelier,mcaudrelierc1@whitehouse.gov,Male,214.201.135.62
435,Riva,Olivazzi,rolivazzic2@furl.net,Female,245.230.63.61
436,Kelley,Schuelcke,kschuelckec3@shareasale.com,Female,241.25.93.7
437,Luisa,Turfrey,lturfreyc4@prnewswire.com,Female,249.114.194.94
438,Kalila,Boorman,kboormanc5@gravatar.com,Female,144.239.92.3
439,Clarance,Brookwell,cbrookwellc6@weebly.com,Male,71.228.165.7
440,Merilyn,Float,mfloatc7@opera.com,Non-binary,7.178.17.20
441,Hubie,Burrow,hburrowc8@tripod.com,Male,226.7.31.139
442,Trish,Canavan,tcanavanc9@over-blog.com,Female,115.190.175.32
443,Greer,Corsham,gcorshamca@geocities.com,Female,55.29.215.217
444,Celine,St Ledger,cstledgercb@patch.com,Female,92.35.10.172
445,Whitney,Hallworth,whallworthcc@nyu.edu,Male,112.13.251.83
446,Florinda,Gallon,fgalloncd@amazon.co.jp,Female,20.147.59.10
447,Flem,Emm,femmce@illinois.edu,Male,197.152.200.59
448,Johnny,Beadell,jbeadellcf@msu.edu,Male,106.40.141.242
449,Urbanus,O'Scannill,uoscannillcg@live.com,Male,71.123.41.21
450,Gusta,Lapish,glapishch@vinaora.com,Female,206.229.246.230
451,Florencia,Tilford,ftilfordci@last.fm,Female,164.53.225.86
452,Ian,Koopman,ikoopmancj@chron.com,Male,142.80.163.123
453,Dyann,Masson,dmassonck@utexas.edu,Female,54.201.186.83
454,Fowler,Dowdell,fdowdellcl@amazon.com,Male,213.93.111.243
455,Carrie,Arangy,carangycm@nyu.edu,Female,25.47.45.87
456,Claiborn,Perrett,cperrettcn@ow.ly,Male,158.50.172.25
457,Michael,Drieu,mdrieuco@bbb.org,Male,88.105.236.244
458,Regine,Orpyne,rorpynecp@huffingtonpost.com,Female,46.49.114.183
459,Vittoria,Acosta,vacostacq@csmonitor.com,Female,179.115.182.170
460,Grantham,Grangier,ggrangiercr@epa.gov,Male,228.143.207.192
461,Rik,Wellesley,rwellesleycs@youtube.com,Male,90.181.10.123
462,Maryann,Marsland,mmarslandct@cnet.com,Female,225.203.177.174
463,Barny,Joslyn,bjoslyncu@cbc.ca,Male,55.1.238.167
464,Denver,Burkinshaw,dburkinshawcv@usgs.gov,Male,138.5.30.19
465,Leonard,Blaycock,lblaycockcw@ucoz.ru,Male,128.29.150.143
466,Crystal,Snipe,csnipecx@reference.com,Female,75.181.44.15
467,Davie,Tuft,dtuftcy@com.com,Male,90.88.216.139
468,Brena,Forre,bforrecz@howstuffworks.com,Female,142.25.179.48
469,Ennis,Maywood,emaywoodd0@timesonline.co.uk,Male,50.198.144.73
470,Laurene,Challender,lchallenderd1@noaa.gov,Female,55.169.131.234
471,Creight,Fisby,cfisbyd2@is.gd,Polygender,202.49.9.52
472,Salvidor,Terney,sterneyd3@microsoft.com,Male,35.135.234.225
473,Tremain,Nuton,tnutond4@miitbeian.gov.cn,Male,49.253.239.24
474,Krisha,Brimming,kbrimmingd5@harvard.edu,Male,199.68.39.65
475,Kale,Cereceres,kcereceresd6@google.co.uk,Male,16.22.98.185
476,Gabi,Jancso,gjancsod7@springer.com,Female,69.203.137.114
477,Adrienne,Di Matteo,adimatteod8@tinyurl.com,Female,118.55.215.169
478,Falito,Wakefield,fwakefieldd9@huffingtonpost.com,Male,142.73.89.173
479,Alphonso,Thormwell,athormwellda@usda.gov,Male,226.116.243.227
480,Flory,Bartczak,fbartczakdb@aol.com,Male,45.37.40.16
481,Fina,Skehan,fskehandc@intel.com,Non-binary,10.9.47.91
482,Tirrell,Varne,tvarnedd@ed.gov,Male,163.136.75.180
483,Mattie,Aleksandrev,maleksandrevde@wordpress.org,Male,28.139.30.169
484,Mayor,Youtead,myouteaddf@t-online.de,Male,254.185.248.178
485,Berne,McAvinchey,bmcavincheydg@spiegel.de,Genderqueer,198.254.249.126
486,Katherina,McAless,kmcalessdh@t.co,Female,77.16.152.220
487,Berte,Klinck,bklinckdi@delicious.com,Female,30.11.230.89
488,Neddie,Acock,nacockdj@dedecms.com,Male,24.121.147.90
489,Aline,Tedman,atedmandk@google.de,Female,112.76.220.71
490,Jean,Edwicke,jedwickedl@buzzfeed.com,Male,178.146.99.252
491,Chet,Baser,cbaserdm@hhs.gov,Male,123.194.172.52
492,Marguerite,Iskowitz,miskowitzdn@51.la,Female,127.33.78.216
493,Gayelord,Savill,gsavilldo@cbc.ca,Male,156.142.137.128
494,Gloriane,Sandell,gsandelldp@moonfruit.com,Female,45.44.139.3
495,Marianne,Robshaw,mrobshawdq@state.gov,Female,254.39.119.112
496,Winnie,Eccott,weccottdr@seesaa.net,Male,108.123.144.152
497,Kaile,Raphael,kraphaelds@naver.com,Female,136.160.196.39
498,Valida,Templman,vtemplmandt@storify.com,Female,164.193.226.213
499,Rosie,Mingardi,rmingardidu@spotify.com,Female,241.124.36.177
500,Shurlock,Giorgeschi,sgiorgeschidv@yahoo.com,Male,1.214.86.15
501,Kaylyn,Colliver,kcolliverdw@rambler.ru,Genderqueer,7.6.66.135
502,Fan,Bassill,fbassilldx@elegantthemes.com,Female,176.246.160.110
503,Florian,Demer,fdemerdy@irs.gov,Male,20.232.64.204
504,Niall,Britch,nbritchdz@ed.gov,Male,171.95.114.36
505,Hoebart,Kemetz,hkemetze0@theguardian.com,Male,218.66.187.59
506,Rooney,Tommis,rtommise1@netvibes.com,Male,81.122.212.11
507,Chevy,Upjohn,cupjohne2@wordpress.org,Genderfluid,114.4.103.229
508,June,Sopp,jsoppe3@fema.gov,Female,161.208.116.105
509,Dara,Jiranek,djiraneke4@icq.com,Female,110.16.4.177
510,Raddy,Layhe,rlayhee5@youtu.be,Male,87.102.216.32
511,Lew,Giraths,lgirathse6@techcrunch.com,Male,98.104.61.101
512,Marie,Harriagn,mharriagne7@smugmug.com,Female,120.252.84.95
513,Alisun,Alpe,aalpee8@netlog.com,Female,72.179.106.153
514,Willie,Krates,wkratese9@psu.edu,Male,138.86.198.74
515,Atlanta,Squelch,asquelchea@foxnews.com,Female,193.122.121.177
516,Giselle,Simco,gsimcoeb@prnewswire.com,Female,219.242.177.163
517,Sean,Springate,sspringateec@yandex.ru,Bigender,143.241.18.78
518,Rosaleen,Brockest,rbrockested@scientificamerican.com,Female,117.176.9.168
519,Daffy,Giacomozzo,dgiacomozzoee@patch.com,Female,182.66.253.136
520,Xerxes,Ogus,xogusef@netlog.com,Male,168.132.1.193
521,Elsbeth,Karran,ekarraneg@fotki.com,Female,113.50.86.17
522,Jan,Stoffers,jstofferseh@dropbox.com,Genderqueer,12.129.207.101
523,Blinni,Radborne,bradborneei@lycos.com,Female,88.114.75.196
524,Mar,Kenchington,mkenchingtonej@multiply.com,Male,19.45.219.115
525,Daren,Witchalls,dwitchallsek@samsung.com,Male,33.160.230.244
526,Pansie,Kynett,pkynettel@census.gov,Female,190.57.5.34
527,Warde,Cremer,wcremerem@gov.uk,Male,111.239.196.72
528,Marlon,Eke,mekeen@usgs.gov,Male,152.123.174.126
529,Syman,Sant,ssanteo@cmu.edu,Male,172.119.70.105
530,Northrop,Smee,nsmeeep@twitter.com,Male,213.248.193.45
531,Henry,Saunder,hsaundereq@zimbio.com,Male,10.95.43.139
532,Edy,McGawn,emcgawner@narod.ru,Female,185.93.102.211
533,Marguerite,March,mmarches@oakley.com,Female,53.44.16.34
534,Izaak,Talbot,italbotet@apple.com,Male,4.53.127.79
535,Chandler,Crusham,ccrushameu@stanford.edu,Agender,85.226.128.118
536,Amery,Dwane,adwaneev@google.pl,Male,164.24.246.164
537,Iris,Nevison,inevisonew@walmart.com,Female,174.155.248.182
538,Launce,Lacky,llackyex@pagesperso-orange.fr,Male,78.207.223.202
539,Carlos,Mawby,cmawbyey@yelp.com,Male,29.151.22.37
540,Geoffrey,Baudts,gbaudtsez@mlb.com,Genderqueer,183.119.27.201
541,Robin,Baylay,rbaylayf0@bigcartel.com,Male,31.115.251.25
542,Leticia,Deniscke,ldenisckef1@china.com.cn,Female,245.65.192.217
543,Sander,Guilder,sguilderf2@google.nl,Non-binary,15.170.168.176
544,Nap,Laurenty,nlaurentyf3@geocities.com,Agender,227.181.249.200
545,Mollee,Pietrowski,mpietrowskif4@psu.edu,Female,215.99.95.11
546,Alfonse,Coatman,acoatmanf5@flickr.com,Male,226.64.198.64
547,Jerrylee,Cesconi,jcesconif6@buzzfeed.com,Female,133.185.192.67
548,Ashien,Chaim,achaimf7@answers.com,Female,232.175.190.173
549,Loise,Upstell,lupstellf8@imageshack.us,Female,141.235.20.215
550,Lefty,Kender,lkenderf9@howstuffworks.com,Male,229.160.235.160
551,Basil,Scott,bscottfa@plala.or.jp,Male,219.100.87.151
552,Ingrid,Laycock,ilaycockfb@intel.com,Genderqueer,208.134.48.23
553,Baudoin,Schrieves,bschrievesfc@oaic.gov.au,Male,91.214.118.168
554,Kyla,Long,klongfd@wunderground.com,Genderfluid,81.159.4.246
555,Dorri,Gave,dgavefe@toplist.cz,Female,70.0.253.132
556,Roderic,Wilsee,rwilseeff@live.com,Male,147.198.17.203
557,Eadie,Hothersall,ehothersallfg@harvard.edu,Female,141.178.161.166
558,Murvyn,Middlehurst,mmiddlehurstfh@hp.com,Male,29.118.168.82
559,Kaye,Littler,klittlerfi@cdbaby.com,Female,61.171.41.143
560,Pavia,Kerby,pkerbyfj@mit.edu,Female,205.52.154.227
561,Virgina,Trueman,vtruemanfk@w3.org,Female,46.229.139.215
562,Jo,Haw,jhawfl@nps.gov,Male,29.35.91.130
563,Chickie,Kerwood,ckerwoodfm@walmart.com,Female,54.210.87.194
564,Jacob,Ors,jorsfn@eepurl.com,Male,24.28.14.126
565,Hetty,Aldhouse,haldhousefo@booking.com,Female,61.165.131.14
566,Feodor,Babington,fbabingtonfp@taobao.com,Male,75.152.67.240
567,Nickolai,Dugald,ndugaldfq@instagram.com,Male,42.72.134.228
568,Denys,Lethbridge,dlethbridgefr@cnbc.com,Male,128.144.133.236
569,Farris,MacNess,fmacnessfs@umn.edu,Male,61.252.10.231
570,Ramsey,Blewitt,rblewittft@tamu.edu,Male,219.162.23.183
571,Gillian,Flaxman,gflaxmanfu@businessweek.com,Genderfluid,105.95.255.171
572,Jarad,Pocke,jpockefv@wikispaces.com,Male,185.179.13.200
573,Maury,Monday,mmondayfw@icq.com,Male,9.99.30.245
574,Nicolea,Flores,nfloresfx@ow.ly,Female,37.148.21.56
575,Denny,Aukland,dauklandfy@jiathis.com,Female,121.63.236.230
576,Zelig,Crier,zcrierfz@wsj.com,Male,237.44.160.42
577,Allyn,Wannan,awannang0@wordpress.org,Female,61.253.129.180
578,Salomone,Ricardin,sricarding1@netscape.com,Male,174.226.156.44
579,Merle,Kingsnorth,mkingsnorthg2@delicious.com,Male,17.5.191.89
580,Erasmus,Cockshot,ecockshotg3@jugem.jp,Male,134.166.22.65
581,Kay,Hookes,khookesg4@si.edu,Female,147.199.208.143
582,Alvis,Upston,aupstong5@icq.com,Male,115.38.105.184
583,Angil,Di Gregorio,adigregoriog6@bigcartel.com,Female,86.136.250.220
584,Dennis,Laroze,dlarozeg7@vkontakte.ru,Male,212.174.170.155
585,Ozzy,Anders,oandersg8@about.com,Male,72.243.215.235
586,Eadie,Coldbathe,ecoldbatheg9@tripod.com,Female,114.75.17.43
587,Chelsey,Willes,cwillesga@qq.com,Female,58.64.24.246
588,Gay,Schiementz,gschiementzgb@blog.com,Male,197.36.161.106
589,Arabella,Smewings,asmewingsgc@weebly.com,Female,39.223.214.238
590,Jasper,Chimenti,jchimentigd@nsw.gov.au,Male,167.98.178.223
591,Harlen,Nipper,hnipperge@oaic.gov.au,Agender,152.117.135.239
592,Maryjo,Hawkeridge,mhawkeridgegf@ebay.co.uk,Female,37.104.153.177
593,Malcolm,Learman,mlearmangg@hexun.com,Bigender,246.80.128.12
594,Leigh,Belk,lbelkgh@live.com,Male,225.244.174.233
595,Clair,Cord,ccordgi@ebay.com,Male,228.197.119.2
596,Garrek,Tytterton,gtyttertongj@usa.gov,Agender,12.56.176.74
597,Maxwell,Bartoszewski,mbartoszewskigk@globo.com,Male,100.191.186.232
598,Rodie,Merwede,rmerwedegl@nationalgeographic.com,Female,199.146.150.31
599,Roselin,Kleingrub,rkleingrubgm@abc.net.au,Female,37.244.175.223
600,Craggie,Ivankovic,civankovicgn@nymag.com,Male,100.225.216.158
601,Loria,Berrey,lberreygo@sun.com,Female,244.101.183.101
602,Casi,Smyley,csmyleygp@ox.ac.uk,Female,123.24.33.182
603,Sheri,Claybourn,sclaybourngq@networkadvertising.org,Female,165.114.201.76
604,Leanor,Probey,lprobeygr@jugem.jp,Female,81.39.204.155
605,Vinnie,Matushevich,vmatushevichgs@ucoz.com,Male,121.156.230.203
606,Celestyn,Blacket,cblacketgt@earthlink.net,Female,117.166.28.75
607,Raimund,Siddele,rsiddelegu@scribd.com,Male,199.44.42.162
608,Kate,Colman,kcolmangv@mlb.com,Female,98.158.65.14
609,Nicolea,Ealles,neallesgw@pcworld.com,Female,230.192.242.130
610,Lon,Winskill,lwinskillgx@g.co,Male,213.88.39.110
611,Lauretta,Myring,lmyringgy@t.co,Female,216.134.33.41
612,Esteban,Wauchope,ewauchopegz@statcounter.com,Male,102.87.208.249
613,Bron,Brevetor,bbrevetorh0@prlog.org,Male,18.66.66.141
614,Wake,Curreen,wcurreenh1@icq.com,Male,184.93.56.18
615,Graham,Westwood,gwestwoodh2@mlb.com,Male,30.196.223.118
616,Arnie,Buckie,abuckieh3@behance.net,Male,173.186.185.131
617,Doralyn,Lammin,dlamminh4@statcounter.com,Female,41.84.49.38
618,Rahal,Nannoni,rnannonih5@odnoklassniki.ru,Female,118.148.80.224
619,Danya,Thatcher,dthatcherh6@skype.com,Genderfluid,116.168.251.253
620,Karisa,Castaner,kcastanerh7@springer.com,Female,250.58.195.139
621,Horatio,Tovey,htoveyh8@google.fr,Male,13.45.216.239
622,Elna,Hathaway,ehathawayh9@google.com.hk,Female,182.114.228.176
623,Edgardo,Mealham,emealhamha@biglobe.ne.jp,Male,22.136.126.232
624,Jeri,McGuffog,jmcguffoghb@reddit.com,Genderqueer,50.1.147.36
625,Richard,Allmen,rallmenhc@ycombinator.com,Male,128.129.107.13
626,Patrizius,MacMearty,pmacmeartyhd@tiny.cc,Male,5.199.200.45
627,Vitia,Woodrooffe,vwoodrooffehe@mac.com,Agender,138.113.28.255
628,Farly,Bruckental,fbruckentalhf@163.com,Male,149.60.41.219
629,Kip,Dawkins,kdawkinshg@slideshare.net,Genderfluid,255.66.117.74
630,Nedda,MacAloren,nmacalorenhh@bigcartel.com,Female,179.63.143.171
631,Dorette,Carbonell,dcarbonellhi@twitter.com,Female,150.235.205.32
632,Kilian,Pinar,kpinarhj@msu.edu,Male,234.236.185.143
633,Katrinka,Shanahan,kshanahanhk@behance.net,Non-binary,67.200.140.196
634,Humberto,Figgins,hfigginshl@deliciousdays.com,Male,220.156.87.2
635,Brit,Holsall,bholsallhm@cnet.com,Male,82.81.116.146
636,Goldy,Gillean,ggilleanhn@de.vu,Female,202.18.88.130
637,Cory,Channon,cchannonho@nymag.com,Female,110.14.138.204
638,Gerardo,Senner,gsennerhp@odnoklassniki.ru,Male,145.34.238.248
639,Gilbert,Cabotto,gcabottohq@illinois.edu,Male,149.206.219.84
640,Eydie,Trillow,etrillowhr@comsenz.com,Female,212.32.130.10
641,Grethel,Mizzi,gmizzihs@cocolog-nifty.com,Female,51.241.61.158
642,Gun,Bonnell,gbonnellht@networksolutions.com,Male,115.214.134.125
643,Rand,Donkersley,rdonkersleyhu@yolasite.com,Male,219.89.88.160
644,Kean,Bogue,kboguehv@stanford.edu,Male,0.84.131.170
645,Morse,Cubbinelli,mcubbinellihw@comsenz.com,Male,224.189.47.168
646,Hillel,MacCurlye,hmaccurlyehx@java.com,Male,186.248.35.227
647,Carleton,Dudny,cdudnyhy@ezinearticles.com,Male,189.216.145.245
648,Fayina,Tattersall,ftattersallhz@liveinternet.ru,Female,192.32.61.236
649,Burr,Huie,bhuiei0@princeton.edu,Male,65.169.74.54
650,Jacquetta,Lineham,jlinehami1@xrea.com,Female,154.61.208.165
651,Kerwinn,Sangster,ksangsteri2@tinypic.com,Male,21.219.70.23
652,Sullivan,Whetland,swhetlandi3@vinaora.com,Male,46.75.45.178
653,Berkeley,Poker,bpokeri4@odnoklassniki.ru,Male,229.107.246.10
654,Saunder,Linton,slintoni5@google.ca,Male,25.149.14.3
655,Kelcie,Penwright,kpenwrighti6@netvibes.com,Female,82.114.132.248
656,Bianka,Monro,bmonroi7@last.fm,Female,78.72.92.92
657,Janina,Edghinn,jedghinni8@infoseek.co.jp,Female,177.101.55.213
658,Silvio,Zaczek,szaczeki9@1und1.de,Male,144.246.79.250
659,Carol,Clinton,cclintonia@intel.com,Female,30.115.160.191
660,Bev,Kerrich,bkerrichib@typepad.com,Female,31.147.95.128
661,Mei,Murrthum,mmurrthumic@ca.gov,Female,173.138.178.69
662,Else,O'Farris,eofarrisid@nydailynews.com,Female,40.209.234.51
663,Hyman,Goodbourn,hgoodbournie@un.org,Male,12.222.51.88
664,Cynthia,Tarply,ctarplyif@unicef.org,Female,96.192.100.11
665,Alexandre,Monteith,amonteithig@msn.com,Male,194.35.104.156
666,Ivie,Tropman,itropmanih@feedburner.com,Agender,169.126.157.120
667,Baudoin,Wallett,bwallettii@usa.gov,Male,69.248.153.178
668,Hugh,Quayle,hquayleij@wikispaces.com,Male,111.169.24.134
669,Henry,Bartlet,hbartletik@theatlantic.com,Male,71.242.235.133
670,Feliks,Callister,fcallisteril@wix.com,Male,31.211.161.75
671,Baxy,Elsie,belsieim@opera.com,Male,105.233.225.171
672,Alano,Beddingham,abeddinghamin@dyndns.org,Male,54.127.178.103
673,Hillier,Iscowitz,hiscowitzio@shareasale.com,Genderfluid,172.35.214.33
674,Salomi,Beales,sbealesip@freewebs.com,Female,157.126.106.89
675,Ransell,Daintrey,rdaintreyiq@techcrunch.com,Male,29.36.240.125
676,Sydney,Kettlestringe,skettlestringeir@symantec.com,Male,41.173.201.225
677,Tana,Pouton,tpoutonis@princeton.edu,Female,240.213.204.125
678,Virginia,Brunicke,vbrunickeit@wordpress.com,Polygender,48.48.236.37
679,Kathy,Fahey,kfaheyiu@wix.com,Female,54.102.185.250
680,Cointon,Lovemore,clovemoreiv@jugem.jp,Male,165.144.18.250
681,Oran,Speere,ospeereiw@soundcloud.com,Male,217.107.135.164
682,Louisa,Perez,lperezix@fema.gov,Female,246.80.162.141
683,Reena,Lung,rlungiy@shareasale.com,Female,0.60.114.188
684,Adolf,Croot,acrootiz@artisteer.com,Male,143.24.29.159
685,Al,Salasar,asalasarj0@flickr.com,Male,65.191.122.111
686,Bronnie,Arnoud,barnoudj1@tamu.edu,Male,76.255.121.140
687,Mathe,Allsep,mallsepj2@biglobe.ne.jp,Male,10.114.27.42
688,Lenore,Cianelli,lcianellij3@ifeng.com,Female,10.186.101.72
689,Eziechiele,Durtnal,edurtnalj4@house.gov,Male,231.216.32.79
690,Caleb,Grishankov,cgrishankovj5@archive.org,Male,15.204.242.224
691,Madelaine,Slyman,mslymanj6@google.nl,Female,86.190.112.181
692,Misha,Jancar,mjancarj7@wisc.edu,Female,166.91.235.208
693,Darsie,Costelow,dcostelowj8@ted.com,Female,64.143.94.24
694,Devin,Penni,dpennij9@noaa.gov,Male,53.170.135.240
695,Jenilee,Warret,jwarretja@unesco.org,Female,23.228.234.138
696,Ulla,Akitt,uakittjb@wikimedia.org,Female,166.130.9.98
697,Blaine,Rubinowitch,brubinowitchjc@washington.edu,Male,70.14.159.192
698,Flory,Knights,fknightsjd@patch.com,Male,196.232.150.227
699,Axel,McGerr,amcgerrje@sakura.ne.jp,Male,217.96.3.34
700,Holli,Pickford,hpickfordjf@hugedomains.com,Female,155.125.172.163
701,Jo ann,Salman,jsalmanjg@technorati.com,Female,183.42.22.183
702,Cesare,Stribbling,cstribblingjh@xinhuanet.com,Polygender,172.132.27.143
703,Kelsey,Blaik,kblaikji@harvard.edu,Male,137.67.50.131
704,Colan,Kippen,ckippenjj@mozilla.org,Male,183.162.70.228
705,Howard,Granleese,hgranleesejk@umn.edu,Male,74.157.237.40
706,Debi,Dudden,dduddenjl@miibeian.gov.cn,Female,167.119.2.112
707,Ave,Caseley,acaseleyjm@irs.gov,Male,231.169.71.51
708,Peyton,Johann,pjohannjn@booking.com,Male,181.99.60.86
709,Elayne,Welbrock,ewelbrockjo@t-online.de,Female,195.97.92.158
710,Lane,Hunnam,lhunnamjp@mapy.cz,Agender,99.25.91.3
711,Sky,McElory,smceloryjq@sciencedaily.com,Male,201.9.181.151
712,Joey,Worledge,jworledgejr@exblog.jp,Male,57.125.47.65
713,Karia,Siddon,ksiddonjs@eventbrite.com,Non-binary,55.243.196.153
714,Trude,Mungin,tmunginjt@nih.gov,Female,169.194.233.75
715,Bathsheba,Shoppee,bshoppeeju@xing.com,Female,49.76.0.233
716,Lay,Caffin,lcaffinjv@surveymonkey.com,Genderqueer,165.196.87.134
717,Rance,Kropach,rkropachjw@businessinsider.com,Male,173.96.107.21
718,Lanae,Whardley,lwhardleyjx@walmart.com,Female,81.224.88.222
719,Mersey,Aggus,maggusjy@patch.com,Female,155.12.190.146
720,Hobart,Tommen,htommenjz@yellowpages.com,Male,13.233.237.59
721,Lara,Walicki,lwalickik0@noaa.gov,Female,126.68.142.148
722,Misty,Hearons,mhearonsk1@stumbleupon.com,Female,181.147.78.195
723,Amalie,Meeks,ameeksk2@pinterest.com,Female,142.213.42.228
724,Ashlee,Gonneau,agonneauk3@nsw.gov.au,Female,210.241.74.147
725,Matty,Osmund,mosmundk4@cocolog-nifty.com,Polygender,225.86.56.200
726,Babbie,Houldin,bhouldink5@desdev.cn,Female,104.173.179.251
727,Joane,MacCrackan,jmaccrackank6@paginegialle.it,Non-binary,197.63.163.111
728,Irv,Davion,idavionk7@4shared.com,Male,165.218.155.22
729,Budd,Mundall,bmundallk8@reddit.com,Male,202.233.213.171
730,Charmion,Stimpson,cstimpsonk9@dailymail.co.uk,Female,214.143.122.213
731,Teodora,Bracegirdle,tbracegirdleka@imgur.com,Female,230.98.81.82
732,Brunhilde,Draco,bdracokb@columbia.edu,Female,39.237.142.75
733,Tatum,Jovicic,tjovicickc@sina.com.cn,Non-binary,168.234.44.14
734,Gerri,Cockerton,gcockertonkd@netscape.com,Male,103.250.129.144
735,Pepillo,Dethloff,pdethloffke@posterous.com,Male,253.254.168.103
736,Margalo,Bunney,mbunneykf@globo.com,Female,60.217.239.53
737,Alvie,Van der Beek,avanderbeekkg@cdc.gov,Male,38.112.250.74
738,Denny,Caselick,dcaselickkh@psu.edu,Genderqueer,251.61.29.114
739,Bogart,Kitchenman,bkitchenmanki@simplemachines.org,Male,232.97.218.42
740,Carny,Ridulfo,cridulfokj@wiley.com,Male,27.197.253.77
741,Fifine,Cranstone,fcranstonekk@huffingtonpost.com,Female,237.74.79.110
742,Leena,Paddock,lpaddockkl@clickbank.net,Female,242.174.188.175
743,Zacharia,Upex,zupexkm@artisteer.com,Male,129.253.88.51
744,Stanleigh,Cowans,scowanskn@sciencedirect.com,Male,65.100.105.204
745,Jarvis,Brosini,jbrosiniko@pen.io,Male,6.119.29.98
746,Augie,Hardin,ahardinkp@diigo.com,Male,34.211.2.196
747,Wash,Alldritt,walldrittkq@pinterest.com,Male,113.41.153.24
748,Vin,Greenstreet,vgreenstreetkr@umich.edu,Female,164.48.139.94
749,Selena,Shemelt,sshemeltks@jugem.jp,Female,108.184.91.140
750,Hogan,Backshill,hbackshillkt@hao123.com,Male,215.157.210.28
751,Nata,Collis,ncollisku@csmonitor.com,Female,81.183.49.39
752,Torrie,Ramiro,tramirokv@edublogs.org,Female,208.98.39.236
753,Olenolin,Robak,orobakkw@tinypic.com,Male,255.158.184.18
754,Haley,Musterd,hmusterdkx@devhub.com,Male,4.208.215.74
755,Faye,Pankethman,fpankethmanky@washington.edu,Female,93.64.170.94
756,Demetrius,Claridge,dclaridgekz@theatlantic.com,Male,201.103.162.204
757,Felix,McKelvey,fmckelveyl0@delicious.com,Non-binary,158.68.64.245
758,Noel,Lacaze,nlacazel1@marketwatch.com,Male,83.154.168.1
759,Thorpe,Whysall,twhysalll2@epa.gov,Male,84.174.63.242
760,Annice,O'Cahill,aocahilll3@sciencedirect.com,Female,176.187.155.154
761,Peirce,Rubica,prubical4@flickr.com,Male,56.194.28.63
762,Putnam,Micheu,pmicheul5@cargocollective.com,Male,107.175.11.238
763,Danna,Sermin,dserminl6@example.com,Female,139.129.112.183
764,Marylou,Kingsbury,mkingsburyl7@hexun.com,Female,134.192.38.217
765,Joell,Gregorio,jgregoriol8@linkedin.com,Female,230.177.30.22
766,Evanne,Loach,eloachl9@google.pl,Genderfluid,123.170.174.92
767,Loni,Langthorn,llangthornla@rediff.com,Female,17.123.36.127
768,Ursa,Cartwright,ucartwrightlb@sourceforge.net,Female,144.161.88.247
769,Roxine,Benitez,rbenitezlc@businessweek.com,Female,19.106.123.44
770,Hope,Pudney,hpudneyld@discuz.net,Female,38.246.238.157
771,Goldi,Medling,gmedlingle@smh.com.au,Female,143.69.107.135
772,Codie,Banford,cbanfordlf@feedburner.com,Female,12.204.80.145
773,Krista,Buxy,kbuxylg@indiatimes.com,Female,203.153.83.157
774,Jacqueline,des Remedios,jdesremedioslh@blog.com,Female,198.75.239.215
775,Blisse,Harmar,bharmarli@ning.com,Bigender,31.207.199.164
776,Averill,Form,aformlj@theglobeandmail.com,Male,107.131.38.202
777,Erwin,Tenpenny,etenpennylk@timesonline.co.uk,Male,2.178.159.105
778,Dominique,Simoncini,dsimoncinill@youku.com,Male,9.40.159.127
779,Tyrus,Cristea,tcristealm@ezinearticles.com,Male,102.11.158.40
780,Rustin,Klawi,rklawiln@printfriendly.com,Male,35.243.104.197
781,Melloney,Stacy,mstacylo@arizona.edu,Female,71.114.111.50
782,Laney,Chelley,lchelleylp@ed.gov,Male,237.55.226.14
783,Cameron,Newlands,cnewlandslq@slideshare.net,Male,227.56.78.254
784,Gaylene,Sumption,gsumptionlr@businesswire.com,Female,26.250.243.107
785,Nickola,Lamberti,nlambertils@house.gov,Male,63.209.2.112
786,Jo,Gogin,jgoginlt@ehow.com,Female,80.28.66.112
787,Demott,Swinden,dswindenlu@samsung.com,Male,234.77.168.159
788,Anatol,Josephi,ajosephilv@ifeng.com,Male,190.235.220.101
789,Derick,O' Driscoll,dodriscolllw@engadget.com,Male,7.50.241.86
790,Lucias,Weagener,lweagenerlx@census.gov,Male,97.28.24.75
791,Felisha,Tayspell,ftayspellly@cloudflare.com,Bigender,163.105.74.216
792,Babbie,Aps,bapslz@goo.gl,Female,198.199.96.170
793,Jayme,Krysztofiak,jkrysztofiakm0@timesonline.co.uk,Male,95.83.70.89
794,Leticia,McLaverty,lmclavertym1@boston.com,Female,195.38.42.215
795,Grantham,Bodley,gbodleym2@apache.org,Male,203.10.241.188
796,Dallis,McGorman,dmcgormanm3@sbwire.com,Genderqueer,92.101.61.233
797,Trudi,Jans,tjansm4@google.nl,Non-binary,2.9.151.167
798,Ingmar,Boundey,iboundeym5@tiny.cc,Male,248.218.204.58
799,Mata,Crosen,mcrosenm6@free.fr,Male,36.145.24.181
800,Ariel,Ingerfield,aingerfieldm7@un.org,Male,223.111.255.13
801,Gilles,Mateu,gmateum8@biglobe.ne.jp,Male,12.188.231.149
802,Jerri,Paolotto,jpaolottom9@xrea.com,Male,23.148.72.91
803,Pryce,Petrusch,ppetruschma@deviantart.com,Male,78.66.205.151
804,Alyda,Trevascus,atrevascusmb@who.int,Female,44.233.185.160
805,Aila,Bryceson,abrycesonmc@barnesandnoble.com,Female,170.14.196.197
806,Vidovik,Humpage,vhumpagemd@usa.gov,Male,97.129.33.125
807,Alyson,Crownshaw,acrownshawme@nationalgeographic.com,Female,20.76.21.47
808,Adella,De Wolfe,adewolfemf@ucsd.edu,Bigender,9.4.7.132
809,Munroe,Hutcheon,mhutcheonmg@sciencedaily.com,Male,233.151.225.242
810,Morly,Simoens,msimoensmh@hc360.com,Male,100.236.109.142
811,Francyne,Pocklington,fpocklingtonmi@spotify.com,Female,46.149.245.188
812,Waldo,Corzor,wcorzormj@cbslocal.com,Male,176.81.54.47
813,Gran,Heskey,gheskeymk@wisc.edu,Male,40.58.44.239
814,Wallache,Newbery,wnewberyml@hugedomains.com,Male,220.158.168.26
815,Victor,Cecchetelli,vcecchetellimm@barnesandnoble.com,Male,200.127.165.15
816,Laughton,Cottam,lcottammn@baidu.com,Male,230.62.88.117
817,Wilow,Lockyer,wlockyermo@jalbum.net,Female,6.218.164.61
818,Edyth,Chatenier,echateniermp@chicagotribune.com,Female,95.88.74.126
819,Tomasina,Dodell,tdodellmq@weibo.com,Female,112.115.236.219
820,Giusto,Dallmann,gdallmannmr@homestead.com,Male,93.73.84.189
821,Zeb,Pickover,zpickoverms@cloudflare.com,Male,64.158.50.62
822,Florette,Kirwin,fkirwinmt@ebay.com,Female,3.244.156.122
823,Alfie,Drover,adrovermu@com.com,Male,196.77.55.101
824,Bella,Gridley,bgridleymv@fotki.com,Female,194.144.36.193
825,Oby,Olifaunt,oolifauntmw@drupal.org,Male,210.90.29.85
826,Astrid,Shufflebotham,ashufflebothammx@desdev.cn,Female,105.238.250.78
827,Tedie,Craig,tcraigmy@opera.com,Male,173.8.253.194
828,Ericha,Shemmin,eshemminmz@soup.io,Female,48.81.125.85
829,Jorgan,Oneill,joneilln0@ebay.com,Male,233.234.187.253
830,Hanson,Bettaney,hbettaneyn1@apple.com,Male,10.253.175.120
831,Lydie,Prozescky,lprozesckyn2@hibu.com,Female,245.248.57.19
832,Jilli,Sorsbie,jsorsbien3@studiopress.com,Female,36.80.210.156
833,Christy,Scritch,cscritchn4@seesaa.net,Female,148.191.140.237
834,Emmit,Guynemer,eguynemern5@europa.eu,Male,10.200.211.195
835,Riobard,Mathieu,rmathieun6@webs.com,Male,227.194.35.179
836,Teirtza,Ephson,tephsonn7@xinhuanet.com,Female,92.224.2.155
837,Emilia,Phair,ephairn8@dion.ne.jp,Female,41.204.32.28
838,Tanhya,Canadine,tcanadinen9@europa.eu,Polygender,216.100.88.86
839,Laird,Boutell,lboutellna@issuu.com,Male,147.237.65.73
840,Rayshell,Slade,rsladenb@hatena.ne.jp,Agender,144.212.96.156
841,Dorita,Dorro,ddorronc@nationalgeographic.com,Female,53.214.5.19
842,Julianne,Lempke,jlempkend@intel.com,Female,236.205.242.26
843,Sumner,Abbott,sabbottne@bbb.org,Male,132.130.138.106
844,Daile,Beck,dbecknf@last.fm,Agender,163.55.17.97
845,Elladine,Dudill,edudillng@economist.com,Polygender,80.112.234.146
846,Stepha,Presho,spreshonh@tripod.com,Female,92.29.178.155
847,Quincey,Helis,qhelisni@mysql.com,Male,217.76.247.93
848,Esdras,Nise,enisenj@mapquest.com,Male,69.30.22.157
849,Rufe,Vagges,rvaggesnk@auda.org.au,Male,18.36.233.248
850,Mitchel,Warfield,mwarfieldnl@howstuffworks.com,Male,78.126.45.233
851,Joella,Joontjes,jjoontjesnm@businessweek.com,Female,235.236.103.92
852,Abbe,Courage,acouragenn@privacy.gov.au,Female,229.199.215.39
853,Andriette,Craze,acrazeno@themeforest.net,Polygender,250.10.101.66
854,Elmira,Bleiman,ebleimannp@angelfire.com,Female,145.141.70.60
855,Stevena,Gurnett,sgurnettnq@yahoo.com,Female,74.203.7.186
856,Francisco,Saffin,fsaffinnr@free.fr,Male,98.31.230.95
857,Leanna,Lyddy,llyddyns@intel.com,Female,144.51.89.199
858,Bentlee,Boldero,bbolderont@sakura.ne.jp,Male,31.164.169.55
859,Rozanne,Gawkes,rgawkesnu@reverbnation.com,Female,198.13.253.235
860,Hobie,Tidbold,htidboldnv@craigslist.org,Male,82.74.129.250
861,Miriam,Dowthwaite,mdowthwaitenw@apache.org,Female,182.133.158.181
862,Aili,Girauld,agirauldnx@gmpg.org,Female,57.211.217.72
863,Valentijn,Manz,vmanzny@yale.edu,Male,24.164.216.243
864,Ginelle,Reicherz,greicherznz@hatena.ne.jp,Female,246.216.237.87
865,Gilberto,Eggar,geggaro0@usda.gov,Polygender,5.240.237.43
866,Beverlee,Astupenas,bastupenaso1@cnn.com,Female,222.162.15.153
867,Karita,Good,kgoodo2@engadget.com,Female,13.25.183.190
868,Marsiella,Schwartz,mschwartzo3@unicef.org,Genderqueer,132.13.233.191
869,Jonas,Windham,jwindhamo4@ihg.com,Male,162.111.236.72
870,Stanford,Niesegen,sniesegeno5@tripod.com,Male,164.165.100.167
871,Cordelia,Sharphurst,csharphursto6@ox.ac.uk,Female,163.150.183.43
872,Allene,Danilevich,adanilevicho7@dyndns.org,Female,242.47.118.147
873,Patrick,Mc Faul,pmcfaulo8@fc2.com,Male,232.22.233.241
874,Eldin,Lighterness,elighternesso9@oracle.com,Male,202.216.169.253
875,Rouvin,Taylo,rtaylooa@amazon.co.jp,Agender,91.38.101.146
876,Thacher,Vigar,tvigarob@theglobeandmail.com,Polygender,23.185.250.61
877,Jerrie,McIsaac,jmcisaacoc@plala.or.jp,Genderfluid,3.107.253.53
878,Massimiliano,McGuinley,mmcguinleyod@printfriendly.com,Male,235.104.129.168
879,Kimberlyn,Highway,khighwayoe@nyu.edu,Female,230.9.148.201
880,Elbertine,Rickeard,erickeardof@mapy.cz,Polygender,242.138.182.38
881,Kerwin,Broster,kbrosterog@theguardian.com,Male,92.86.63.102
882,Inness,Nodin,inodinoh@illinois.edu,Male,112.101.18.230
883,Ibby,Gaynsford,igaynsfordoi@newyorker.com,Female,95.182.249.79
884,Ivar,McKillop,imckillopoj@parallels.com,Male,169.228.96.235
885,Lora,Vigrass,lvigrassok@illinois.edu,Female,162.199.188.228
886,Dylan,Mumberson,dmumbersonol@wisc.edu,Bigender,182.162.183.168
887,Guy,Wood,gwoodom@accuweather.com,Male,230.207.36.135
888,Milo,Shemmans,mshemmanson@ehow.com,Male,15.206.183.150
889,Celestyna,Penzer,cpenzeroo@jigsy.com,Female,126.48.182.25
890,Abby,Churms,achurmsop@simplemachines.org,Male,21.231.189.182
891,Anatole,Kavanagh,akavanaghoq@slate.com,Male,46.6.102.44
892,Aland,Philippet,aphilippetor@qq.com,Male,84.136.4.145
893,Thorvald,Rudd,truddos@odnoklassniki.ru,Agender,121.89.105.84
894,Wilton,Braxay,wbraxayot@hp.com,Male,13.244.186.120
895,Paxton,Axton,paxtonou@nsw.gov.au,Male,148.216.141.72
896,Alvy,Papachristophorou,apapachristophorouov@tripod.com,Male,180.212.216.125
897,Hiram,Sargerson,hsargersonow@wired.com,Male,202.202.189.16
898,Amery,Housen,ahousenox@fastcompany.com,Male,236.6.158.142
899,Cloris,MacGinley,cmacginleyoy@fc2.com,Genderqueer,13.3.94.167
900,Birk,Attryde,battrydeoz@examiner.com,Male,46.28.60.29
901,Sarene,Wildblood,swildbloodp0@sciencedirect.com,Female,33.51.195.163
902,Travers,Borghese,tborghesep1@feedburner.com,Male,169.17.84.66
903,Cherlyn,Newvell,cnewvellp2@amazon.com,Female,57.245.41.105
904,Casey,Decker,cdeckerp3@va.gov,Male,14.156.125.231
905,Ryon,Cumberbatch,rcumberbatchp4@google.de,Male,216.97.188.150
906,Boote,Lyfield,blyfieldp5@princeton.edu,Male,41.44.157.85
907,Dory,Berthelet,dbertheletp6@reuters.com,Male,133.148.240.180
908,Cozmo,McQuirter,cmcquirterp7@marriott.com,Male,118.217.233.111
909,Winfield,McVee,wmcveep8@storify.com,Male,181.242.31.126
910,Karlen,Sawyers,ksawyersp9@nps.gov,Female,247.13.230.251
911,Marcia,Goodfellow,mgoodfellowpa@posterous.com,Female,116.189.176.69
912,Valentijn,Stredwick,vstredwickpb@youtube.com,Male,67.22.0.17
913,Ogdan,Tankard,otankardpc@livejournal.com,Male,248.205.65.116
914,Maiga,Scorah,mscorahpd@phpbb.com,Polygender,235.138.169.215
915,Arlin,Scoles,ascolespe@skype.com,Male,100.11.208.1
916,Jilli,Chowne,jchownepf@hugedomains.com,Female,175.254.74.36
917,Fanchette,Glading,fgladingpg@state.tx.us,Female,225.203.14.71
918,Theresita,Bartholin,tbartholinph@google.nl,Female,141.112.30.99
919,Flossy,Crummy,fcrummypi@phoca.cz,Female,58.111.33.243
920,Purcell,Guittet,pguittetpj@flickr.com,Non-binary,72.163.147.105
921,Janeva,Mannix,jmannixpk@shutterfly.com,Genderfluid,141.2.0.226
922,Candice,Kinsman,ckinsmanpl@studiopress.com,Female,146.227.195.113
923,Sibilla,Legon,slegonpm@mozilla.com,Female,2.247.75.254
924,Ax,Metts,amettspn@taobao.com,Male,165.216.131.140
925,Marjie,Hue,mhuepo@ask.com,Female,215.212.74.5
926,Raul,Grafom,rgrafompp@psu.edu,Male,91.120.152.145
927,Billye,Oxtaby,boxtabypq@utexas.edu,Female,79.171.211.94
928,Latrina,Purton,lpurtonpr@google.nl,Female,173.42.4.238
929,Ferdy,Ronaghan,fronaghanps@alexa.com,Male,141.21.221.114
930,Matty,Esch,meschpt@g.co,Male,47.15.238.122
931,Jacquette,Longmaid,jlongmaidpu@spotify.com,Female,15.216.38.135
932,Wald,Hoodspeth,whoodspethpv@apache.org,Male,33.204.166.149
933,Staford,Lyver,slyverpw@tripod.com,Male,62.2.67.27
934,Salli,Searson,ssearsonpx@hud.gov,Genderfluid,167.125.205.178
935,Ciel,McCambrois,cmccambroispy@umich.edu,Female,200.219.208.18
936,Murray,McGibbon,mmcgibbonpz@tripod.com,Male,50.142.10.74
937,Aleksandr,Raccio,araccioq0@amazonaws.com,Male,174.42.137.109
938,Baxy,Gummoe,bgummoeq1@dion.ne.jp,Male,186.161.208.220
939,Norrie,Connue,nconnueq2@domainmarket.com,Male,127.142.12.10
940,Carlina,Garter,cgarterq3@csmonitor.com,Female,160.47.154.128
941,Cyrillus,Domnin,cdomninq4@google.co.jp,Male,205.12.163.38
942,Jere,Webermann,jwebermannq5@rediff.com,Genderfluid,123.50.237.142
943,Frans,Solomonides,fsolomonidesq6@loc.gov,Male,43.128.247.69
944,Martin,Breadon,mbreadonq7@miitbeian.gov.cn,Male,245.71.114.9
945,Henka,Toll,htollq8@slideshare.net,Genderqueer,42.254.131.79
946,Berkly,Offner,boffnerq9@github.io,Male,102.131.82.196
947,Kiel,Ellif,kellifqa@google.com.au,Male,229.238.20.48
948,Emmey,Tarply,etarplyqb@google.co.jp,Female,171.44.86.189
949,Concordia,Ohms,cohmsqc@soup.io,Female,222.100.219.81
950,Ashlen,Cankett,acankettqd@squarespace.com,Female,22.95.214.70
951,Hyacinthie,Jurisic,hjurisicqe@hp.com,Female,254.107.183.134
952,Tanhya,Mulliss,tmullissqf@wp.com,Female,94.42.22.179
953,Janine,Crosswaite,jcrosswaiteqg@cloudflare.com,Female,131.178.252.54
954,Eilis,Pentelow,epentelowqh@sbwire.com,Female,233.175.99.26
955,Bibi,Mosedale,bmosedaleqi@tinyurl.com,Female,76.47.140.25
956,Sarajane,Bartkiewicz,sbartkiewiczqj@deliciousdays.com,Female,23.78.19.134
957,Aube,MacTerrelly,amacterrellyqk@exblog.jp,Male,146.36.188.81
958,Ramon,Piddocke,rpiddockeql@marriott.com,Agender,242.230.0.101
959,Sutherlan,Tune,stuneqm@blogspot.com,Male,70.223.188.246
960,Lorilee,Troubridge,ltroubridgeqn@simplemachines.org,Female,154.94.113.240
961,Brigham,Kruger,bkrugerqo@mapy.cz,Male,50.213.171.195
962,Dollie,Kolushev,dkolushevqp@netlog.com,Female,200.48.223.255
963,Rosalinde,Tremblett,rtremblettqq@dot.gov,Agender,67.46.254.241
964,Frasier,Normavell,fnormavellqr@spotify.com,Male,115.217.32.96
965,Edithe,Chisholm,echisholmqs@uol.com.br,Female,6.222.0.255
966,Verney,Sarsfield,vsarsfieldqt@mit.edu,Male,81.130.237.1
967,Ciro,Akeherst,cakeherstqu@tinypic.com,Male,31.217.86.130
968,Marleen,Burnage,mburnageqv@slashdot.org,Female,135.23.130.194
969,Breanne,Paddell,bpaddellqw@google.ca,Female,20.47.253.116
970,Brocky,Wodham,bwodhamqx@prlog.org,Male,166.197.39.135
971,Lovell,Kilbee,lkilbeeqy@statcounter.com,Male,92.93.106.37
972,Etan,Gowlett,egowlettqz@craigslist.org,Male,182.6.177.229
973,Dotti,Benet,dbenetr0@hugedomains.com,Female,105.243.149.22
974,Otto,Lorkins,olorkinsr1@army.mil,Male,17.200.41.191
975,Amie,Castanone,acastanoner2@techcrunch.com,Female,247.0.204.48
976,Franchot,Hemphill,fhemphillr3@godaddy.com,Agender,133.98.63.203
977,Glory,Turrill,gturrillr4@hp.com,Female,226.26.252.32
978,Ranique,Keirle,rkeirler5@google.ru,Female,106.232.104.62
979,Graehme,Forrestill,gforrestillr6@adobe.com,Male,181.10.105.235
980,Stanwood,Gallone,sgalloner7@ezinearticles.com,Male,17.144.68.167
981,Bianka,Jillett,bjillettr8@google.co.uk,Female,224.190.250.134
982,Deva,Huke,dhuker9@photobucket.com,Female,4.123.230.96
983,Manny,Kohnemann,mkohnemannra@samsung.com,Non-binary,136.210.35.164
984,Frankie,Merington,fmeringtonrb@google.com.br,Male,15.80.100.108
985,Gay,Jakeway,gjakewayrc@people.com.cn,Male,252.136.31.51
986,Joseito,Coull,jcoullrd@google.co.jp,Male,228.21.122.139
987,Josi,Steel,jsteelre@irs.gov,Female,3.30.73.95
988,Leonanie,Bomb,lbombrf@sitemeter.com,Female,99.9.84.253
989,Wilbert,Nuzzti,wnuzztirg@sitemeter.com,Male,144.50.236.126
990,Granville,Dunphie,gdunphierh@live.com,Male,25.100.245.127
991,Gareth,Trippick,gtrippickri@vimeo.com,Agender,91.62.28.181
992,Waylan,Vasnetsov,wvasnetsovrj@walmart.com,Genderfluid,202.4.13.65
993,Reed,Phibb,rphibbrk@ca.gov,Male,122.24.242.236
994,Tova,Oldnall,toldnallrl@mozilla.org,Female,210.233.190.53
995,Carri,Dingate,cdingaterm@nymag.com,Female,100.111.240.219
996,Bret,Edens,bedensrn@friendfeed.com,Male,39.193.74.244
997,Reinaldos,Wybrow,rwybrowro@bigcartel.com,Male,47.20.216.40
998,Lizette,Leonard,lleonardrp@harvard.edu,Genderqueer,139.59.190.88
999,Carlin,Dewfall,cdewfallrq@devhub.com,Male,40.125.228.124
1000,Katusha,Meadowcroft,kmeadowcroftrr@weebly.com,Agender,87.159.29.16
