id,first_name,last_name,email,gender,ip_address
1,Lukas,Caddy,lcaddy0@paginegialle.it,Male,164.149.162.110
2,Jamey,Sproson,jsproson1@digg.com,Male,151.0.150.140
3,Fitz,Renehan,frenehan2@furl.net,Male,46.89.12.207
4,Linda,Squirrell,lsquirrell3@tuttocitta.it,Female,197.59.34.132
5,Gregorius,Martinec,gmartinec4@state.tx.us,Male,113.123.193.132
6,Dag,Obin,dobin5@dmoz.org,Male,229.181.233.162
7,Cathryn,Lowfill,clowfill6@uol.com.br,Female,0.73.223.98
8,Rosana,Gyenes,rgyenes7@icq.com,Bigender,49.145.89.219
9,Dieter,Scedall,dscedall8@cnn.com,Male,75.236.1.148
10,Amandi,Fairholme,afairholme9@ehow.com,Female,65.48.54.84
11,Orville,Guerner,oguernera@weibo.com,Male,176.22.79.82
12,Pooh,Paddon,ppaddonb@miitbeian.gov.cn,Male,171.210.161.73
13,Velvet,Giggs,vgiggsc@hhs.gov,Female,13.167.247.247
14,Gerek,Pentecust,gpentecustd@twitter.com,Bigender,92.120.95.148
15,Shandra,Doumer,sdoumere@guardian.co.uk,Female,187.69.12.137
16,Byron,Thunder,bthunderf@hubpages.com,Male,241.59.87.63
17,Erna,Meeny,emeenyg@pagesperso-orange.fr,Female,119.164.154.172
18,Cord,Cops,ccopsh@friendfeed.com,Male,215.67.49.16
19,Frankie,Langsdon,flangsdoni@smh.com.au,Female,120.213.206.94
20,Marsh,St. Quintin,mstquintinj@gov.uk,Male,15.126.163.244
21,Hewie,Doby,hdobyk@wired.com,Genderfluid,148.96.60.204
22,Axel,Buncom,abuncoml@parallels.com,Male,75.85.253.69
23,Mayne,Room,mroomm@technorati.com,Male,184.233.100.120
24,Thayne,Nehlsen,tnehlsenn@oakley.com,Male,180.214.22.169
25,Salomon,Wride,swrideo@hhs.gov,Bigender,162.174.167.7
26,Shani,Alliott,salliottp@china.com.cn,Female,164.61.208.104
27,Heidie,Jeroch,hjerochq@usgs.gov,Female,198.245.205.249
28,Torrey,Zannotti,tzannottir@mapy.cz,Male,57.29.180.255
29,Brion,Cawkill,bcawkills@moonfruit.com,Male,183.98.73.233
30,Carmelita,Pencott,cpencottt@hc360.com,Female,143.14.112.220
31,Georgie,Gascone,ggasconeu@theglobeandmail.com,Male,177.225.73.178
32,Myron,Scotchbrook,mscotchbrookv@vimeo.com,Male,225.24.140.5
33,Esdras,Kiffin,ekiffinw@microsoft.com,Male,242.150.45.152
34,Charline,Sussams,csussamsx@infoseek.co.jp,Female,73.73.72.112
35,Kelcey,North,knorthy@discuz.net,Female,21.181.67.92
36,Camel,Jammet,cjammetz@slate.com,Female,234.55.57.118
37,Heinrik,Tribble,htribble10@msn.com,Male,28.100.159.124
38,Wilmar,Bollon,wbollon11@mozilla.com,Male,162.110.132.92
39,Wilow,Wiseman,wwiseman12@google.com.br,Female,210.102.223.225
40,Roseline,Glasgow,rglasgow13@artisteer.com,Female,55.233.152.183
41,Basia,Oxenham,boxenham14@smugmug.com,Female,81.220.148.114
42,Gawen,Dysert,gdysert15@cbsnews.com,Male,56.217.165.146
43,Scottie,Gregh,sgregh16@reuters.com,Male,29.49.101.177
44,Susannah,Hearl,shearl17@drupal.org,Female,223.170.25.3
45,Rayshell,Beringer,rberinger18@accuweather.com,Female,113.48.250.178
46,Marten,Poznanski,mpoznanski19@fotki.com,Male,61.105.210.13
47,Jo ann,Vaan,jvaan1a@de.vu,Female,239.22.67.246
48,Ailyn,Lantaff,alantaff1b@jigsy.com,Non-binary,70.227.101.148
49,Regan,Stearnes,rstearnes1c@nifty.com,Male,49.198.138.211
50,Adriano,Oaks,aoaks1d@omniture.com,Male,236.57.212.133
51,Cassie,Guyers,cguyers1e@surveymonkey.com,Bigender,52.136.50.203
52,Fons,Petegrew,fpetegrew1f@sitemeter.com,Male,225.4.139.39
53,Banky,Engel,bengel1g@zdnet.com,Male,193.21.189.157
54,Chloe,Greenhead,cgreenhead1h@sbwire.com,Female,181.50.86.79
55,Giulio,Hambridge,ghambridge1i@topsy.com,Male,141.167.37.252
56,Ardys,Mote,amote1j@surveymonkey.com,Female,92.46.194.143
57,Basilius,Cooley,bcooley1k@eventbrite.com,Male,60.133.94.54
58,Ursola,McIlhagga,umcilhagga1l@artisteer.com,Female,247.166.164.219
59,Andriette,Tireman,atireman1m@earthlink.net,Female,217.180.107.16
60,Nefen,Trenholme,ntrenholme1n@liveinternet.ru,Male,243.113.124.211
61,Bettye,Lampel,blampel1o@newyorker.com,Female,227.133.146.34
62,Warren,Timberlake,wtimberlake1p@devhub.com,Male,163.206.28.214
63,Debbi,Gebbe,dgebbe1q@mysql.com,Female,169.69.83.156
64,Melina,Tarborn,mtarborn1r@clickbank.net,Female,255.24.232.63
65,Ola,Croome,ocroome1s@marketwatch.com,Female,28.202.252.170
66,Nonna,Cockerham,ncockerham1t@tmall.com,Female,52.241.6.9
67,Zandra,Clewarth,zclewarth1u@mashable.com,Female,116.116.204.51
68,Zaneta,Frowd,zfrowd1v@behance.net,Female,116.83.240.219
69,Brocky,Gunther,bgunther1w@cloudflare.com,Genderqueer,74.219.146.74
70,Felicity,Mapstone,fmapstone1x@myspace.com,Female,240.235.27.248
71,Francesca,Foran,fforan1y@geocities.jp,Genderfluid,161.29.133.248
72,Devinne,Pickering,dpickering1z@earthlink.net,Female,22.31.58.110
73,Darcy,Folca,dfolca20@aol.com,Female,15.126.111.223
74,Benton,Bromont,bbromont21@seesaa.net,Male,99.123.162.30
75,Elmer,Shireff,eshireff22@ow.ly,Male,175.229.140.46
76,Nappy,Vittle,nvittle23@indiegogo.com,Male,8.103.93.4
77,Vanya,Hook,vhook24@japanpost.jp,Genderfluid,157.84.93.107
78,Lock,Agate,lagate25@nba.com,Male,126.5.81.153
79,Yolane,Valens-Smith,yvalenssmith26@youku.com,Female,193.105.54.150
80,Mahalia,Proctor,mproctor27@yahoo.com,Female,207.252.251.193
81,Bryon,Hector,bhector28@4shared.com,Male,46.12.173.141
82,Loraine,Roney,lroney29@hugedomains.com,Female,217.238.17.115
83,Rosmunda,Antognelli,rantognelli2a@sphinn.com,Polygender,172.243.57.246
84,Glennis,Broose,gbroose2b@yale.edu,Female,21.231.82.193
85,Eleanora,Antowski,eantowski2c@pcworld.com,Genderqueer,60.225.30.108
86,Carleen,Pinkerton,cpinkerton2d@rakuten.co.jp,Female,46.60.236.253
87,Othilia,Charkham,ocharkham2e@mail.ru,Polygender,236.213.242.255
88,Mamie,Longstaff,mlongstaff2f@blogspot.com,Female,224.240.47.9
89,Hollie,Baldrey,hbaldrey2g@skyrock.com,Female,111.163.216.189
90,Arliene,Barrable,abarrable2h@t.co,Female,192.66.146.130
91,Benedikta,MacCafferty,bmaccafferty2i@google.ca,Female,203.2.82.226
92,Lacey,Whitland,lwhitland2j@baidu.com,Female,3.61.228.69
93,Sasha,Innes,sinnes2k@psu.edu,Male,27.65.125.175
94,Steve,Chadney,schadney2l@tuttocitta.it,Male,180.245.79.70
95,Lulu,Powney,lpowney2m@wp.com,Female,55.100.167.130
96,Lucky,Aslum,laslum2n@macromedia.com,Female,222.154.39.86
97,Bernadina,Ronchetti,bronchetti2o@businesswire.com,Female,159.213.36.27
98,Faina,Lyne,flyne2p@myspace.com,Female,28.25.177.243
99,Fernandina,Korf,fkorf2q@prweb.com,Female,113.141.8.89
100,Onfre,Sarsons,osarsons2r@lulu.com,Male,27.5.109.59
101,Susette,Southon,ssouthon2s@parallels.com,Female,210.235.181.114
102,Verge,Manifield,vmanifield2t@discuz.net,Male,145.234.72.48
103,Birch,Frude,bfrude2u@liveinternet.ru,Male,143.158.127.252
104,Ives,Poolton,ipoolton2v@bbb.org,Male,20.57.17.219
105,Marnia,Branney,mbranney2w@booking.com,Female,23.27.26.216
106,Mortie,Darcy,mdarcy2x@instagram.com,Male,13.181.232.77
107,Kat,Alfonso,kalfonso2y@1und1.de,Female,136.192.150.34
108,Niki,Goforth,ngoforth2z@last.fm,Male,85.175.102.247
109,Cecily,Rosini,crosini30@un.org,Female,79.123.160.122
110,Kary,Roseaman,kroseaman31@opensource.org,Female,233.34.101.237
111,Emmy,Colecrough,ecolecrough32@pbs.org,Male,122.229.80.229
112,Bronny,Pryce,bpryce33@ca.gov,Male,79.91.121.208
113,Sal,Puddephatt,spuddephatt34@wiley.com,Polygender,236.96.205.5
114,Derwin,Varnham,dvarnham35@dailymail.co.uk,Male,24.49.195.208
115,Berta,Heindle,bheindle36@uol.com.br,Female,136.80.205.119
116,Abigael,Cassidy,acassidy37@chron.com,Female,175.63.67.131
117,Putnem,Scannell,pscannell38@cpanel.net,Male,146.242.55.124
118,Kelli,Greatex,kgreatex39@creativecommons.org,Female,122.242.223.208
119,Blanche,Arend,barend3a@nhs.uk,Female,221.15.138.165
120,Archy,McDowell,amcdowell3b@cnbc.com,Polygender,6.231.17.48
121,Danit,Freiburger,dfreiburger3c@vkontakte.ru,Female,230.213.176.187
122,Alena,Gisburne,agisburne3d@phoca.cz,Agender,66.167.158.175
123,Gilles,Deller,gdeller3e@tiny.cc,Male,196.249.54.239
124,Verney,Broadwood,vbroadwood3f@businessweek.com,Male,81.79.99.56
125,Ron,Carnaman,rcarnaman3g@uol.com.br,Male,251.18.196.93
126,Dario,Thorington,dthorington3h@sina.com.cn,Male,27.108.79.215
127,Robinet,Martinovsky,rmartinovsky3i@hhs.gov,Male,111.38.111.166
128,Brannon,Maasz,bmaasz3j@pcworld.com,Male,168.193.108.13
129,Norene,Hibling,nhibling3k@fema.gov,Female,63.133.97.165
130,Sacha,Briggdale,sbriggdale3l@stanford.edu,Female,104.94.207.69
131,Raff,Cranna,rcranna3m@prlog.org,Male,179.89.77.66
132,Thedric,Clougher,tclougher3n@163.com,Male,130.234.46.42
133,Alla,Boram,aboram3o@nih.gov,Female,245.5.1.15
134,Dee,Kleen,dkleen3p@eventbrite.com,Female,57.228.154.104
135,Wylie,Ulyet,wulyet3q@typepad.com,Male,87.102.195.100
136,Prinz,Prazer,pprazer3r@github.com,Male,248.133.26.133
137,Lurlene,Pasque,lpasque3s@last.fm,Female,91.90.144.233
138,Carrie,Baggiani,cbaggiani3t@google.ca,Female,178.23.89.232
139,Ondrea,Ruckhard,oruckhard3u@quantcast.com,Female,41.204.180.111
140,Alleyn,Don,adon3v@state.gov,Male,190.97.244.25
141,Felisha,Vittore,fvittore3w@examiner.com,Non-binary,172.240.44.16
142,Teodoro,Fagge,tfagge3x@cnbc.com,Male,85.16.13.43
143,Stillmann,Abdon,sabdon3y@chron.com,Male,97.11.66.140
144,Delano,Neale,dneale3z@umich.edu,Male,173.38.240.45
145,Bekki,Tregea,btregea40@wix.com,Female,144.167.149.67
146,Mab,Card,mcard41@opensource.org,Female,178.49.41.42
147,Melloney,Lazar,mlazar42@drupal.org,Female,28.206.232.239
148,Morgen,Gilcriest,mgilcriest43@sbwire.com,Female,244.244.240.193
149,Leanna,Hatherley,lhatherley44@yahoo.co.jp,Female,249.215.129.102
150,Marley,Lafrentz,mlafrentz45@fema.gov,Female,235.217.253.181
151,Valeda,Jindrich,vjindrich46@chronoengine.com,Female,177.149.81.231
152,Aurlie,Dade,adade47@nature.com,Female,201.224.152.111
153,Edythe,Castanares,ecastanares48@is.gd,Female,254.148.193.62
154,Nerta,Ingraham,ningraham49@ehow.com,Female,241.254.209.183
155,Raynell,Rouzet,rrouzet4a@meetup.com,Genderqueer,178.209.236.66
156,Tami,Moverley,tmoverley4b@irs.gov,Female,210.65.75.156
157,Inna,Bloxam,ibloxam4c@hostgator.com,Female,34.160.66.113
158,Penelope,Louis,plouis4d@dailymotion.com,Female,234.22.63.106
159,Tildy,Hatherell,thatherell4e@zimbio.com,Female,35.162.15.222
160,Lucius,Crookall,lcrookall4f@acquirethisname.com,Agender,123.132.91.105
161,Vonni,Branwhite,vbranwhite4g@pen.io,Female,142.234.108.131
162,Armand,Pratton,apratton4h@chron.com,Agender,8.84.217.241
163,Seamus,Castagnasso,scastagnasso4i@army.mil,Male,116.229.224.209
164,Harbert,Tudball,htudball4j@amazonaws.com,Genderqueer,199.119.64.6
165,Susanne,Dormer,sdormer4k@phoca.cz,Female,82.253.110.1
166,Em,Baudinelli,ebaudinelli4l@sfgate.com,Male,39.45.86.80
167,Raff,Meynell,rmeynell4m@archive.org,Male,75.223.150.79
168,Caye,Ollis,collis4n@fema.gov,Non-binary,223.67.156.62
169,Katalin,Jellard,kjellard4o@yellowbook.com,Female,122.202.11.158
170,Thurstan,Kleinhausen,tkleinhausen4p@auda.org.au,Male,28.115.248.113
171,Torin,Kobisch,tkobisch4q@mac.com,Male,201.212.47.27
172,Marina,Philcott,mphilcott4r@wp.com,Female,175.157.107.19
173,Hagen,Ormonde,hormonde4s@npr.org,Male,253.234.209.99
174,Melessa,Lemery,mlemery4t@bluehost.com,Female,39.73.25.66
175,Madlen,Prangnell,mprangnell4u@symantec.com,Female,172.253.92.49
176,Briny,Volleth,bvolleth4v@slate.com,Female,183.89.249.208
177,Colline,Huxton,chuxton4w@indiegogo.com,Female,211.171.121.53
178,Ingemar,Meredith,imeredith4x@opensource.org,Genderqueer,235.24.143.214
179,Brianne,Unsworth,bunsworth4y@pinterest.com,Genderfluid,7.43.141.132
180,Moritz,Nibloe,mnibloe4z@tinypic.com,Male,163.250.66.88
181,Federico,Gaskin,fgaskin50@xing.com,Male,39.121.85.64
182,Sibley,Gravie,sgravie51@live.com,Female,254.131.117.120
183,Nero,Blackler,nblackler52@unesco.org,Male,47.232.254.190
184,Allistir,Lortz,alortz53@gnu.org,Male,42.193.40.184
185,Candace,Heathcoat,cheathcoat54@dedecms.com,Agender,156.6.47.51
186,Laurella,Dunlop,ldunlop55@twitpic.com,Non-binary,36.191.192.21
187,Merola,Vidgeon,mvidgeon56@cisco.com,Bigender,6.32.44.217
188,Julissa,Weiss,jweiss57@mapy.cz,Female,0.19.198.216
189,Clement,Londors,clondors58@cornell.edu,Agender,85.211.24.165
190,Katharine,St Leger,kstleger59@netscape.com,Female,50.253.87.178
191,Helga,Halladey,hhalladey5a@uiuc.edu,Female,127.189.1.21
192,Yvonne,Jessard,yjessard5b@arizona.edu,Female,115.205.206.246
193,Lou,Duckitt,lduckitt5c@technorati.com,Male,59.250.119.20
194,Vyky,Marusic,vmarusic5d@eventbrite.com,Female,60.143.79.177
195,Brittney,Cuesta,bcuesta5e@jiathis.com,Female,56.246.11.182
196,Adda,Wiltshear,awiltshear5f@ucla.edu,Female,159.29.30.92
197,Zsazsa,Early,zearly5g@freewebs.com,Female,119.69.60.188
198,Marylee,Aireton,maireton5h@nih.gov,Female,135.135.229.247
199,Nat,Chaplain,nchaplain5i@auda.org.au,Female,170.179.242.176
200,Cristian,Jirusek,cjirusek5j@squarespace.com,Male,238.223.23.19
201,Gibby,Janku,gjanku5k@multiply.com,Male,34.172.168.134
202,Shay,Oughton,soughton5l@businesswire.com,Female,196.93.148.3
203,Ware,McInteer,wmcinteer5m@nih.gov,Male,219.90.255.20
204,Vachel,Coghlan,vcoghlan5n@usda.gov,Male,159.224.11.115
205,Regen,Rodenborch,rrodenborch5o@economist.com,Male,31.82.182.243
206,Renell,Wardingly,rwardingly5p@vkontakte.ru,Female,214.223.219.29
207,Modestia,De Michetti,mdemichetti5q@wix.com,Female,78.77.158.38
208,Mario,Furphy,mfurphy5r@i2i.jp,Male,51.159.60.231
209,Lillian,Blazdell,lblazdell5s@exblog.jp,Female,97.166.155.37
210,Shane,Messenger,smessenger5t@bloomberg.com,Female,255.77.56.19
211,Bellina,McLarnon,bmclarnon5u@chron.com,Female,137.42.113.75
212,Nolly,Born,nborn5v@vkontakte.ru,Male,47.110.161.232
213,Brittany,Deary,bdeary5w@ehow.com,Female,180.114.78.223
214,Harriot,Donald,hdonald5x@vimeo.com,Female,108.134.22.140
215,Adham,Search,asearch5y@discuz.net,Male,219.70.169.230
216,Nanon,Bampkin,nbampkin5z@ovh.net,Female,152.47.63.145
217,Linus,Antognetti,lantognetti60@house.gov,Male,79.192.211.202
218,Suzie,Wycliffe,swycliffe61@meetup.com,Female,150.43.45.4
219,Trina,Scudamore,tscudamore62@telegraph.co.uk,Agender,90.52.246.225
220,Aeriela,English,aenglish63@redcross.org,Female,255.250.147.120
221,Darice,MacElroy,dmacelroy64@unicef.org,Female,144.207.65.96
222,Tan,Jopp,tjopp65@dailymail.co.uk,Male,185.226.111.58
223,Christy,Innes,cinnes66@wired.com,Male,71.148.244.232
224,Feodora,Ciotti,fciotti67@dailymail.co.uk,Female,6.241.188.160
225,Simonne,Redler,sredler68@examiner.com,Female,18.173.109.23
226,Stavros,Sudran,ssudran69@spiegel.de,Male,108.35.47.59
227,Gunner,Hammerberger,ghammerberger6a@nifty.com,Male,39.75.122.131
228,Rolfe,Feronet,rferonet6b@wordpress.org,Non-binary,156.199.163.87
229,Nolan,Burney,nburney6c@hexun.com,Male,124.166.243.242
230,Dayle,Biggerdike,dbiggerdike6d@nbcnews.com,Female,51.26.221.120
231,Don,Vize,dvize6e@usnews.com,Male,166.2.205.137
232,Oralia,Hurburt,ohurburt6f@unicef.org,Female,63.183.28.98
233,Billye,MacCarter,bmaccarter6g@cornell.edu,Female,255.229.253.224
234,Hinda,MacCarrick,hmaccarrick6h@cbc.ca,Female,119.53.1.170
235,Burk,Defries,bdefries6i@hp.com,Male,174.186.112.76
236,Peggy,Bratcher,pbratcher6j@msn.com,Female,92.7.224.216
237,Guenevere,Ternent,gternent6k@google.fr,Female,74.185.49.69
238,Federica,Strutt,fstrutt6l@myspace.com,Female,255.144.106.57
239,Ogdon,Whight,owhight6m@cdbaby.com,Male,119.63.184.49
240,Otes,Toop,otoop6n@gravatar.com,Male,140.12.173.28
241,Myriam,Ioselevich,mioselevich6o@flavors.me,Female,209.247.206.187
242,Mady,D'Antonio,mdantonio6p@baidu.com,Agender,37.206.12.106
243,Wilek,Priden,wpriden6q@g.co,Male,112.70.68.177
244,Darby,Saing,dsaing6r@nytimes.com,Bigender,141.174.107.98
245,Malanie,O'Crevy,mocrevy6s@behance.net,Female,136.54.79.173
246,Etan,Petren,epetren6t@prnewswire.com,Male,40.213.174.64
247,Mel,Tolmie,mtolmie6u@slashdot.org,Non-binary,119.200.46.8
248,Patrice,Whitney,pwhitney6v@issuu.com,Male,118.182.68.82
249,Garvin,Shelmardine,gshelmardine6w@ovh.net,Male,252.221.218.74
250,Bevin,Hyam,bhyam6x@g.co,Male,30.53.42.193
251,Ardith,Downton,adownton6y@wufoo.com,Female,178.177.45.154
252,Eberhard,Coughan,ecoughan6z@arstechnica.com,Male,44.200.248.122
253,Dory,Bosdet,dbosdet70@bloglines.com,Female,127.148.115.247
254,Bronny,Ondrasek,bondrasek71@house.gov,Male,58.96.100.127
255,Art,Wadmore,awadmore72@marriott.com,Male,255.232.61.125
256,Moss,O'Hagerty,mohagerty73@infoseek.co.jp,Male,97.170.165.127
257,Kev,Di Domenico,kdidomenico74@fotki.com,Male,199.60.4.22
258,Myer,Anglim,manglim75@oaic.gov.au,Male,147.122.226.92
259,Cullan,Plaide,cplaide76@un.org,Male,9.19.174.15
260,Marjorie,Strewthers,mstrewthers77@house.gov,Female,157.98.90.237
261,Blaine,Littleproud,blittleproud78@photobucket.com,Male,231.128.108.218
262,Martynne,Colter,mcolter79@domainmarket.com,Female,29.141.237.88
263,Lian,London,llondon7a@cbc.ca,Female,185.220.11.71
264,Vanya,Ingram,vingram7b@dyndns.org,Male,222.241.236.201
265,Immanuel,Butterwick,ibutterwick7c@wix.com,Male,218.3.222.163
266,Laird,Gornal,lgornal7d@wikimedia.org,Male,201.26.125.131
267,Hugues,Pontin,hpontin7e@umn.edu,Male,207.78.237.25
268,Gerri,Eschelle,geschelle7f@ustream.tv,Male,87.164.183.49
269,Kylen,Light,klight7g@redcross.org,Female,230.159.236.86
270,Gail,Weeden,gweeden7h@wired.com,Male,61.77.28.228
271,Andie,Perott,aperott7i@wunderground.com,Male,187.187.64.84
272,Stephana,MacKain,smackain7j@live.com,Female,96.134.22.182
273,Pooh,Basindale,pbasindale7k@wp.com,Male,178.55.158.199
274,Anson,Sieve,asieve7l@360.cn,Agender,234.104.9.148
275,Hestia,Tankin,htankin7m@salon.com,Female,88.192.238.188
276,Frasquito,Eagle,feagle7n@geocities.com,Male,103.97.67.115
277,Tyne,Yerborn,tyerborn7o@usnews.com,Female,55.169.184.245
278,Mata,Shearn,mshearn7p@sourceforge.net,Male,182.118.138.127
279,Angelique,Kneaphsey,akneaphsey7q@go.com,Female,64.127.170.216
280,Thorndike,MacCaughen,tmaccaughen7r@theguardian.com,Male,63.161.84.182
281,Alexio,Millom,amillom7s@imageshack.us,Male,10.180.214.217
282,Ertha,Signori,esignori7t@chron.com,Female,172.248.17.232
283,Lexis,Bleacher,lbleacher7u@symantec.com,Female,118.69.44.107
284,Oralla,Atkyns,oatkyns7v@cyberchimps.com,Female,237.147.36.69
285,Dorry,Mingauld,dmingauld7w@umich.edu,Female,220.174.226.195
286,Micki,Barthrop,mbarthrop7x@bbb.org,Female,225.150.84.209
287,Mateo,Poynzer,mpoynzer7y@oracle.com,Male,222.91.92.218
288,Cilka,Stafford,cstafford7z@com.com,Female,101.33.51.161
289,Forrester,Harroway,fharroway80@google.com.hk,Male,128.247.155.252
290,Ursula,Persich,upersich81@clickbank.net,Female,73.72.99.101
291,Colin,Dewdney,cdewdney82@dion.ne.jp,Male,243.128.231.59
292,Rolando,Bagger,rbagger83@hc360.com,Male,151.250.203.192
293,Clarie,Baldocci,cbaldocci84@opensource.org,Agender,154.248.40.137
294,Orson,Waiton,owaiton85@gizmodo.com,Male,228.40.219.197
295,Kasper,Kroger,kkroger86@businessinsider.com,Male,104.131.203.75
296,Devinne,Phippin,dphippin87@posterous.com,Female,23.10.11.93
297,Lizbeth,Drinkwater,ldrinkwater88@walmart.com,Female,122.155.227.220
298,Rubina,Housam,rhousam89@cnn.com,Female,124.129.159.153
299,Tarrah,Dunkinson,tdunkinson8a@aol.com,Female,77.104.81.37
300,Marc,Falkingham,mfalkingham8b@goo.gl,Male,28.69.218.220
301,Noelani,Phayre,nphayre8c@cam.ac.uk,Genderfluid,186.215.153.27
302,Renard,Southerton,rsoutherton8d@topsy.com,Male,108.68.239.3
303,Charity,Esmond,cesmond8e@illinois.edu,Female,255.118.234.64
304,Elmer,Brattell,ebrattell8f@ebay.co.uk,Male,59.205.18.243
305,Casandra,Mariyushkin,cmariyushkin8g@yahoo.co.jp,Female,66.146.121.159
306,Damita,Jessard,djessard8h@domainmarket.com,Female,222.52.186.220
307,Emeline,Schaumann,eschaumann8i@google.pl,Female,225.31.203.76
308,Emelita,Buckoke,ebuckoke8j@timesonline.co.uk,Female,234.91.60.140
309,Devland,Futter,dfutter8k@drupal.org,Male,117.97.25.190
310,Maure,Wallas,mwallas8l@nydailynews.com,Female,107.45.47.15
311,Sammy,Whitticks,swhitticks8m@usnews.com,Female,7.211.209.53
312,Frederik,Samways,fsamways8n@vinaora.com,Male,28.95.227.40
313,Crissie,Hague,chague8o@nifty.com,Female,220.145.12.46
314,Ginnie,Trenam,gtrenam8p@plala.or.jp,Female,51.103.168.26
315,Courtney,Skittles,cskittles8q@spotify.com,Female,53.148.133.166
316,Owen,Springthorpe,ospringthorpe8r@de.vu,Male,45.154.215.217
317,Sidonnie,Whimp,swhimp8s@youtube.com,Female,12.199.22.135
318,Nancie,Durdy,ndurdy8t@cbc.ca,Female,249.209.185.91
319,Adrienne,Caplen,acaplen8u@shareasale.com,Female,7.27.69.24
320,Rubi,Dorwood,rdorwood8v@moonfruit.com,Female,37.80.28.56
321,Terri-jo,Gibbon,tgibbon8w@ox.ac.uk,Female,135.143.64.64
322,Hobey,Atty,hatty8x@foxnews.com,Male,93.17.205.150
323,Aksel,Parzis,aparzis8y@alexa.com,Male,125.190.205.71
324,Mycah,Showt,mshowt8z@nasa.gov,Male,174.255.9.216
325,Zonnya,Grob,zgrob90@icq.com,Female,77.48.56.167
326,Rodrick,Cratere,rcratere91@hatena.ne.jp,Male,4.97.236.206
327,Emelina,Mildmott,emildmott92@opensource.org,Female,242.135.193.245
328,Alasteir,Blencoe,ablencoe93@upenn.edu,Male,171.215.62.165
329,Bunnie,Peinke,bpeinke94@parallels.com,Female,117.62.121.23
330,Barby,Pelfer,bpelfer95@bloomberg.com,Female,190.191.128.9
331,Cleavland,Hayland,chayland96@engadget.com,Male,131.129.79.64
332,Shanda,Whitehorne,swhitehorne97@icio.us,Female,102.42.61.103
333,Town,Urling,turling98@networkadvertising.org,Male,81.148.191.96
334,Carling,Wonter,cwonter99@imageshack.us,Male,104.35.67.225
335,Dennis,Philimore,dphilimore9a@trellian.com,Male,112.22.253.157
336,Vance,Brun,vbrun9b@ow.ly,Male,177.158.130.49
337,Jamison,Stubbins,jstubbins9c@disqus.com,Male,29.132.75.174
338,Jaimie,Phillot,jphillot9d@nih.gov,Female,250.185.46.142
339,Marline,Dagnan,mdagnan9e@go.com,Female,22.65.3.152
340,Skipton,Jiruch,sjiruch9f@dailymail.co.uk,Male,171.255.97.158
341,Traver,Helsby,thelsby9g@facebook.com,Male,182.159.192.154
342,Martie,Tice,mtice9h@fotki.com,Male,88.126.18.118
343,Halsy,Capelen,hcapelen9i@weather.com,Male,153.194.223.164
344,Tallou,Chiechio,tchiechio9j@un.org,Female,75.7.78.217
345,Katya,Matzl,kmatzl9k@oracle.com,Genderqueer,40.163.142.85
346,Georgi,Danton,gdanton9l@mozilla.com,Male,251.112.141.64
347,Virgie,Vasyukov,vvasyukov9m@scribd.com,Male,149.165.196.239
348,Harwell,Soro,hsoro9n@unblog.fr,Non-binary,168.89.111.155
349,Aldwin,Meddings,ameddings9o@yellowbook.com,Male,238.224.163.75
350,Eleen,Shearston,eshearston9p@wisc.edu,Non-binary,155.67.158.153
351,Laurella,Naish,lnaish9q@ifeng.com,Female,26.214.236.63
352,Rochell,Rignall,rrignall9r@meetup.com,Female,33.160.118.56
353,Patrizia,Blakesley,pblakesley9s@freewebs.com,Female,171.88.180.195
354,Estrella,Limbourne,elimbourne9t@vistaprint.com,Female,242.93.236.169
355,Ivy,Eddisford,ieddisford9u@github.com,Genderqueer,236.65.79.83
356,Deeann,Fey,dfey9v@blinklist.com,Female,192.109.164.214
357,Bud,Keslake,bkeslake9w@army.mil,Male,151.48.0.239
358,Tannie,Morford,tmorford9x@twitter.com,Male,241.52.185.205
359,Trefor,MacGragh,tmacgragh9y@gmpg.org,Male,149.24.177.71
360,Lowell,Bernardelli,lbernardelli9z@vinaora.com,Male,154.227.93.141
361,Mateo,Frensche,mfrenschea0@archive.org,Male,115.109.108.27
362,Wallis,Ivanishchev,wivanishcheva1@tamu.edu,Male,53.32.128.4
363,Anthea,Rentelll,arentellla2@huffingtonpost.com,Female,70.28.148.122
364,Chrissie,Menhenitt,cmenhenitta3@netscape.com,Female,76.170.47.84
365,Tillie,Domingues,tdominguesa4@sakura.ne.jp,Female,148.231.129.233
366,Tuckie,Fleeman,tfleemana5@oracle.com,Male,126.53.207.149
367,Hervey,Sharphurst,hsharphursta6@sourceforge.net,Male,227.227.64.210
368,Bel,Russi,brussia7@businesswire.com,Female,144.209.174.29
369,Thurstan,Guidi,tguidia8@china.com.cn,Male,149.12.204.18
370,Arley,Bateman,abatemana9@topsy.com,Male,133.249.71.110
371,Andras,Guerreau,aguerreauaa@redcross.org,Male,73.14.212.130
372,Uri,Higginbottam,uhigginbottamab@networksolutions.com,Male,236.124.89.29
373,Ken,Dignan,kdignanac@un.org,Male,173.64.136.106
374,Kassia,Possa,kpossaad@issuu.com,Female,167.179.95.72
375,Antoine,Kabos,akabosae@yolasite.com,Male,186.52.47.25
376,Bartlett,Dibden,bdibdenaf@over-blog.com,Male,133.55.248.66
377,Nance,Lewsam,nlewsamag@bbc.co.uk,Female,205.179.91.11
378,Alexandre,Camel,acamelah@csmonitor.com,Male,219.238.106.135
379,Bronny,Kohen,bkohenai@spiegel.de,Male,39.5.116.40
380,Gabey,Christescu,gchristescuaj@constantcontact.com,Female,235.4.161.91
381,Janith,Saphin,jsaphinak@altervista.org,Female,181.113.187.98
382,Lanny,Godspeede,lgodspeedeal@harvard.edu,Male,207.87.103.38
383,Stoddard,Czapla,sczaplaam@wikipedia.org,Female,25.216.166.250
384,Blakelee,Moyes,bmoyesan@example.com,Female,18.91.225.186
385,Sascha,Hunston,shunstonao@histats.com,Male,167.190.250.162
386,Nessie,Wardrop,nwardropap@webs.com,Female,128.182.61.88
387,Evangelina,Messer,emesseraq@live.com,Female,63.95.70.51
388,Trstram,Lamers,tlamersar@auda.org.au,Male,208.219.233.225
389,Anatollo,Wilton,awiltonas@imgur.com,Genderqueer,209.138.134.220
390,Effie,Halleybone,ehalleyboneat@un.org,Agender,79.93.147.100
391,Meaghan,Ricardet,mricardetau@ucoz.ru,Female,196.31.123.79
392,Whitaker,Choke,wchokeav@youtube.com,Male,38.66.122.18
393,Merell,Tubble,mtubbleaw@opera.com,Male,214.176.143.181
394,Ephrayim,Morrallee,emorralleeax@walmart.com,Male,138.128.129.127
395,Nahum,Southam,nsouthamay@parallels.com,Male,185.230.10.46
396,Barbee,Breming,bbremingaz@xrea.com,Female,10.54.107.172
397,Martie,Dron,mdronb0@pcworld.com,Male,96.169.254.144
398,Lenore,Biddle,lbiddleb1@soundcloud.com,Female,113.2.237.115
399,Vito,Aspell,vaspellb2@fema.gov,Male,100.124.110.131
400,Christi,Ranald,cranaldb3@hatena.ne.jp,Female,4.47.27.35
401,Ardra,Forth,aforthb4@hud.gov,Female,186.165.144.58
402,Cathy,Ellson,cellsonb5@alexa.com,Female,180.49.238.38
403,Duke,Banbrick,dbanbrickb6@earthlink.net,Male,18.134.135.141
404,Alick,Rodders,aroddersb7@livejournal.com,Male,224.230.64.194
405,Eada,O' Faherty,eofahertyb8@livejournal.com,Agender,230.170.243.122
406,Mayer,Vaun,mvaunb9@oaic.gov.au,Male,233.142.170.220
407,Giovanni,Humburton,ghumburtonba@ow.ly,Male,156.133.69.82
408,Ky,McDuall,kmcduallbb@multiply.com,Male,19.159.18.224
409,Carroll,Hutcheons,chutcheonsbc@army.mil,Female,247.234.48.86
410,Dore,Loft,dloftbd@studiopress.com,Female,131.112.80.29
411,Gray,Buckberry,gbuckberrybe@ucla.edu,Female,159.73.5.180
412,Anna-diana,Canfer,acanferbf@about.com,Female,245.51.45.250
413,Hayward,Moogan,hmooganbg@fema.gov,Male,138.69.103.59
414,Bern,Koene,bkoenebh@reddit.com,Male,5.6.226.105
415,Janina,Ivashkov,jivashkovbi@unicef.org,Genderfluid,233.238.189.124
416,Samson,Milmo,smilmobj@amazon.com,Male,188.38.215.110
417,Tansy,Chadwell,tchadwellbk@walmart.com,Genderfluid,77.189.146.70
418,Pen,Cristou,pcristoubl@deliciousdays.com,Male,212.81.228.254
419,Kellby,Hodgets,khodgetsbm@china.com.cn,Male,184.117.205.144
420,Valera,McAughtry,vmcaughtrybn@deliciousdays.com,Female,192.159.198.249
421,Cammy,Bartle,cbartlebo@admin.ch,Female,134.232.150.27
422,Reynard,Shimmans,rshimmansbp@over-blog.com,Male,49.17.9.144
423,Etheline,Noblett,enoblettbq@biglobe.ne.jp,Female,179.45.7.250
424,Englebert,Ashburne,eashburnebr@imdb.com,Male,84.234.65.154
425,Addison,Crinion,acrinionbs@taobao.com,Male,187.198.205.245
426,Poul,Illyes,pillyesbt@japanpost.jp,Male,99.134.147.64
427,Babs,MacCole,bmaccolebu@barnesandnoble.com,Female,25.237.105.18
428,Ruprecht,Really,rreallybv@friendfeed.com,Male,73.42.130.213
429,Mina,Fitzackerley,mfitzackerleybw@homestead.com,Polygender,87.9.185.52
430,Alisun,Dwine,adwinebx@forbes.com,Female,191.49.168.255
431,Selinda,Hedges,shedgesby@shutterfly.com,Female,132.28.208.49
432,Corbin,Billo,cbillobz@fastcompany.com,Male,146.131.103.16
433,Bennie,Jakoviljevic,bjakoviljevicc0@scribd.com,Female,225.36.249.66
434,Dorene,Deport,ddeportc1@blogger.com,Female,8.245.62.181
435,Jacinda,Atkirk,jatkirkc2@cmu.edu,Female,11.189.86.137
436,Kristan,Redmond,kredmondc3@mlb.com,Female,59.223.202.59
437,Chadd,Ariss,carissc4@csmonitor.com,Polygender,22.11.149.81
438,Livvyy,Tollerton,ltollertonc5@weebly.com,Female,107.224.136.169
439,Linn,Geertsen,lgeertsenc6@zdnet.com,Male,186.98.205.205
440,Archer,Copplestone,acopplestonec7@homestead.com,Male,88.42.43.185
441,Madel,Bruntjen,mbruntjenc8@gmpg.org,Polygender,60.5.63.12
442,Mirabel,Gayler,mgaylerc9@mail.ru,Female,84.95.43.106
443,Graeme,McGurgan,gmcgurganca@columbia.edu,Male,210.22.41.135
444,Lettie,Meagher,lmeaghercb@bing.com,Female,213.199.5.26
445,Killy,MacIlhagga,kmacilhaggacc@blogs.com,Male,192.207.33.233
446,Joe,Tennock,jtennockcd@infoseek.co.jp,Male,6.15.154.157
447,Sean,Bastian,sbastiance@kickstarter.com,Male,112.67.2.2
448,Killie,Calafate,kcalafatecf@webs.com,Male,136.211.0.116
449,Clara,Strothers,cstrotherscg@mtv.com,Female,242.49.132.139
450,Alli,Vickers,avickersch@cnbc.com,Female,105.88.35.130
451,Carver,Doodson,cdoodsonci@usnews.com,Male,133.103.179.71
452,Corrie,McEntee,cmcenteecj@scribd.com,Female,223.152.15.124
453,Trent,Gallymore,tgallymoreck@aboutads.info,Male,175.139.78.79
454,Reece,Cinderey,rcindereycl@comsenz.com,Male,75.87.240.200
455,Brnaby,Urrey,burreycm@dropbox.com,Male,26.237.246.247
456,Asher,Antat,aantatcn@yahoo.co.jp,Non-binary,171.52.224.157
457,Norris,Willetts,nwillettsco@goo.gl,Male,70.243.187.31
458,Ancell,Balhatchet,abalhatchetcp@businessweek.com,Male,117.128.172.56
459,Carlie,Jelley,cjelleycq@oakley.com,Male,146.156.250.40
460,Ashlie,Janczewski,ajanczewskicr@paypal.com,Female,219.158.255.235
461,Cayla,Gellibrand,cgellibrandcs@simplemachines.org,Female,210.93.75.18
462,Ibrahim,Townshend,itownshendct@newyorker.com,Male,132.67.215.24
463,Guilbert,Trimmill,gtrimmillcu@networkadvertising.org,Male,39.210.206.28
464,Cleopatra,Hazard,chazardcv@dailymotion.com,Female,81.239.98.58
465,Kev,Blessed,kblessedcw@state.gov,Male,66.234.185.229
466,Ruby,Gulliver,rgullivercx@skype.com,Male,34.150.111.53
467,Ganny,Bussetti,gbussetticy@seesaa.net,Male,114.46.148.152
468,Garret,Dunnion,gdunnioncz@mapquest.com,Male,199.103.148.6
469,Mira,Staggs,mstaggsd0@thetimes.co.uk,Female,72.83.120.233
470,Dominick,Tschierse,dtschiersed1@washington.edu,Male,145.126.75.94
471,Marwin,Ansteys,mansteysd2@wufoo.com,Male,14.77.23.223
472,Laurette,Loveredge,lloveredged3@usatoday.com,Female,135.43.206.89
473,Rebecca,Spolton,rspoltond4@wix.com,Female,251.20.9.67
474,Christopher,Erskine Sandys,cerskinesandysd5@shareasale.com,Non-binary,129.42.243.204
475,Anton,Pullin,apullind6@people.com.cn,Male,73.224.146.98
476,Elvyn,Petrichat,epetrichatd7@weibo.com,Male,175.125.250.79
477,Matteo,Aspinal,maspinald8@samsung.com,Male,56.230.19.213
478,Kittie,Bussel,kbusseld9@jugem.jp,Female,155.173.177.162
479,Tandy,Bayne,tbayneda@umn.edu,Female,56.64.207.246
480,Effie,Bleibaum,ebleibaumdb@unicef.org,Female,66.183.117.7
481,Lorna,Dreghorn,ldreghorndc@parallels.com,Female,25.132.34.240
482,Joann,O'Corhane,jocorhanedd@wiley.com,Female,221.137.139.151
483,Parrnell,Donnett,pdonnettde@cisco.com,Male,196.225.49.96
484,Hayden,Tweede,htweededf@java.com,Male,33.199.90.94
485,Reese,Covil,rcovildg@bizjournals.com,Male,98.248.175.112
486,Myron,Rickesies,mrickesiesdh@sphinn.com,Male,245.1.118.6
487,Lief,Biesty,lbiestydi@163.com,Male,71.85.30.186
488,Zorine,Wilber,zwilberdj@delicious.com,Female,136.15.95.83
489,Nessy,Girogetti,ngirogettidk@photobucket.com,Female,72.31.4.199
490,Michel,McShee,mmcsheedl@amazon.com,Male,226.137.189.213
491,Cathy,Thunderchief,cthunderchiefdm@pbs.org,Female,160.65.194.185
492,Aimil,Pressey,apresseydn@usatoday.com,Female,168.129.230.248
493,Geoffrey,D'Ambrosi,gdambrosido@sfgate.com,Male,113.177.164.186
494,Tracy,Van der Krui,tvanderkruidp@nsw.gov.au,Male,153.119.242.209
495,Dolph,Cartin,dcartindq@unc.edu,Male,10.195.148.146
496,Denise,Fenix,dfenixdr@youku.com,Female,175.15.243.58
497,Maynord,Caulket,mcaulketds@google.cn,Male,169.241.20.43
498,Jilly,Caunt,jcauntdt@furl.net,Female,209.212.86.32
499,Murdoch,Streater,mstreaterdu@example.com,Male,57.61.135.134
500,Viola,Labadini,vlabadinidv@telegraph.co.uk,Agender,215.169.98.57
501,Maxy,Yacobsohn,myacobsohndw@newyorker.com,Female,183.114.189.138
502,Casper,Kleinhaus,ckleinhausdx@typepad.com,Male,81.86.16.34
503,Christos,Turmel,cturmeldy@wix.com,Male,55.3.131.97
504,Anna-maria,Swiffen,aswiffendz@utexas.edu,Female,152.8.165.142
505,Noam,Gilardone,ngilardonee0@accuweather.com,Male,98.186.51.86
506,Dasha,Yeudall,dyeudalle1@yelp.com,Genderqueer,122.95.161.203
507,Addy,Trent,atrente2@aol.com,Female,72.209.149.25
508,Aylmer,Bigly,abiglye3@hao123.com,Male,186.90.213.210
509,Javier,Castellucci,jcastelluccie4@mail.ru,Male,202.74.102.239
510,Ranna,Catterson,rcattersone5@dyndns.org,Female,117.209.126.55
511,Winnifred,Swinglehurst,wswinglehurste6@senate.gov,Female,113.239.52.94
512,Kerk,Dumigan,kdumigane7@mapquest.com,Male,165.95.230.61
513,Sherm,Matthessen,smatthessene8@icio.us,Male,185.54.181.164
514,Kenny,Barlass,kbarlasse9@github.io,Male,113.194.40.173
515,Joellyn,Schwandner,jschwandnerea@hostgator.com,Female,99.67.175.16
516,Jaymie,Regus,jreguseb@engadget.com,Male,83.175.217.110
517,Perl,Kitney,pkitneyec@opera.com,Female,128.125.79.190
518,Grace,Ackermann,gackermanned@ycombinator.com,Male,157.229.158.68
519,Ambrosi,Base,abaseee@addtoany.com,Male,39.243.45.145
520,Cord,Ovesen,covesenef@ustream.tv,Male,160.61.248.127
521,Barnebas,Walbridge,bwalbridgeeg@webmd.com,Male,126.164.254.58
522,Samara,Maccrae,smaccraeeh@unc.edu,Female,13.133.148.160
523,Corrinne,Clare,cclareei@admin.ch,Female,245.115.190.242
524,Rafe,Ziehms,rziehmsej@amazon.co.uk,Male,154.213.25.51
525,Rab,O'Breen,robreenek@zimbio.com,Male,208.233.70.165
526,Lyn,Lauderdale,llauderdaleel@nbcnews.com,Male,33.235.199.103
527,Ursola,Harlowe,uharloweem@google.com.br,Female,244.149.137.206
528,Jemie,Robertis,jrobertisen@istockphoto.com,Female,185.236.198.176
529,Doy,Stuer,dstuereo@nifty.com,Male,245.6.130.211
530,Shem,McLaren,smclarenep@seattletimes.com,Male,25.239.215.192
531,Cob,Sellar,csellareq@ebay.co.uk,Male,160.16.58.78
532,Shelli,Hazeup,shazeuper@wikia.com,Female,77.64.136.131
533,Noel,Seamons,nseamonses@huffingtonpost.com,Bigender,213.181.57.100
534,Lee,Sloley,lsloleyet@discuz.net,Female,69.46.241.46
535,Olympe,Heineken,oheinekeneu@google.ca,Bigender,205.67.92.118
536,Layla,Scowcroft,lscowcroftev@delicious.com,Female,162.84.165.67
537,Bryana,Cogman,bcogmanew@ca.gov,Female,152.124.11.139
538,Myrah,Jaynes,mjaynesex@bbc.co.uk,Female,138.197.152.116
539,Stephanus,Measor,smeasorey@canalblog.com,Non-binary,116.156.13.11
540,Gabbie,Nardoni,gnardoniez@google.ru,Female,103.251.190.146
541,Joachim,Kaszper,jkaszperf0@tmall.com,Male,76.74.47.130
542,Gar,Attrey,gattreyf1@timesonline.co.uk,Male,218.233.4.176
543,Adolph,Thorne,athornef2@toplist.cz,Male,95.45.58.254
544,Lyman,Phoenix,lphoenixf3@lulu.com,Male,184.23.43.136
545,Kaine,Melloi,kmelloif4@ning.com,Male,110.73.42.168
546,Faustine,Rackstraw,frackstrawf5@phoca.cz,Agender,10.127.233.78
547,Oberon,Wackly,owacklyf6@imdb.com,Male,63.225.115.205
548,Oneida,Bande,obandef7@nymag.com,Female,56.187.200.216
549,Linzy,Duffy,lduffyf8@nyu.edu,Female,200.111.2.187
550,Neill,Dilgarno,ndilgarnof9@cocolog-nifty.com,Bigender,203.207.206.146
551,Winne,Stuffins,wstuffinsfa@cdbaby.com,Female,90.7.52.50
552,Aguistin,Antoshin,aantoshinfb@senate.gov,Male,97.110.57.120
553,Tawsha,Gabel,tgabelfc@bloglines.com,Female,241.36.110.129
554,Briano,Butten,bbuttenfd@shareasale.com,Polygender,74.16.38.199
555,Jozef,Etherton,jethertonfe@xing.com,Male,183.154.164.174
556,Dennie,Riall,driallff@redcross.org,Female,234.8.119.226
557,Filide,Stovell,fstovellfg@princeton.edu,Female,108.213.22.80
558,Denver,Bazoche,dbazochefh@amazon.de,Male,61.100.126.149
559,Lothario,Lantry,llantryfi@aboutads.info,Male,189.15.57.116
560,Jody,Hulland,jhullandfj@mtv.com,Male,242.133.129.143
561,Napoleon,Corbridge,ncorbridgefk@bbb.org,Male,61.99.162.86
562,Marsh,Dunkerly,mdunkerlyfl@jimdo.com,Genderqueer,202.15.203.236
563,Philly,Jozwik,pjozwikfm@ucoz.com,Female,102.246.168.153
564,Bunnie,Von Oertzen,bvonoertzenfn@mediafire.com,Female,114.161.27.44
565,Sherline,Ackers,sackersfo@admin.ch,Female,89.190.142.191
566,Dorice,Goldsworthy,dgoldsworthyfp@studiopress.com,Female,255.9.200.167
567,Janette,Robe,jrobefq@yandex.ru,Female,243.227.110.236
568,Alejandrina,Roisen,aroisenfr@tinypic.com,Female,120.70.101.153
569,Gannie,Hendron,ghendronfs@redcross.org,Male,117.74.76.35
570,Carmita,Talboy,ctalboyft@jalbum.net,Female,141.43.182.1
571,Heidie,Baford,hbafordfu@amazon.de,Female,144.122.226.23
572,Donella,Cheverell,dcheverellfv@imageshack.us,Female,67.207.103.187
573,Madeleine,Enocksson,menockssonfw@redcross.org,Female,31.213.118.240
574,Jobie,Jarritt,jjarrittfx@technorati.com,Female,69.19.7.196
575,Candace,Walker,cwalkerfy@freewebs.com,Female,83.217.75.201
576,Cybill,O'Giany,cogianyfz@a8.net,Female,150.131.170.96
577,Rosaline,Bofield,rbofieldg0@moonfruit.com,Female,20.239.116.202
578,Sabra,Huet,shuetg1@unesco.org,Female,217.129.227.39
579,Yehudi,Phateplace,yphateplaceg2@theguardian.com,Male,99.171.145.238
580,Basile,McKevitt,bmckevittg3@gravatar.com,Male,217.193.35.173
581,Belia,ffrench Beytagh,bffrenchbeytaghg4@gravatar.com,Female,118.45.235.97
582,Calv,Cambling,ccamblingg5@themeforest.net,Male,233.69.50.70
583,Bastian,Turvey,bturveyg6@china.com.cn,Male,210.11.31.225
584,Claresta,Disbrey,cdisbreyg7@typepad.com,Genderfluid,80.245.17.58
585,Janka,Maybey,jmaybeyg8@altervista.org,Female,191.18.45.49
586,Erroll,Lynnitt,elynnittg9@scientificamerican.com,Male,156.163.119.202
587,Annamaria,Judgkins,ajudgkinsga@mapquest.com,Female,57.79.11.38
588,Carie,Tenant,ctenantgb@blinklist.com,Female,75.248.121.107
589,Gertrude,Ferriday,gferridaygc@springer.com,Female,165.208.197.16
590,Jameson,Yonnie,jyonniegd@blogs.com,Male,25.144.10.249
591,Sonnie,Whiteson,swhitesonge@noaa.gov,Female,147.200.160.49
592,Dolli,Westoff,dwestoffgf@marriott.com,Female,164.21.217.99
593,Brynne,Thickett,bthickettgg@networksolutions.com,Female,104.107.255.105
594,Chrisse,Zanuciolii,czanucioliigh@marketwatch.com,Male,48.255.132.215
595,Christy,Plesing,cplesinggi@photobucket.com,Male,95.211.101.169
596,Elvina,Wreiford,ewreifordgj@domainmarket.com,Polygender,101.232.107.230
597,Ilaire,Christou,ichristougk@cocolog-nifty.com,Male,225.164.142.67
598,Lief,Corwood,lcorwoodgl@people.com.cn,Male,131.74.168.103
599,Natividad,Wicken,nwickengm@stanford.edu,Female,47.80.226.158
600,Gwyneth,Meeking,gmeekinggn@salon.com,Female,12.146.86.81
601,Fairfax,Dominka,fdominkago@blinklist.com,Male,212.68.230.137
602,Betsy,Harcourt,bharcourtgp@webmd.com,Female,227.229.19.196
603,Marrissa,Sleney,msleneygq@mashable.com,Female,65.228.82.127
604,Zachariah,Slayton,zslaytongr@diigo.com,Male,19.199.181.21
605,Derk,Fasse,dfassegs@devhub.com,Male,182.167.154.175
606,Gaelan,St. Paul,gstpaulgt@free.fr,Male,105.61.224.92
607,Sibley,Hiland,shilandgu@arstechnica.com,Female,168.12.141.155
608,Leonelle,Oury,lourygv@wired.com,Non-binary,150.230.31.163
609,Laurie,Gretham,lgrethamgw@answers.com,Male,200.17.168.113
610,Pru,Fernao,pfernaogx@jugem.jp,Female,194.88.135.110
611,Fredra,Iannetti,fiannettigy@linkedin.com,Female,170.243.24.74
612,Ashlen,Trippett,atrippettgz@acquirethisname.com,Female,193.95.53.147
613,Georgeanne,Crosfield,gcrosfieldh0@infoseek.co.jp,Female,32.212.7.141
614,Tanney,Hedan,thedanh1@sciencedirect.com,Male,198.184.166.138
615,Lindsy,Blois,lbloish2@dmoz.org,Female,112.61.169.230
616,Josi,Croxley,jcroxleyh3@aol.com,Female,220.170.209.187
617,Amie,Leslie,aleslieh4@desdev.cn,Female,30.171.25.165
618,Nataline,Davison,ndavisonh5@mysql.com,Female,12.77.210.189
619,Trixi,Burril,tburrilh6@w3.org,Female,229.163.104.255
620,Horatius,Claasen,hclaasenh7@ebay.co.uk,Male,100.29.147.164
621,Imogen,Wheelan,iwheelanh8@engadget.com,Female,150.85.84.231
622,Arman,Besson,abessonh9@issuu.com,Bigender,187.174.38.90
623,Robb,Rising,rrisingha@baidu.com,Male,226.128.161.146
624,Tedman,Killeley,tkilleleyhb@cnet.com,Male,124.12.130.76
625,Phillie,Domke,pdomkehc@free.fr,Female,98.110.169.221
626,De,Barwick,dbarwickhd@infoseek.co.jp,Genderqueer,227.42.134.237
627,Albina,Goodley,agoodleyhe@ftc.gov,Female,154.134.130.232
628,Lauretta,Swatheridge,lswatheridgehf@wsj.com,Female,78.10.241.105
629,Alexander,Birks,abirkshg@sitemeter.com,Male,184.48.174.102
630,Allegra,Perot,aperothh@wufoo.com,Female,87.227.202.230
631,Otho,Laviste,olavistehi@simplemachines.org,Male,253.211.4.43
632,Aloysia,Fenck,afenckhj@bandcamp.com,Female,126.229.253.86
633,Moyra,Dumphry,mdumphryhk@mozilla.com,Female,35.167.92.136
634,Carlo,Fall,cfallhl@cafepress.com,Male,126.11.11.203
635,Denys,Cullity,dcullityhm@auda.org.au,Male,159.241.58.117
636,Gretel,Soda,gsodahn@princeton.edu,Female,246.244.64.129
637,Doralynne,Fairney,dfairneyho@yale.edu,Female,134.197.218.152
638,Dorey,Adin,dadinhp@dot.gov,Female,134.30.95.166
639,Gino,Baccup,gbaccuphq@adobe.com,Male,91.176.28.137
640,Jeane,Bellenie,jbelleniehr@ocn.ne.jp,Female,226.244.198.172
641,Kaleena,Silman,ksilmanhs@eepurl.com,Female,241.163.171.216
642,Valle,Pinhorn,vpinhornht@netscape.com,Male,212.107.2.179
643,Calhoun,McKue,cmckuehu@netlog.com,Male,237.30.135.86
644,Dino,Brounsell,dbrounsellhv@liveinternet.ru,Male,1.128.229.95
645,Tyrus,Birchenough,tbirchenoughhw@imageshack.us,Male,125.203.217.27
646,Cassandre,Wither,cwitherhx@bbb.org,Female,94.174.58.153
647,Rosemonde,Soppeth,rsoppethhy@earthlink.net,Female,89.104.24.138
648,Bentley,Duggan,bdugganhz@goodreads.com,Male,67.145.171.229
649,Bailey,D' Angelo,bdangeloi0@senate.gov,Male,218.194.192.169
650,Marni,Portal,mportali1@purevolume.com,Female,132.117.40.95
651,Aristotle,Daniels,adanielsi2@gizmodo.com,Male,211.54.225.227
652,Querida,Fines,qfinesi3@omniture.com,Female,21.34.55.240
653,Waly,Cogzell,wcogzelli4@ucoz.ru,Female,112.156.55.62
654,Massimiliano,Shelborne,mshelbornei5@mayoclinic.com,Genderfluid,153.122.55.185
655,Kelwin,Checo,kchecoi6@hatena.ne.jp,Male,116.210.107.102
656,Magdalen,Edleston,medlestoni7@businessinsider.com,Female,218.203.176.30
657,Theresita,Vasyushkhin,tvasyushkhini8@newsvine.com,Female,134.115.124.165
658,Suzanne,Tidgewell,stidgewelli9@meetup.com,Female,215.1.1.145
659,Pammi,Sara,psaraia@yellowbook.com,Female,220.238.164.10
660,Tammy,Sutterfield,tsutterfieldib@ycombinator.com,Female,240.130.142.228
661,Tamara,Denney,tdenneyic@about.com,Female,67.164.129.222
662,Maurice,Alloisi,malloisiid@sciencedirect.com,Male,92.5.179.1
663,Isidoro,Steanyng,isteanyngie@studiopress.com,Male,218.121.34.21
664,Benedikta,Randle,brandleif@cbslocal.com,Female,77.51.80.205
665,Megan,Dunbobin,mdunbobinig@mapy.cz,Female,74.144.64.134
666,Arther,Butland,abutlandih@usa.gov,Male,192.100.44.214
667,Athene,Baurerich,abaurerichii@mashable.com,Female,10.181.137.255
668,Mel,Heyward,mheywardij@google.co.jp,Male,129.75.32.36
669,Raf,Robley,rrobleyik@google.de,Female,88.2.40.201
670,Duffie,Boorne,dboorneil@cbsnews.com,Agender,194.249.183.101
671,Shani,Brunicke,sbrunickeim@ftc.gov,Bigender,153.191.179.86
672,Gavin,Swigger,gswiggerin@salon.com,Male,2.185.101.168
673,Kirsten,Sickert,ksickertio@cocolog-nifty.com,Female,223.102.146.139
674,Jack,Sanderson,jsandersonip@typepad.com,Male,208.162.173.122
675,Stanford,Cracie,scracieiq@uol.com.br,Male,89.92.245.50
676,Mychal,Savary,msavaryir@hc360.com,Male,214.241.150.98
677,Sauveur,Flippini,sflippiniis@altervista.org,Male,174.32.63.166
678,Percy,Morrice,pmorriceit@reddit.com,Male,204.101.197.58
679,Rickie,Philipsen,rphilipseniu@nsw.gov.au,Male,35.135.18.76
680,Gert,Mullaly,gmullalyiv@bbb.org,Female,21.27.122.94
681,Di,Creser,dcreseriw@i2i.jp,Female,29.98.214.248
682,Crosby,Poag,cpoagix@clickbank.net,Male,110.179.174.149
683,Delcine,Blanch,dblanchiy@w3.org,Female,26.178.220.33
684,Hewe,Galego,hgalegoiz@mozilla.org,Male,137.19.142.212
685,Robbie,Tonna,rtonnaj0@live.com,Bigender,223.150.164.126
686,Rutledge,Necrews,rnecrewsj1@nih.gov,Male,114.147.112.23
687,Heinrik,Domeny,hdomenyj2@chronoengine.com,Male,110.114.194.58
688,Terri,Waggett,twaggettj3@people.com.cn,Male,82.3.115.143
689,Adolf,O'Dare,aodarej4@xinhuanet.com,Male,85.128.121.42
690,Matty,Windley,mwindleyj5@archive.org,Male,229.156.239.65
691,Iain,Meuse,imeusej6@utexas.edu,Male,38.172.231.230
692,Tawnya,Gillings,tgillingsj7@umich.edu,Female,255.162.11.183
693,Royce,Hazzard,rhazzardj8@example.com,Male,21.116.184.136
694,Beatrice,Drogan,bdroganj9@foxnews.com,Female,175.6.117.189
695,Remus,MacSporran,rmacsporranja@goo.ne.jp,Male,111.74.141.194
696,Leslie,Vickors,lvickorsjb@purevolume.com,Male,6.248.3.230
697,Eduardo,Bubbins,ebubbinsjc@house.gov,Male,234.56.232.247
698,Asia,Catchpole,acatchpolejd@eepurl.com,Female,230.14.212.70
699,Willetta,Hamon,whamonje@paypal.com,Female,16.47.10.35
700,Imelda,Streetfield,istreetfieldjf@arizona.edu,Female,22.119.239.34
701,Morty,Bertwistle,mbertwistlejg@netscape.com,Male,158.232.10.134
702,Dayna,Hampe,dhampejh@bigcartel.com,Female,239.103.131.12
703,Clotilda,Lowres,clowresji@abc.net.au,Female,36.88.47.138
704,Brandy,MacKomb,bmackombjj@plala.or.jp,Male,22.17.222.36
705,Berkeley,Humphrys,bhumphrysjk@apache.org,Male,128.81.238.4
706,Renata,Le Grand,rlegrandjl@webnode.com,Female,92.147.26.83
707,Victor,Burnep,vburnepjm@google.pl,Non-binary,4.139.70.91
708,Berty,Hedlestone,bhedlestonejn@webeden.co.uk,Male,223.207.199.234
709,Alexander,Fairlam,afairlamjo@reference.com,Male,34.104.244.223
710,Myron,Hatliffe,mhatliffejp@thetimes.co.uk,Male,174.107.128.67
711,Midge,Coghlin,mcoghlinjq@mapquest.com,Female,61.229.249.208
712,Roxine,Bellenger,rbellengerjr@cam.ac.uk,Female,243.158.70.235
713,Kermy,Wickstead,kwicksteadjs@fastcompany.com,Genderfluid,197.171.113.189
714,Katherine,Shilston,kshilstonjt@last.fm,Female,5.22.213.156
715,Cindee,Speariett,cspeariettju@google.com.br,Female,180.198.227.116
716,Penny,Syphas,psyphasjv@abc.net.au,Polygender,138.46.87.138
717,Zed,Leyband,zleybandjw@yandex.ru,Male,103.204.76.37
718,Kitty,Starford,kstarfordjx@skype.com,Polygender,160.160.233.113
719,Deane,Brooks,dbrooksjy@intel.com,Female,254.2.89.250
720,Kaitlyn,Lyptrit,klyptritjz@unicef.org,Female,193.43.151.138
721,Bennie,Humes,bhumesk0@odnoklassniki.ru,Female,160.83.101.158
722,Madelina,Cowcha,mcowchak1@dion.ne.jp,Female,105.195.245.67
723,Reina,Mayes,rmayesk2@ed.gov,Female,219.134.117.151
724,Herminia,Parrington,hparringtonk3@canalblog.com,Female,20.240.156.85
725,Rodney,King,rkingk4@blogger.com,Male,19.24.8.74
726,Ammamaria,Grint,agrintk5@domainmarket.com,Female,29.161.31.50
727,Gabbie,Sizeland,gsizelandk6@cmu.edu,Male,21.55.100.83
728,Valle,Marcq,vmarcqk7@nps.gov,Male,169.145.172.47
729,Omar,D'Alesio,odalesiok8@admin.ch,Male,157.50.160.219
730,Charmine,O'Neil,coneilk9@comsenz.com,Female,215.160.67.192
731,Frannie,Farfull,ffarfullka@google.fr,Genderfluid,198.98.21.228
732,Gilles,Folkard,gfolkardkb@diigo.com,Non-binary,224.108.126.33
733,Rosaline,Hirschmann,rhirschmannkc@marketwatch.com,Female,110.2.28.41
734,Pavel,Bulford,pbulfordkd@nasa.gov,Male,188.95.64.253
735,Evelin,McMonnies,emcmonnieske@usgs.gov,Male,76.199.254.29
736,Marilin,Gronav,mgronavkf@mayoclinic.com,Female,209.46.141.4
737,Caprice,Wondraschek,cwondraschekkg@com.com,Female,15.168.245.211
738,Thatch,Peete,tpeetekh@icq.com,Male,238.65.104.151
739,Maurise,Maren,mmarenki@google.pl,Male,115.9.52.82
740,Jessie,Lammert,jlammertkj@google.com.br,Male,250.65.62.135
741,Haroun,Bachelor,hbachelorkk@reference.com,Male,144.132.234.71
742,Nikolia,Mantram,nmantramkl@washington.edu,Female,161.173.1.238
743,Louis,Booley,lbooleykm@whitehouse.gov,Male,110.70.217.131
744,Isador,Houseley,ihouseleykn@theguardian.com,Male,83.149.140.119
745,Tallou,Kiera,tkierako@example.com,Female,206.77.40.220
746,Cicily,Di Boldi,cdiboldikp@flavors.me,Female,84.202.193.150
747,Alys,O'Nowlan,aonowlankq@redcross.org,Genderfluid,238.99.107.41
748,Solomon,Potell,spotellkr@topsy.com,Male,189.100.159.213
749,Blakeley,Thulborn,bthulbornks@seattletimes.com,Female,218.215.58.158
750,Nelli,Gyurko,ngyurkokt@ow.ly,Female,114.233.86.36
751,Astrid,Klein,akleinku@wikimedia.org,Female,184.14.126.166
752,Nathaniel,Room,nroomkv@comcast.net,Male,215.252.188.151
753,Hilton,Rubrow,hrubrowkw@weibo.com,Male,158.207.188.222
754,Meredith,Brou,mbroukx@springer.com,Female,248.217.249.11
755,Ddene,Ciobutaru,dciobutaruky@miitbeian.gov.cn,Female,129.157.22.164
756,Brear,Blonfield,bblonfieldkz@shop-pro.jp,Female,227.202.68.40
757,Harli,Shoulders,hshouldersl0@github.io,Genderqueer,100.33.158.105
758,Gallard,Stile,gstilel1@forbes.com,Agender,245.137.125.196
759,Agna,Smyley,asmyleyl2@msn.com,Female,17.88.2.139
760,Andris,Marishenko,amarishenkol3@infoseek.co.jp,Male,69.194.159.8
761,Skipper,Patria,spatrial4@sourceforge.net,Male,73.125.138.231
762,Eleen,Punchard,epunchardl5@yellowpages.com,Female,189.215.87.99
763,Blake,Emanuelov,bemanuelovl6@prweb.com,Male,197.137.94.96
764,Denise,Glaum,dglauml7@statcounter.com,Female,208.45.82.108
765,Cherida,Pauletti,cpaulettil8@ocn.ne.jp,Female,47.87.177.81
766,Elwin,Hastings,ehastingsl9@mapy.cz,Male,93.225.253.71
767,Evelyn,Thornborrow,ethornborrowla@angelfire.com,Male,7.79.191.46
768,Carlin,Gisburne,cgisburnelb@diigo.com,Male,147.108.78.141
769,Doralynn,Futter,dfutterlc@a8.net,Female,189.77.44.249
770,Norine,McGougan,nmcgouganld@toplist.cz,Female,42.10.62.115
771,Egbert,Gunny,egunnyle@goo.ne.jp,Non-binary,39.212.75.21
772,Rayna,Riggulsford,rriggulsfordlf@slideshare.net,Female,52.120.90.125
773,Stephenie,Durden,sdurdenlg@cnet.com,Genderfluid,238.122.22.116
774,Anneliese,Spileman,aspilemanlh@blogtalkradio.com,Agender,25.37.62.230
775,Yoshi,Monketon,ymonketonli@marketwatch.com,Female,165.192.136.148
776,Georas,Teasell,gteaselllj@diigo.com,Male,7.135.16.136
777,Wade,Drayton,wdraytonlk@ehow.com,Male,163.65.54.31
778,Cristobal,Meriguet,cmeriguetll@stanford.edu,Male,166.213.221.131
779,Anatole,Ashmore,aashmorelm@columbia.edu,Male,44.2.133.23
780,Betty,Scatcher,bscatcherln@engadget.com,Female,113.31.189.133
781,Ofella,Corson,ocorsonlo@berkeley.edu,Female,152.167.19.110
782,Hedvig,Reddlesden,hreddlesdenlp@ted.com,Female,186.122.102.103
783,Archer,Erik,aeriklq@furl.net,Male,240.201.89.48
784,Laurice,Zamboniari,lzamboniarilr@europa.eu,Female,12.3.214.66
785,Clark,Cuxson,ccuxsonls@cbslocal.com,Male,235.107.48.99
786,Whitman,Raynes,wrayneslt@hatena.ne.jp,Male,230.51.73.87
787,Sean,Cranmor,scranmorlu@noaa.gov,Female,209.14.147.137
788,Erny,O'Mullally,eomullallylv@bravesites.com,Male,224.211.161.139
789,Robb,Ell,relllw@intel.com,Male,103.136.149.11
790,Justen,Whitsun,jwhitsunlx@time.com,Male,186.157.161.87
791,Rossie,Goldsworthy,rgoldsworthyly@epa.gov,Male,143.65.141.39
792,Stephanus,Hellmore,shellmorelz@bigcartel.com,Male,158.211.207.127
793,Elfie,Manueau,emanueaum0@com.com,Female,84.87.207.207
794,Adolpho,Pessold,apessoldm1@prlog.org,Male,123.110.5.161
795,Ignacio,Leedes,ileedesm2@clickbank.net,Male,173.223.153.199
796,Vernen,Mandal,vmandalm3@ocn.ne.jp,Male,141.50.171.210
797,Noach,Hammon,nhammonm4@goo.ne.jp,Male,142.96.32.2
798,Welbie,Palmar,wpalmarm5@bluehost.com,Male,232.234.61.240
799,Jessi,Tulloch,jtullochm6@reddit.com,Female,161.43.131.102
800,Melva,Josskovitz,mjosskovitzm7@netvibes.com,Bigender,100.233.162.163
801,Jillayne,Ratter,jratterm8@newsvine.com,Female,75.134.217.53
802,Dell,Lilly,dlillym9@1688.com,Female,137.154.31.190
803,Carolynn,Tour,ctourma@bluehost.com,Female,250.37.67.201
804,Saree,Brazer,sbrazermb@blog.com,Female,237.217.200.152
805,Maurice,Hellings,mhellingsmc@howstuffworks.com,Male,130.50.220.133
806,Janessa,Huskisson,jhuskissonmd@craigslist.org,Non-binary,139.77.115.202
807,Colet,Margerison,cmargerisonme@mlb.com,Male,8.15.202.31
808,Jone,Rogeon,jrogeonmf@hatena.ne.jp,Agender,166.204.130.58
809,Maryellen,Hofner,mhofnermg@drupal.org,Female,80.141.224.70
810,Elaina,Norway,enorwaymh@hexun.com,Female,107.72.156.16
811,Chantalle,Wohler,cwohlermi@auda.org.au,Genderqueer,116.133.35.241
812,Eldin,Dominec,edominecmj@furl.net,Male,170.140.224.151
813,Julio,Aslin,jaslinmk@indiatimes.com,Male,24.253.63.179
814,Goraud,Shrawley,gshrawleyml@jiathis.com,Male,31.209.33.79
815,Marsh,De Blasi,mdeblasimm@bing.com,Male,145.135.52.248
816,Conn,Bascombe,cbascombemn@istockphoto.com,Male,240.246.166.217
817,Elmira,Domico,edomicomo@hc360.com,Female,189.189.90.89
818,Ivy,Skaif,iskaifmp@toplist.cz,Female,41.77.58.168
819,Randell,Aimable,raimablemq@angelfire.com,Male,143.85.242.236
820,Chad,Giovanazzi,cgiovanazzimr@imdb.com,Male,198.81.179.12
821,Carmine,Lillow,clillowms@spotify.com,Male,188.219.68.250
822,Georgine,Gomersall,ggomersallmt@nsw.gov.au,Female,158.181.85.184
823,Loella,Smalles,lsmallesmu@opensource.org,Female,25.123.74.112
824,Candi,Yurasov,cyurasovmv@mozilla.org,Female,66.209.203.107
825,Alikee,Fearey,afeareymw@aboutads.info,Female,22.230.91.219
826,Agretha,Bouldon,abouldonmx@techcrunch.com,Female,74.89.14.61
827,Aksel,Boothebie,aboothebiemy@vistaprint.com,Male,49.161.20.45
828,Wini,Leydon,wleydonmz@narod.ru,Female,156.89.17.97
829,Liana,Stevens,lstevensn0@shop-pro.jp,Female,89.28.1.85
830,Ermentrude,Padilla,epadillan1@angelfire.com,Female,129.149.103.186
831,Nancey,Dosdale,ndosdalen2@jimdo.com,Female,238.113.135.118
832,Tracie,Berens,tberensn3@home.pl,Male,224.0.231.155
833,Almire,Kittel,akitteln4@hp.com,Female,216.81.27.132
834,Kassandra,Creane,kcreanen5@infoseek.co.jp,Female,70.234.152.224
835,Arlen,Tavernor,atavernorn6@cocolog-nifty.com,Male,6.254.169.189
836,Cordell,Glowacha,cglowachan7@msu.edu,Male,94.174.190.87
837,Donnie,Dacca,ddaccan8@addthis.com,Female,11.244.221.37
838,Fax,Laycock,flaycockn9@yolasite.com,Male,72.201.184.143
839,Rona,Yakutin,ryakutinna@msn.com,Agender,59.61.127.35
840,Ilse,Hinnerk,ihinnerknb@mayoclinic.com,Non-binary,57.218.19.60
841,Livia,Juschke,ljuschkenc@shareasale.com,Female,129.255.168.64
842,Mariette,Le Provest,mleprovestnd@tinypic.com,Female,89.168.238.236
843,Valentia,Charrington,vcharringtonne@friendfeed.com,Genderqueer,248.249.157.71
844,Jodie,Hasser,jhassernf@answers.com,Male,18.50.129.38
845,Eli,Duffet,eduffetng@netvibes.com,Male,52.44.105.169
846,Ailey,Francello,afrancellonh@mapquest.com,Female,235.171.151.56
847,Preston,Zohrer,pzohrerni@etsy.com,Male,156.156.37.115
848,Patrice,Fairrie,pfairrienj@umn.edu,Male,135.184.179.162
849,Ingrim,Pratten,iprattennk@uol.com.br,Male,110.113.82.12
850,Saunders,Longfoot,slongfootnl@pinterest.com,Male,40.44.14.55
851,Milissent,Lyne,mlynenm@tamu.edu,Female,150.156.98.181
852,Germain,Graffin,ggraffinnn@thetimes.co.uk,Male,26.247.95.46
853,Cacilia,Messager,cmessagerno@imageshack.us,Female,127.24.120.74
854,Riane,Brenston,rbrenstonnp@digg.com,Female,142.191.219.111
855,Halimeda,Geaveny,hgeavenynq@usatoday.com,Female,98.228.83.18
856,Jsandye,Deetlefs,jdeetlefsnr@qq.com,Female,195.251.0.76
857,Theodosia,Livingstone,tlivingstonens@salon.com,Female,109.170.202.30
858,Charley,Gaughan,cgaughannt@wordpress.com,Male,35.19.52.110
859,Dena,Simionescu,dsimionescunu@nature.com,Female,128.62.175.18
860,Faye,Belton,fbeltonnv@skype.com,Female,206.74.21.163
861,Kaia,Toon,ktoonnw@ocn.ne.jp,Female,234.168.244.82
862,Mitchell,Creaven,mcreavennx@nhs.uk,Male,184.144.64.90
863,Feliza,Wordington,fwordingtonny@sourceforge.net,Female,203.102.173.156
864,Jeremiah,Darrow,jdarrownz@state.tx.us,Male,180.240.43.30
865,Heloise,Karpenya,hkarpenyao0@goo.ne.jp,Female,39.51.130.8
866,Magdalene,Miettinen,mmiettineno1@netvibes.com,Female,192.39.153.227
867,Bartlett,Renoden,brenodeno2@goodreads.com,Male,60.9.52.185
868,Wadsworth,Coulbeck,wcoulbecko3@ebay.com,Male,244.153.255.9
869,Caldwell,Btham,cbthamo4@google.ca,Genderfluid,19.241.76.226
870,Ari,Ashborn,aashborno5@rambler.ru,Male,128.138.93.190
871,Mariquilla,Pauwel,mpauwelo6@auda.org.au,Female,231.121.232.186
872,Stanley,Dureden,sduredeno7@51.la,Male,89.82.225.70
873,Jackie,Huzzey,jhuzzeyo8@hibu.com,Agender,118.9.171.13
874,Pippo,Reihm,preihmo9@about.me,Male,92.247.160.72
875,Aryn,Basile,abasileoa@wix.com,Female,189.197.174.191
876,Dimitry,Polamontayne,dpolamontayneob@phpbb.com,Male,152.204.242.233
877,Monroe,Basant,mbasantoc@mlb.com,Male,13.88.207.11
878,Timmie,Welford,twelfordod@opera.com,Genderqueer,188.71.210.174
879,Poul,Scrane,pscraneoe@feedburner.com,Male,50.184.145.79
880,Garv,Dingate,gdingateof@mail.ru,Non-binary,139.190.195.22
881,Iorgos,Dix,idixog@yale.edu,Male,8.135.18.194
882,Gale,Denholm,gdenholmoh@vkontakte.ru,Female,112.188.30.143
883,Devonna,Lumox,dlumoxoi@europa.eu,Female,157.242.101.172
884,Ruby,Earney,rearneyoj@berkeley.edu,Female,90.198.139.171
885,Zared,Magill,zmagillok@seattletimes.com,Male,215.18.0.125
886,Nydia,Hazleton,nhazletonol@telegraph.co.uk,Female,99.55.60.68
887,Keene,Benedito,kbeneditoom@theglobeandmail.com,Male,202.155.226.73
888,Brose,Pickring,bpickringon@cafepress.com,Male,29.200.163.102
889,Jonie,Cranmor,jcranmoroo@apple.com,Genderqueer,51.12.20.153
890,Muhammad,Bengoechea,mbengoecheaop@wikimedia.org,Bigender,60.66.47.134
891,Miran,Phinnis,mphinnisoq@canalblog.com,Female,212.94.66.200
892,Emogene,Leadbitter,eleadbitteror@oaic.gov.au,Female,193.82.70.86
893,Stinky,Gaythorpe,sgaythorpeos@psu.edu,Male,152.241.6.214
894,Glendon,Petticrow,gpetticrowot@apache.org,Male,135.167.184.27
895,Matthew,Garlant,mgarlantou@bing.com,Male,193.144.45.9
896,Alyce,Sproul,asproulov@reference.com,Female,61.208.82.227
897,Yolande,Cocks,ycocksow@ted.com,Female,227.210.143.37
898,Gabrila,Rattry,grattryox@statcounter.com,Female,0.237.118.10
899,Diandra,Bernadon,dbernadonoy@taobao.com,Bigender,47.136.182.112
900,Clement,Climie,cclimieoz@cnet.com,Agender,231.224.254.215
901,Kaylil,Alberts,kalbertsp0@homestead.com,Female,164.126.202.109
902,Roberta,Gores,rgoresp1@sciencedirect.com,Female,254.103.167.3
903,Ashby,Abrahim,aabrahimp2@buzzfeed.com,Male,234.186.244.153
904,Drucie,McLellan,dmclellanp3@people.com.cn,Agender,193.60.110.161
905,Ninette,Barlas,nbarlasp4@geocities.jp,Female,148.29.73.179
906,Cissy,Tunbridge,ctunbridgep5@taobao.com,Female,74.138.37.155
907,Junina,Saltman,jsaltmanp6@digg.com,Female,182.202.64.246
908,Saunders,Travis,stravisp7@fema.gov,Male,201.211.209.140
909,Chanda,Shawel,cshawelp8@arstechnica.com,Female,245.151.24.69
910,Bryant,Blomefield,bblomefieldp9@merriam-webster.com,Male,194.93.215.64
911,Eugenius,Goodall,egoodallpa@weebly.com,Male,228.136.93.13
912,Tallie,Katz,tkatzpb@google.it,Genderqueer,68.52.79.6
913,Jareb,Polley,jpolleypc@gnu.org,Non-binary,227.167.185.139
914,Rici,Wickett,rwickettpd@geocities.jp,Female,106.215.229.203
915,Niels,Waterhouse,nwaterhousepe@gmpg.org,Male,56.140.7.131
916,Theodora,Cottisford,tcottisfordpf@zdnet.com,Female,219.226.171.178
917,Garvey,Marushak,gmarushakpg@shutterfly.com,Non-binary,225.208.27.191
918,Nathalia,Phillput,nphillputph@mashable.com,Female,32.220.141.144
919,Gayla,Seckington,gseckingtonpi@bloglovin.com,Female,129.253.21.187
920,Giordano,Dunmore,gdunmorepj@163.com,Male,183.229.178.32
921,Auguste,Copeland,acopelandpk@typepad.com,Female,103.22.57.113
922,Desirae,Snelson,dsnelsonpl@admin.ch,Female,244.237.197.220
923,Judd,Stowell,jstowellpm@ucla.edu,Male,20.112.205.2
924,Garner,Shailer,gshailerpn@businessweek.com,Male,93.51.101.77
925,Ardith,Seifert,aseifertpo@furl.net,Female,134.190.21.182
926,Teresita,Brute,tbrutepp@zimbio.com,Female,229.177.111.11
927,Valentin,Son,vsonpq@bloglovin.com,Male,135.120.57.222
928,Cloris,Uppett,cuppettpr@meetup.com,Female,22.26.79.171
929,Paige,Masser,pmasserps@github.com,Male,156.182.129.95
930,Rickert,Lubeck,rlubeckpt@intel.com,Polygender,199.213.94.142
931,Kalindi,Lough,kloughpu@youtu.be,Female,87.234.218.207
932,Dawna,Avramovitz,davramovitzpv@angelfire.com,Female,41.221.181.253
933,Jone,Ulster,julsterpw@ed.gov,Male,176.191.216.194
934,Donica,Westpfel,dwestpfelpx@bigcartel.com,Female,3.237.114.39
935,Cornell,Dickenson,cdickensonpy@blogtalkradio.com,Male,94.154.48.140
936,Glendon,Probet,gprobetpz@purevolume.com,Male,135.94.111.15
937,Jim,Kuhnert,jkuhnertq0@sphinn.com,Male,132.156.193.223
938,Kyrstin,Petrik,kpetrikq1@webeden.co.uk,Female,106.150.35.173
939,Desiree,Barukh,dbarukhq2@wix.com,Female,63.1.177.208
940,Kristian,Stonbridge,kstonbridgeq3@shinystat.com,Male,29.94.160.84
941,Kayne,Bernardinelli,kbernardinelliq4@vkontakte.ru,Male,72.184.247.42
942,Xavier,Cote,xcoteq5@godaddy.com,Male,251.163.95.104
943,Lodovico,Menauteau,lmenauteauq6@forbes.com,Male,91.142.126.63
944,Correy,Chatfield,cchatfieldq7@craigslist.org,Male,209.67.112.89
945,Odey,Slamaker,oslamakerq8@dyndns.org,Male,225.222.179.65
946,Alvis,Gepson,agepsonq9@statcounter.com,Male,116.95.34.38
947,Hubey,Gorring,hgorringqa@goo.gl,Male,218.48.55.210
948,Anny,Dumphries,adumphriesqb@e-recht24.de,Female,107.148.84.9
949,Danie,Santoro,dsantoroqc@list-manage.com,Male,86.172.213.129
950,Deena,Wyrill,dwyrillqd@ibm.com,Female,142.147.188.106
951,Wrennie,Buxey,wbuxeyqe@vimeo.com,Female,12.156.176.6
952,Ellary,Robottham,erobotthamqf@mediafire.com,Male,106.220.95.113
953,Doralynn,Warrener,dwarrenerqg@freewebs.com,Female,194.214.115.0
954,Anstice,Druce,adruceqh@behance.net,Bigender,219.172.181.158
955,Knox,Kiossel,kkiosselqi@walmart.com,Male,204.65.183.243
956,Costanza,Maly,cmalyqj@hibu.com,Female,93.244.212.255
957,Gael,Westover,gwestoverqk@wordpress.org,Male,145.18.127.50
958,Rey,Shelmardine,rshelmardineql@google.co.jp,Female,179.197.165.130
959,Winston,Wallett,wwallettqm@unc.edu,Male,147.80.54.161
960,Georgetta,Boram,gboramqn@com.com,Female,20.204.30.115
961,Fidelia,Shergill,fshergillqo@so-net.ne.jp,Genderqueer,154.56.218.149
962,Almeda,Banting,abantingqp@deviantart.com,Female,12.3.120.26
963,Chase,Cauderlie,ccauderlieqq@accuweather.com,Male,21.240.127.161
964,Noby,Lightewood,nlightewoodqr@scribd.com,Agender,53.189.249.235
965,Catha,Pringour,cpringourqs@e-recht24.de,Female,98.243.239.239
966,Betteanne,Frenchum,bfrenchumqt@cdc.gov,Female,190.219.22.27
967,Roz,Hellikes,rhellikesqu@canalblog.com,Polygender,168.6.41.93
968,Kean,Matthewman,kmatthewmanqv@gizmodo.com,Male,191.176.63.183
969,Dori,Brise,dbriseqw@sogou.com,Female,167.209.147.97
970,Brnaby,Berford,bberfordqx@gravatar.com,Polygender,255.221.118.82
971,Addie,Bison,abisonqy@seesaa.net,Agender,179.41.190.247
972,Ediva,Grimley,egrimleyqz@homestead.com,Female,96.182.248.188
973,Huey,Laminman,hlaminmanr0@friendfeed.com,Male,208.155.86.167
974,Angel,Dowry,adowryr1@sohu.com,Male,213.37.21.8
975,Rafaela,Sahnow,rsahnowr2@statcounter.com,Female,102.138.84.220
976,Jemie,Ratlee,jratleer3@surveymonkey.com,Female,138.98.180.157
977,Deirdre,Rowden,drowdenr4@etsy.com,Agender,113.169.228.155
978,Conroy,Trewett,ctrewettr5@i2i.jp,Male,14.21.17.62
979,Yolanda,Criple,ycripler6@google.co.jp,Female,140.114.225.148
980,Bordie,Boggs,bboggsr7@sun.com,Male,11.96.121.141
981,Eward,Hockey,ehockeyr8@usatoday.com,Agender,120.134.214.102
982,Buckie,Wigfall,bwigfallr9@feedburner.com,Male,187.133.152.144
983,Sinclare,Morena,smorenara@newyorker.com,Male,201.60.54.220
984,Hanna,Swindall,hswindallrb@stumbleupon.com,Polygender,192.143.168.68
985,Nappie,Muslim,nmuslimrc@amazon.co.uk,Male,33.214.34.229
986,Pincus,Boxall,pboxallrd@friendfeed.com,Male,71.69.127.78
987,Farrand,Simione,fsimionere@chron.com,Female,200.180.179.87
988,Ninon,Soro,nsororf@domainmarket.com,Female,228.119.71.66
989,Clevey,Craufurd,ccraufurdrg@instagram.com,Male,91.150.97.130
990,Dede,Delia,ddeliarh@scribd.com,Female,188.179.214.188
991,Pancho,Arber,parberri@flickr.com,Male,226.192.186.114
992,Dorella,Bucktharp,dbucktharprj@dmoz.org,Female,238.219.77.80
993,Jennie,Buttwell,jbuttwellrk@discuz.net,Female,180.128.19.111
994,Auroora,Cartan,acartanrl@sakura.ne.jp,Female,113.138.128.224
995,Kenneth,Scurrell,kscurrellrm@technorati.com,Male,3.193.142.237
996,Vita,Mc Curlye,vmccurlyern@rambler.ru,Female,62.249.160.78
997,Herbert,De Simoni,hdesimoniro@shop-pro.jp,Male,155.143.91.30
998,Odella,Zanassi,ozanassirp@hatena.ne.jp,Genderqueer,167.31.211.225
999,Martyn,Gibb,mgibbrq@networksolutions.com,Male,138.211.120.73
1000,Emili,Fuentes,efuentesrr@dell.com,Female,175.159.112.56
