id,first_name,last_name,email,gender,ip_address
1,Lula,Kerrod,lkerrod0@flavors.me,Female,135.28.21.244
2,Noelyn,Hardwich,nhardwich1@domainmarket.com,Female,20.138.45.128
3,Theda,Traynor,ttraynor2@e-recht24.de,Female,108.105.20.75
4,Kaycee,Larchier,klarchier3@bloomberg.com,Female,83.228.195.52
5,Marquita,Brenard,mbrenard4@angelfire.com,Female,207.48.168.162
6,Daniel,Cerie,dcerie5@spotify.com,Male,244.143.69.193
7,Saree,Rushton,srushton6@networksolutions.com,Female,226.213.162.46
8,Zelig,Geyton,zgeyton7@weebly.com,Male,85.73.195.44
9,Chev,Jenne,cjenne8@deliciousdays.com,Male,25.42.12.66
10,Kathi,Florence,kflorence9@360.cn,Female,253.159.140.183
11,Kore,Litton,klittona@ucoz.ru,Female,59.158.85.59
12,Perla,MacArte,pmacarteb@twitter.com,Female,112.104.255.149
13,Herbert,Coyle,hcoylec@youtu.be,Male,10.129.29.23
14,Chic,Meader,cmeaderd@soundcloud.com,Male,246.205.13.120
15,Cristi,Lummus,clummuse@icq.com,Female,69.118.28.210
16,Allayne,Feighney,afeighneyf@amazon.co.jp,Male,81.8.217.124
17,Ilaire,Jedraszek,ijedraszekg@360.cn,Male,154.120.74.58
18,Elwin,Eskriett,eeskrietth@walmart.com,Male,73.169.91.108
19,Lexine,Pitrelli,lpitrellii@yelp.com,Female,95.102.144.194
20,Patrica,Dumingo,pdumingoj@nydailynews.com,Female,253.190.155.251
21,Tracie,Frier,tfrierk@yandex.ru,Female,165.160.209.170
22,Mercedes,Sleightholm,msleightholml@japanpost.jp,Female,30.243.59.57
23,Hobey,Daouze,hdaouzem@networkadvertising.org,Male,128.223.161.5
24,Gav,Caldwall,gcaldwalln@smugmug.com,Male,4.18.183.79
25,Egbert,Allonby,eallonbyo@techcrunch.com,Male,63.111.48.57
26,Howie,Instock,hinstockp@chicagotribune.com,Male,89.248.79.164
27,Emogene,Beamson,ebeamsonq@webs.com,Female,172.83.181.244
28,Dorise,Roff,droffr@businesswire.com,Female,53.166.208.236
29,Joshuah,Iddiens,jiddienss@ucla.edu,Non-binary,248.92.174.216
30,Anissa,Bickersteth,abickerstetht@bbb.org,Female,37.21.118.113
31,Dario,Allenson,dallensonu@cam.ac.uk,Male,12.200.228.71
32,Brandy,Castiblanco,bcastiblancov@csmonitor.com,Female,53.28.145.0
33,Bert,Kill,bkillw@google.com.br,Female,119.133.76.134
34,Symon,Blandford,sblandfordx@deliciousdays.com,Male,21.119.33.236
35,Roderich,Boller,rbollery@fc2.com,Male,116.161.90.201
36,Dick,Bryant,dbryantz@wordpress.org,Male,175.231.109.2
37,Janeta,Lenton,jlenton10@twitter.com,Female,210.140.227.49
38,Goldina,Medley,gmedley11@usgs.gov,Female,221.38.187.17
39,Elfie,Elverston,eelverston12@nbcnews.com,Female,13.154.110.234
40,Abbie,Bowick,abowick13@alibaba.com,Genderqueer,248.1.156.209
41,Nevsa,Laying,nlaying14@ow.ly,Female,215.34.121.208
42,Annalee,Gerish,agerish15@merriam-webster.com,Female,216.129.186.67
43,Kinny,Allderidge,kallderidge16@china.com.cn,Male,24.0.248.13
44,Elihu,Nabarro,enabarro17@globo.com,Male,187.51.61.44
45,Mollee,Sargeaunt,msargeaunt18@usatoday.com,Female,98.45.75.166
46,Jamil,Shepcutt,jshepcutt19@a8.net,Male,15.232.203.27
47,Malvina,Franz,mfranz1a@dyndns.org,Female,180.147.179.58
48,Stanislaus,Barrabeale,sbarrabeale1b@bigcartel.com,Male,117.236.41.168
49,Hillary,Claringbold,hclaringbold1c@yale.edu,Female,238.130.193.186
50,Hedvige,Seelbach,hseelbach1d@i2i.jp,Female,187.48.235.204
51,Danna,Burford,dburford1e@issuu.com,Genderfluid,142.69.224.145
52,Rose,Hazeup,rhazeup1f@taobao.com,Female,223.1.82.29
53,Chen,Billiard,cbilliard1g@ucla.edu,Male,124.131.24.7
54,Aindrea,Whatson,awhatson1h@ifeng.com,Female,197.206.214.65
55,Rorke,Batalle,rbatalle1i@home.pl,Male,206.229.148.106
56,Devlin,Bloom,dbloom1j@sohu.com,Genderfluid,85.148.124.128
57,Jessamine,Lohmeyer,jlohmeyer1k@bloglines.com,Female,183.237.167.45
58,Vinson,Maybury,vmaybury1l@apache.org,Male,208.204.44.102
59,Ruperta,Dunleavy,rdunleavy1m@shop-pro.jp,Agender,230.72.174.111
60,Brittaney,Brownsill,bbrownsill1n@newsvine.com,Female,58.189.243.252
61,Husein,Dufaur,hdufaur1o@columbia.edu,Male,238.39.82.197
62,Amelie,Goulden,agoulden1p@uol.com.br,Polygender,36.167.67.69
63,Averil,Silcox,asilcox1q@yahoo.co.jp,Female,71.141.69.157
64,Nikolas,McCallum,nmccallum1r@techcrunch.com,Bigender,231.159.228.233
65,Stanford,Cowderay,scowderay1s@lycos.com,Male,39.217.201.27
66,Reider,O'Connell,roconnell1t@desdev.cn,Male,157.216.194.176
67,Jerad,Finnis,jfinnis1u@yolasite.com,Male,58.233.134.11
68,Vanda,Lacroix,vlacroix1v@ca.gov,Female,158.146.1.177
69,Domini,De Biasi,ddebiasi1w@issuu.com,Female,248.119.173.214
70,Sawyere,Mackerel,smackerel1x@wp.com,Male,223.137.251.74
71,Romeo,Pulman,rpulman1y@state.gov,Male,194.155.18.166
72,Clyve,Asch,casch1z@flavors.me,Male,141.223.116.206
73,Had,Verillo,hverillo20@cafepress.com,Male,13.235.231.7
74,Janice,Masdon,jmasdon21@youtube.com,Female,184.184.182.206
75,Evelyn,Leades,eleades22@cargocollective.com,Male,220.106.68.216
76,Kala,Andrzejczak,kandrzejczak23@wsj.com,Non-binary,116.1.19.194
77,Tamarra,Lovering,tlovering24@github.io,Female,162.157.177.211
78,Alexandr,Garrelts,agarrelts25@businessweek.com,Male,41.26.102.219
79,Standford,Dewsbury,sdewsbury26@deliciousdays.com,Non-binary,201.211.139.83
80,Maxie,Hewins,mhewins27@google.ca,Male,5.159.79.125
81,Gretta,Lyste,glyste28@microsoft.com,Female,191.160.163.170
82,Paton,Bannell,pbannell29@wufoo.com,Male,2.166.211.67
83,Amii,Gueny,agueny2a@washingtonpost.com,Non-binary,143.106.13.138
84,Isa,Korneev,ikorneev2b@live.com,Female,48.37.129.161
85,George,Algie,galgie2c@state.gov,Genderfluid,230.19.145.37
86,Meggy,Clemente,mclemente2d@blogger.com,Female,234.146.72.112
87,Christiane,Greenalf,cgreenalf2e@epa.gov,Female,29.103.110.203
88,Konstantine,Pound,kpound2f@patch.com,Male,65.189.32.108
89,Hugh,Robertson,hrobertson2g@t-online.de,Male,106.120.19.231
90,Howey,Bright,hbright2h@opensource.org,Male,185.226.196.108
91,Reine,Olivazzi,rolivazzi2i@businessweek.com,Female,58.1.187.212
92,Maggee,Bitcheno,mbitcheno2j@uiuc.edu,Female,158.2.14.239
93,Bette,Tilliard,btilliard2k@mediafire.com,Female,67.28.127.27
94,Darci,Findlow,dfindlow2l@nsw.gov.au,Female,179.42.45.4
95,Tallia,Postance,tpostance2m@moonfruit.com,Female,211.225.221.213
96,Rex,Goaley,rgoaley2n@about.com,Male,173.136.10.129
97,Vita,Bartalucci,vbartalucci2o@alexa.com,Female,69.160.169.43
98,Shirleen,Petrushkevich,spetrushkevich2p@ustream.tv,Non-binary,77.25.144.97
99,Dorice,Cloy,dcloy2q@fastcompany.com,Female,193.169.222.56
100,Gustav,Jesse,gjesse2r@lycos.com,Male,213.243.96.59
101,Nana,Birdwhistle,nbirdwhistle2s@pbs.org,Female,82.216.174.87
102,Yard,Cliffe,ycliffe2t@domainmarket.com,Male,57.34.12.254
103,Bastien,Jesson,bjesson2u@mit.edu,Male,16.139.242.131
104,Scotti,Brien,sbrien2v@theglobeandmail.com,Male,214.46.183.182
105,Herrick,Dimberline,hdimberline2w@mashable.com,Male,140.11.233.128
106,Orin,Gardiner,ogardiner2x@cdbaby.com,Male,164.86.8.166
107,Binni,Bradberry,bbradberry2y@paypal.com,Female,243.203.130.227
108,Broderic,Banaszczyk,bbanaszczyk2z@goo.ne.jp,Male,193.59.87.108
109,Filberto,Schirok,fschirok30@buzzfeed.com,Male,230.223.76.82
110,Amory,Strethill,astrethill31@smugmug.com,Male,143.125.70.105
111,Freddy,Bartoleyn,fbartoleyn32@census.gov,Male,152.19.56.93
112,Jaclin,Giacobillo,jgiacobillo33@aol.com,Female,176.100.104.9
113,Camella,Glanz,cglanz34@virginia.edu,Female,88.9.53.104
114,Gunner,Narup,gnarup35@imageshack.us,Male,44.254.81.12
115,Alvan,Zorzenoni,azorzenoni36@un.org,Male,63.133.5.44
116,Sidnee,Pocock,spocock37@tuttocitta.it,Male,131.56.151.64
117,Milena,Lumby,mlumby38@nih.gov,Female,97.96.1.80
118,Doti,Grevel,dgrevel39@xrea.com,Female,154.174.128.152
119,Mary,Bilborough,mbilborough3a@over-blog.com,Female,21.242.25.189
120,Donnamarie,Marshfield,dmarshfield3b@telegraph.co.uk,Bigender,32.152.30.201
121,Philbert,Leathem,pleathem3c@1und1.de,Male,92.193.148.255
122,Lily,Shewsmith,lshewsmith3d@yelp.com,Female,137.81.100.72
123,Tye,Vautin,tvautin3e@yale.edu,Male,149.39.170.206
124,Tobe,Duffil,tduffil3f@prweb.com,Genderfluid,236.85.211.69
125,Helen,Annear,hannear3g@dell.com,Female,207.165.22.87
126,Jesus,Timeby,jtimeby3h@wikimedia.org,Male,169.39.155.18
127,Bartholomeus,Catcheside,bcatcheside3i@dedecms.com,Male,51.220.163.215
128,Penny,Wrightham,pwrightham3j@yellowpages.com,Male,219.103.45.189
129,Judy,Ambrogini,jambrogini3k@hhs.gov,Female,145.188.90.21
130,Del,Doey,ddoey3l@amazon.de,Female,154.39.118.25
131,Mitchell,Chaves,mchaves3m@hao123.com,Male,226.55.56.42
132,Shanie,Josefowicz,sjosefowicz3n@answers.com,Female,107.189.54.54
133,Angelique,Axby,aaxby3o@flavors.me,Female,130.68.224.59
134,Hillel,Cail,hcail3p@google.ru,Male,211.90.78.41
135,Lonnard,McJerrow,lmcjerrow3q@storify.com,Male,17.227.148.78
136,Antonin,Ordelt,aordelt3r@smugmug.com,Male,175.76.164.226
137,Izzy,Mees,imees3s@ucoz.ru,Male,172.227.170.13
138,Cherish,Syddon,csyddon3t@arizona.edu,Female,115.194.143.153
139,Ginnifer,Pond-Jones,gpondjones3u@goodreads.com,Female,68.111.53.81
140,Ole,Seger,oseger3v@theguardian.com,Genderqueer,232.215.28.196
141,Ellsworth,Jansie,ejansie3w@nps.gov,Male,207.156.93.91
142,Cora,Castanyer,ccastanyer3x@ted.com,Female,156.109.154.241
143,Bert,Conigsby,bconigsby3y@dmoz.org,Male,207.138.224.57
144,Lezlie,Annon,lannon3z@jalbum.net,Female,191.159.136.93
145,Sayers,Teissier,steissier40@telegraph.co.uk,Male,27.240.85.171
146,Arlan,Glancy,aglancy41@chicagotribune.com,Male,143.91.130.16
147,Janette,Fearnall,jfearnall42@bbb.org,Female,194.167.126.100
148,Heda,Jemison,hjemison43@disqus.com,Female,41.160.187.58
149,Paulie,Wykes,pwykes44@google.com,Female,149.110.207.46
150,Jacquenetta,McDoual,jmcdoual45@hubpages.com,Female,167.222.53.133
151,Drucie,Lenihan,dlenihan46@woothemes.com,Female,65.83.110.5
152,Lawrence,Forty,lforty47@homestead.com,Male,216.68.15.39
153,Rodrick,Gres,rgres48@tumblr.com,Male,139.221.206.115
154,Melisent,Spaven,mspaven49@flavors.me,Female,22.192.212.120
155,Eberto,Lardnar,elardnar4a@tmall.com,Male,50.21.111.44
156,Mariann,Riddoch,mriddoch4b@globo.com,Female,107.229.175.155
157,Sydney,Daily,sdaily4c@kickstarter.com,Female,127.217.118.188
158,Katheryn,MacConchie,kmacconchie4d@networkadvertising.org,Female,226.75.5.81
159,Micky,Drinkhall,mdrinkhall4e@upenn.edu,Male,170.130.97.12
160,Janaye,Verick,jverick4f@economist.com,Female,4.200.65.234
161,Matthaeus,Climer,mclimer4g@yale.edu,Male,167.200.121.239
162,Siusan,Ebbles,sebbles4h@ucla.edu,Female,79.100.104.66
163,Damita,Alves,dalves4i@dedecms.com,Female,169.243.92.42
164,Hamilton,Blowne,hblowne4j@parallels.com,Male,16.238.84.200
165,Barrie,Yarwood,byarwood4k@blogs.com,Male,222.229.31.170
166,Hendrik,Baszkiewicz,hbaszkiewicz4l@marketwatch.com,Male,201.75.230.115
167,Noll,Goodbanne,ngoodbanne4m@columbia.edu,Male,139.143.15.112
168,Waylen,Siss,wsiss4n@friendfeed.com,Male,170.244.190.137
169,Audra,Juett,ajuett4o@ibm.com,Female,5.104.35.42
170,Blinni,Rheaume,brheaume4p@scientificamerican.com,Female,129.237.53.169
171,Derek,Labitt,dlabitt4q@ocn.ne.jp,Male,197.236.173.94
172,Libby,Gosnold,lgosnold4r@utexas.edu,Female,79.59.68.243
173,Aaron,Carwithim,acarwithim4s@addtoany.com,Male,169.246.246.232
174,Sig,Smolan,ssmolan4t@auda.org.au,Male,177.139.25.104
175,Marchelle,Jayme,mjayme4u@blinklist.com,Female,130.49.64.8
176,Joana,Mariot,jmariot4v@aol.com,Female,23.122.127.68
177,Johnathon,Sterrie,jsterrie4w@ustream.tv,Polygender,127.98.177.48
178,Bordie,Cheesman,bcheesman4x@google.es,Male,150.219.47.148
179,Rafe,Crookes,rcrookes4y@scientificamerican.com,Bigender,197.5.50.166
180,Roddy,Godden,rgodden4z@oracle.com,Male,232.181.10.89
181,Artemus,Rexworthy,arexworthy50@digg.com,Male,228.107.226.48
182,Dorie,Leonard,dleonard51@photobucket.com,Male,119.67.176.149
183,Justina,Campbell,jcampbell52@nydailynews.com,Female,74.145.119.107
184,Luke,Stathor,lstathor53@nbcnews.com,Male,72.231.50.242
185,Kriste,Puttock,kputtock54@ask.com,Female,166.54.162.35
186,George,Bonick,gbonick55@qq.com,Male,18.181.71.87
187,Gina,Evert,gevert56@home.pl,Non-binary,23.104.90.178
188,Eve,Macellar,emacellar57@wikia.com,Female,15.238.127.178
189,Willette,Hupe,whupe58@wikispaces.com,Female,20.172.110.56
190,Lissa,Haldene,lhaldene59@si.edu,Female,21.99.109.62
191,Duncan,Doiley,ddoiley5a@desdev.cn,Male,8.251.2.107
192,Jonah,Leydon,jleydon5b@ft.com,Agender,15.175.229.174
193,Dannel,Baseley,dbaseley5c@upenn.edu,Genderfluid,159.126.181.69
194,Wilt,Plewman,wplewman5d@mozilla.org,Male,240.113.0.159
195,Clywd,Commucci,ccommucci5e@123-reg.co.uk,Male,42.15.91.168
196,Benton,Nelson,bnelson5f@marketwatch.com,Male,128.81.98.192
197,Mel,O'Rowane,morowane5g@imageshack.us,Male,87.49.11.0
198,Joshuah,Triggs,jtriggs5h@mozilla.org,Male,161.83.85.47
199,Aileen,Rosten,arosten5i@princeton.edu,Female,199.122.131.77
200,Barbara,Burstow,bburstow5j@cnet.com,Female,34.64.225.42
201,Joscelin,Maypowder,jmaypowder5k@shinystat.com,Female,200.101.162.162
202,Leah,McRae,lmcrae5l@1und1.de,Female,223.223.80.188
203,Town,O'Sheeryne,tosheeryne5m@samsung.com,Male,33.202.63.104
204,Wenona,Semark,wsemark5n@dropbox.com,Female,118.84.111.199
205,Claiborn,Behrens,cbehrens5o@php.net,Male,197.80.19.219
206,Braden,Daldan,bdaldan5p@shutterfly.com,Male,172.26.30.146
207,Marie,Middlemass,mmiddlemass5q@odnoklassniki.ru,Female,174.140.104.236
208,Janene,Rattry,jrattry5r@amazon.de,Female,164.126.201.122
209,Teddy,Veasey,tveasey5s@ycombinator.com,Female,240.109.74.150
210,Bev,Ivashechkin,bivashechkin5t@reddit.com,Female,202.230.79.9
211,Theda,Perelli,tperelli5u@imageshack.us,Female,16.180.75.53
212,Garrek,Keattch,gkeattch5v@bravesites.com,Male,60.196.207.114
213,Emily,Niblock,eniblock5w@clickbank.net,Female,169.149.37.196
214,Malynda,Addionisio,maddionisio5x@chron.com,Female,211.141.198.53
215,Freddi,Husby,fhusby5y@123-reg.co.uk,Female,151.253.120.194
216,Pen,Ivanishin,pivanishin5z@amazonaws.com,Male,146.140.63.177
217,Ambrosi,Swalwell,aswalwell60@noaa.gov,Male,141.115.84.137
218,Richard,Poltun,rpoltun61@ucla.edu,Male,161.224.243.205
219,Mic,Mc Queen,mmcqueen62@time.com,Male,141.15.43.78
220,Petrina,Whiting,pwhiting63@netlog.com,Female,183.188.238.198
221,Elbertina,Bustard,ebustard64@weebly.com,Female,59.244.226.152
222,King,Thornborrow,kthornborrow65@google.ru,Male,64.92.23.110
223,Royall,Lilly,rlilly66@netvibes.com,Male,172.129.199.103
224,Esme,Griffith,egriffith67@squarespace.com,Female,19.201.173.169
225,Karel,Slaight,kslaight68@globo.com,Female,185.130.4.191
226,Carrie,Boerderman,cboerderman69@ftc.gov,Female,23.125.99.232
227,Alfie,Blaske,ablaske6a@wsj.com,Male,197.51.51.21
228,Nita,Spridgen,nspridgen6b@symantec.com,Female,23.129.177.111
229,Beret,Brownsey,bbrownsey6c@acquirethisname.com,Female,55.199.151.62
230,Ron,Dunford,rdunford6d@yellowbook.com,Male,202.142.80.18
231,Sharline,Cale,scale6e@gmpg.org,Female,16.252.49.182
232,Jephthah,Dri,jdri6f@wunderground.com,Male,171.174.158.78
233,Merilyn,Towlson,mtowlson6g@cmu.edu,Female,147.191.178.114
234,Cathryn,Stephens,cstephens6h@state.tx.us,Female,1.150.138.126
235,Betty,Empleton,bempleton6i@constantcontact.com,Female,245.141.4.22
236,Gwenora,Connew,gconnew6j@independent.co.uk,Female,65.183.39.96
237,Milicent,Drewry,mdrewry6k@state.tx.us,Female,220.112.174.234
238,Dukey,Proschke,dproschke6l@google.co.uk,Male,21.161.241.179
239,Weber,Bradder,wbradder6m@umn.edu,Male,58.83.159.9
240,Tobie,Pyper,tpyper6n@unblog.fr,Male,234.245.45.28
241,Debbi,Cotterell,dcotterell6o@icio.us,Female,105.228.246.222
242,Boycie,Batterbee,bbatterbee6p@sitemeter.com,Male,252.200.77.185
243,Myrwyn,Biddlecombe,mbiddlecombe6q@scientificamerican.com,Male,12.172.240.42
244,Nealy,Godbald,ngodbald6r@issuu.com,Male,229.14.140.61
245,Ephrayim,Grindell,egrindell6s@joomla.org,Male,143.135.7.70
246,Vite,Poston,vposton6t@ted.com,Male,40.132.170.0
247,Sheffie,Creboe,screboe6u@tripadvisor.com,Male,158.43.209.242
248,Kinny,Tomaini,ktomaini6v@sphinn.com,Male,125.49.86.50
249,Grant,Lipsett,glipsett6w@oaic.gov.au,Male,35.99.82.166
250,Manolo,Cardus,mcardus6x@seattletimes.com,Male,218.200.56.185
251,Sam,Ambrodi,sambrodi6y@webnode.com,Male,206.48.197.238
252,Galina,Backhouse,gbackhouse6z@europa.eu,Female,67.78.32.151
253,Che,Threader,cthreader70@ed.gov,Male,34.89.205.191
254,Sheilah,Rampton,srampton71@jiathis.com,Female,232.177.170.59
255,Myrtia,Smalcombe,msmalcombe72@springer.com,Female,128.198.198.8
256,Kele,Riddick,kriddick73@163.com,Male,45.158.159.25
257,Robinetta,Botten,rbotten74@godaddy.com,Female,4.128.205.149
258,Eb,Rodson,erodson75@mysql.com,Male,65.162.115.218
259,Rani,Slym,rslym76@blog.com,Female,72.187.25.162
260,Verena,Bushel,vbushel77@gmpg.org,Female,94.57.214.96
261,Sterling,Ungaretti,sungaretti78@pinterest.com,Male,181.47.20.183
262,Toma,Germann,tgermann79@hexun.com,Female,6.241.149.225
263,Kristyn,Carlo,kcarlo7a@tinyurl.com,Female,84.133.246.65
264,Hadria,Heady,hheady7b@netscape.com,Female,117.2.103.126
265,Alie,Askin,aaskin7c@zdnet.com,Female,49.158.216.249
266,Raynor,Gheorghie,rgheorghie7d@mapy.cz,Male,81.86.92.124
267,Frannie,Garbutt,fgarbutt7e@boston.com,Male,169.30.157.117
268,Mareah,Scanterbury,mscanterbury7f@theatlantic.com,Female,237.35.251.74
269,Nara,Tadgell,ntadgell7g@sitemeter.com,Genderqueer,143.97.230.85
270,Tan,Killshaw,tkillshaw7h@yelp.com,Non-binary,194.124.10.38
271,Wit,Matteucci,wmatteucci7i@dailymotion.com,Male,31.87.20.98
272,Jason,Aimeric,jaimeric7j@shinystat.com,Male,184.71.26.51
273,Karel,Songhurst,ksonghurst7k@joomla.org,Genderqueer,240.110.8.238
274,Barri,Maguire,bmaguire7l@paypal.com,Male,162.41.62.35
275,Bud,Gibling,bgibling7m@ox.ac.uk,Male,245.210.90.234
276,Brody,Gulliman,bgulliman7n@dedecms.com,Male,19.126.4.158
277,Tandi,Helleckas,thelleckas7o@ucsd.edu,Female,249.16.22.35
278,Albrecht,Hickford,ahickford7p@tripod.com,Genderfluid,201.2.57.250
279,Cobbie,Petr,cpetr7q@yale.edu,Male,29.51.141.85
280,Paco,Benois,pbenois7r@freewebs.com,Male,16.176.70.104
281,Augustine,Culp,aculp7s@aol.com,Male,103.98.82.42
282,Sampson,Kells,skells7t@buzzfeed.com,Male,80.53.118.5
283,Hildagarde,Doidge,hdoidge7u@geocities.jp,Female,103.2.86.249
284,Amandy,Gillespie,agillespie7v@youtube.com,Female,205.142.139.21
285,Alexei,Lassell,alassell7w@domainmarket.com,Genderqueer,179.111.232.242
286,Karel,Greenstock,kgreenstock7x@aol.com,Male,118.146.202.140
287,Montgomery,Souness,msouness7y@blog.com,Male,13.41.24.176
288,Mickie,Corn,mcorn7z@forbes.com,Male,124.88.234.84
289,Rosalinda,Besse,rbesse80@flavors.me,Female,255.59.177.152
290,Matt,Lewing,mlewing81@diigo.com,Male,135.42.161.101
291,Earvin,Petheridge,epetheridge82@creativecommons.org,Male,64.236.13.228
292,Cristy,Garmston,cgarmston83@abc.net.au,Female,83.127.99.125
293,Ced,Plows,cplows84@google.es,Male,164.210.216.56
294,Jean,Olohan,jolohan85@weather.com,Male,194.124.67.85
295,Emilio,Dewhurst,edewhurst86@constantcontact.com,Male,94.55.197.25
296,Amandy,Waliszek,awaliszek87@ucoz.ru,Polygender,236.73.138.51
297,Malia,Wilcocks,mwilcocks88@friendfeed.com,Female,69.179.83.36
298,Emmy,Omand,eomand89@e-recht24.de,Male,119.80.191.48
299,Nanine,Necrews,nnecrews8a@nba.com,Female,84.68.187.95
300,Billy,Juden,bjuden8b@oaic.gov.au,Non-binary,247.206.40.78
301,Kingsly,Caesmans,kcaesmans8c@geocities.com,Male,173.173.94.200
302,Eachelle,McGarrity,emcgarrity8d@usnews.com,Female,37.130.229.138
303,Brooks,Jorck,bjorck8e@odnoklassniki.ru,Female,207.159.38.221
304,Roscoe,Meatyard,rmeatyard8f@nydailynews.com,Agender,157.174.239.11
305,Winonah,Walewicz,wwalewicz8g@eepurl.com,Female,7.32.206.106
306,Baudoin,Samwell,bsamwell8h@washingtonpost.com,Male,247.72.247.230
307,Hagan,Kiley,hkiley8i@walmart.com,Male,252.42.195.113
308,Germain,Salla,gsalla8j@hao123.com,Male,140.91.44.111
309,Zulema,Organer,zorganer8k@army.mil,Female,125.45.65.173
310,Orelee,Finnes,ofinnes8l@blogtalkradio.com,Female,41.115.173.156
311,Tore,Marklin,tmarklin8m@toplist.cz,Male,65.166.44.42
312,Avril,Konzel,akonzel8n@state.gov,Female,162.116.70.104
313,Peri,Van Der Walt,pvanderwalt8o@tamu.edu,Female,20.161.112.178
314,Sunny,Rudsdell,srudsdell8p@narod.ru,Male,74.118.244.98
315,Sawyere,Rubinchik,srubinchik8q@oakley.com,Male,93.122.123.248
316,Carmita,O'Keaveny,cokeaveny8r@skype.com,Female,145.52.127.252
317,Phineas,Shields,pshields8s@ft.com,Male,155.43.140.52
318,Ardath,Belchamp,abelchamp8t@home.pl,Female,66.152.47.188
319,Wells,Franzel,wfranzel8u@networksolutions.com,Male,91.117.62.86
320,Sancho,Sheber,ssheber8v@stanford.edu,Male,198.229.137.196
321,Annnora,Noke,anoke8w@economist.com,Female,68.210.230.199
322,Eldredge,Szymczyk,eszymczyk8x@imgur.com,Agender,110.59.160.147
323,Simeon,Clint,sclint8y@icio.us,Male,1.193.255.40
324,Tanhya,Hissie,thissie8z@dailymail.co.uk,Female,24.215.224.62
325,Clarinda,McArthur,cmcarthur90@miibeian.gov.cn,Female,1.42.182.105
326,Bail,Wilbore,bwilbore91@gnu.org,Male,13.107.56.64
327,Berkley,Castanho,bcastanho92@1688.com,Male,120.28.0.11
328,Ahmed,Gentile,agentile93@t.co,Male,165.203.161.156
329,Willey,Edmead,wedmead94@bluehost.com,Male,55.254.169.62
330,Dorothea,Croy,dcroy95@youku.com,Female,78.237.153.89
331,Esme,Pullin,epullin96@spotify.com,Male,188.24.178.79
332,Anabal,Veryard,averyard97@jimdo.com,Female,232.10.63.25
333,Clayborn,Izzett,cizzett98@google.co.uk,Male,235.5.220.27
334,Rex,Chaloner,rchaloner99@nydailynews.com,Male,231.69.166.216
335,Gherardo,Newsham,gnewsham9a@biglobe.ne.jp,Male,42.125.248.25
336,Terrie,Caulliere,tcaulliere9b@wisc.edu,Female,1.96.217.48
337,Maurice,Langthorne,mlangthorne9c@stumbleupon.com,Male,242.147.28.180
338,Brigitta,Loachhead,bloachhead9d@cbc.ca,Female,249.72.203.59
339,Jerrilee,Legerwood,jlegerwood9e@uol.com.br,Female,128.135.179.214
340,Hulda,Yannoni,hyannoni9f@ning.com,Female,223.132.92.29
341,Cindie,Willisch,cwillisch9g@intel.com,Female,95.188.199.73
342,Silvester,Cundict,scundict9h@webeden.co.uk,Male,228.83.184.71
343,Elia,Shouler,eshouler9i@icio.us,Male,213.7.226.116
344,Sterling,Portchmouth,sportchmouth9j@businesswire.com,Male,50.82.9.7
345,Homere,Pellew,hpellew9k@uiuc.edu,Male,41.142.178.47
346,Emelita,Lis,elis9l@jugem.jp,Female,109.244.200.89
347,Brook,Kempstone,bkempstone9m@feedburner.com,Male,140.245.39.115
348,Riane,Woodlands,rwoodlands9n@spotify.com,Polygender,146.51.57.189
349,Bridie,Carnegy,bcarnegy9o@quantcast.com,Female,167.49.181.25
350,Rasia,Morfett,rmorfett9p@technorati.com,Female,145.175.55.101
351,Fredra,Thickens,fthickens9q@ezinearticles.com,Female,159.201.238.242
352,Athene,Phython,aphython9r@unesco.org,Genderqueer,28.239.116.12
353,Val,Pioli,vpioli9s@baidu.com,Male,108.233.195.228
354,Sofie,Ridgwell,sridgwell9t@cnn.com,Female,62.84.203.138
355,Malena,Mitie,mmitie9u@unesco.org,Female,250.101.40.33
356,Lexy,Clyburn,lclyburn9v@senate.gov,Female,200.25.155.210
357,Marchelle,Kirby,mkirby9w@youtube.com,Female,89.178.28.218
358,Reginald,Eddins,reddins9x@ow.ly,Male,48.117.222.226
359,Skipton,Marfield,smarfield9y@eventbrite.com,Male,192.140.98.105
360,Shaylah,Harpham,sharpham9z@people.com.cn,Female,222.137.50.224
361,Ephrayim,Dobrovsky,edobrovskya0@state.gov,Genderfluid,33.194.64.170
362,Eudora,Beccles,ebecclesa1@nps.gov,Female,41.44.55.30
363,David,Pala,dpalaa2@imageshack.us,Male,67.170.31.85
364,Vicki,Pearn,vpearna3@ocn.ne.jp,Female,114.80.193.111
365,Tedmund,Pottie,tpottiea4@washington.edu,Male,86.121.233.163
366,Brody,Lamdin,blamdina5@oaic.gov.au,Male,34.131.193.64
367,Temple,Sumpter,tsumptera6@fda.gov,Male,161.63.20.204
368,Vicki,MacRirie,vmacririea7@nhs.uk,Agender,105.205.71.181
369,Sibley,Merrilees,smerrileesa8@squarespace.com,Female,122.78.173.182
370,Nero,Hatherleigh,nhatherleigha9@livejournal.com,Male,57.212.249.105
371,Waite,Fones,wfonesaa@gnu.org,Bigender,99.149.7.154
372,Elene,Disbrey,edisbreyab@hugedomains.com,Genderqueer,147.196.68.218
373,Geoffry,Colisbe,gcolisbeac@microsoft.com,Male,125.32.81.89
374,Wit,Poore,wpooread@nydailynews.com,Male,240.78.199.183
375,Kathi,Scolland,kscollandae@cbslocal.com,Female,117.130.188.137
376,Selby,Oldfield,soldfieldaf@skype.com,Male,250.44.103.101
377,Hillier,Babbage,hbabbageag@wordpress.org,Male,12.129.142.143
378,Fleur,Taylot,ftaylotah@comsenz.com,Female,246.108.242.83
379,Catlaina,Writer,cwriterai@timesonline.co.uk,Female,168.78.12.239
380,Eleni,Northage,enorthageaj@goo.gl,Female,166.112.136.238
381,Genevieve,Grisard,ggrisardak@walmart.com,Female,200.116.82.157
382,Mayne,Godmar,mgodmaral@parallels.com,Male,101.207.120.12
383,Berty,Donaldson,bdonaldsonam@examiner.com,Agender,121.234.107.222
384,Lisabeth,Bulter,lbulteran@reverbnation.com,Female,179.48.19.228
385,Charlie,Pickance,cpickanceao@clickbank.net,Non-binary,23.61.223.248
386,Linet,Summerson,lsummersonap@cyberchimps.com,Female,28.241.192.18
387,Nate,Tutill,ntutillaq@unblog.fr,Male,139.197.241.200
388,Geoffry,Tailby,gtailbyar@1und1.de,Male,92.154.120.134
389,Harlene,Newhouse,hnewhouseas@odnoklassniki.ru,Female,74.24.158.191
390,Concettina,Rankin,crankinat@answers.com,Female,6.26.84.223
391,Merle,Fazackerley,mfazackerleyau@state.gov,Female,233.5.222.111
392,Johannah,Truder,jtruderav@naver.com,Female,112.197.35.247
393,Farrell,Isakson,fisaksonaw@woothemes.com,Male,125.162.208.46
394,Carena,Sargeant,csargeantax@cocolog-nifty.com,Female,47.182.252.57
395,Tailor,Wisden,twisdenay@constantcontact.com,Male,235.242.193.43
396,Meggie,Seamans,mseamansaz@fema.gov,Female,168.69.240.233
397,Estele,Caulcott,ecaulcottb0@geocities.jp,Female,237.251.29.218
398,Verge,Brotherick,vbrotherickb1@miibeian.gov.cn,Genderfluid,108.138.121.93
399,Laurene,Chatainier,lchatainierb2@redcross.org,Female,226.110.4.200
400,Nadia,Whalley,nwhalleyb3@printfriendly.com,Female,147.184.119.160
401,Charleen,Farherty,cfarhertyb4@wikia.com,Female,193.26.172.171
402,Ludovico,Diego,ldiegob5@disqus.com,Male,85.112.97.68
403,Roseanne,Jehu,rjehub6@comcast.net,Female,253.147.175.140
404,Rees,Lightewood,rlightewoodb7@barnesandnoble.com,Genderqueer,159.136.35.131
405,Frederico,Roantree,froantreeb8@facebook.com,Male,28.129.1.72
406,Alia,Grigoletti,agrigolettib9@liveinternet.ru,Female,79.1.6.108
407,Fredelia,Fagence,ffagenceba@mapy.cz,Female,53.237.93.86
408,Sigmund,Wyd,swydbb@live.com,Male,143.107.131.18
409,Angel,Treece,atreecebc@biblegateway.com,Male,105.117.127.55
410,Elaina,Corpes,ecorpesbd@gnu.org,Female,203.6.124.229
411,Park,Daugherty,pdaughertybe@nifty.com,Genderqueer,117.53.186.238
412,Sherwin,Lane,slanebf@usatoday.com,Male,242.221.238.244
413,Kassie,Rout,kroutbg@studiopress.com,Female,36.4.201.79
414,Jase,Habben,jhabbenbh@slate.com,Male,162.72.159.44
415,Cassi,Dorro,cdorrobi@webnode.com,Female,136.126.106.127
416,Martainn,Tidy,mtidybj@goodreads.com,Male,235.97.158.102
417,Burtie,Beardwood,bbeardwoodbk@eventbrite.com,Male,219.69.52.166
418,Hyacinthia,Grzegorek,hgrzegorekbl@webmd.com,Female,43.122.182.139
419,Darelle,Newiss,dnewissbm@hc360.com,Female,60.84.168.20
420,Fred,Bonnesen,fbonnesenbn@wordpress.org,Female,191.130.231.53
421,Bar,Bernade,bbernadebo@wix.com,Male,14.92.250.81
422,Antonietta,Guisby,aguisbybp@europa.eu,Female,54.69.140.128
423,Karina,Guinane,kguinanebq@blogger.com,Polygender,188.139.35.236
424,Alexandra,Garms,agarmsbr@naver.com,Female,234.39.66.19
425,Robby,Emanuel,remanuelbs@microsoft.com,Male,44.205.31.251
426,Tomi,Ledgerton,tledgertonbt@wordpress.com,Female,188.12.51.125
427,Arleyne,Drever,adreverbu@lulu.com,Female,90.169.127.110
428,Denni,Saunt,dsauntbv@woothemes.com,Female,228.87.212.14
429,Heath,Catanheira,hcatanheirabw@sina.com.cn,Female,111.43.29.159
430,Baron,Beaconsall,bbeaconsallbx@tamu.edu,Male,89.34.172.70
431,Noak,Lalor,nlalorby@hud.gov,Male,128.152.79.127
432,Sharline,Saffe,ssaffebz@oaic.gov.au,Female,25.215.193.79
433,Wilek,Eakin,weakinc0@webmd.com,Male,218.188.73.71
434,Zelma,Loreit,zloreitc1@oaic.gov.au,Female,224.250.5.191
435,Reeba,McKeaveney,rmckeaveneyc2@independent.co.uk,Female,16.5.165.220
436,Granny,Cradey,gcradeyc3@google.com,Male,152.250.188.77
437,Merrill,Mellon,mmellonc4@4shared.com,Genderfluid,104.52.39.244
438,Lelia,Ivons,livonsc5@netscape.com,Female,8.21.46.191
439,Sheena,Sharman,ssharmanc6@washington.edu,Female,138.0.232.106
440,Phillipe,Impett,pimpettc7@myspace.com,Male,195.225.226.3
441,Rosaleen,Falck,rfalckc8@jiathis.com,Female,221.166.15.142
442,Innis,De Moreno,idemorenoc9@tuttocitta.it,Male,186.48.20.205
443,Anson,Fripp,afrippca@people.com.cn,Agender,128.36.212.145
444,Currey,Trudgion,ctrudgioncb@ucla.edu,Male,160.249.240.142
445,Althea,McBratney,amcbratneycc@friendfeed.com,Female,115.235.223.26
446,Starlene,Woolmer,swoolmercd@gov.uk,Female,250.160.224.111
447,Rhodie,Dicker,rdickerce@cnn.com,Female,194.114.187.154
448,Lilias,McKeating,lmckeatingcf@mlb.com,Female,252.221.100.249
449,Audie,Voaden,avoadencg@diigo.com,Female,46.251.32.244
450,Beverly,Mulgrew,bmulgrewch@t-online.de,Female,94.192.35.0
451,Gerik,Cottham,gcotthamci@gravatar.com,Male,8.211.110.53
452,Ibrahim,Kubyszek,ikubyszekcj@last.fm,Male,38.148.57.176
453,Keefe,Selway,kselwayck@issuu.com,Male,79.32.124.197
454,Ibrahim,Presley,ipresleycl@virginia.edu,Male,21.67.44.57
455,Prentiss,Goldsack,pgoldsackcm@wix.com,Male,100.26.10.202
456,Mariann,Costerd,mcosterdcn@vinaora.com,Female,113.242.121.16
457,Aveline,Cantero,acanteroco@wunderground.com,Female,246.27.210.65
458,Lilli,Danielis,ldanieliscp@wunderground.com,Female,244.31.41.83
459,Walther,Erskine Sandys,werskinesandyscq@ocn.ne.jp,Male,71.70.15.112
460,Vivia,Besson,vbessoncr@tmall.com,Female,206.24.240.49
461,Wallie,Maudlin,wmaudlincs@seattletimes.com,Non-binary,40.44.154.163
462,Kandace,Moffet,kmoffetct@kickstarter.com,Genderfluid,200.127.197.250
463,Reed,Harbinson,rharbinsoncu@sohu.com,Male,24.85.204.93
464,Ashil,Crimmins,acrimminscv@hubpages.com,Female,148.43.71.138
465,Charmane,Hekkert,chekkertcw@zdnet.com,Female,62.187.5.152
466,Mylo,Shuard,mshuardcx@furl.net,Male,65.218.16.206
467,Aurea,De Michele,ademichelecy@com.com,Female,169.199.159.242
468,Carolan,Bonson,cbonsoncz@aol.com,Female,134.201.7.178
469,Daryl,Antosik,dantosikd0@is.gd,Female,251.218.186.143
470,Arlinda,Cottill,acottilld1@marketwatch.com,Female,15.190.129.144
471,Danny,Lowdyane,dlowdyaned2@abc.net.au,Male,70.236.239.111
472,Raychel,Wilmot,rwilmotd3@bluehost.com,Female,87.61.198.23
473,Emory,Chasen,echasend4@army.mil,Male,255.62.106.26
474,Sande,Lomasna,slomasnad5@miitbeian.gov.cn,Female,180.81.215.249
475,Brita,Davidowich,bdavidowichd6@google.cn,Female,43.56.158.172
476,Dulce,Beazey,dbeazeyd7@pinterest.com,Female,197.242.168.48
477,Granger,Zettler,gzettlerd8@buzzfeed.com,Male,234.183.34.119
478,Tynan,Spreadbury,tspreadburyd9@who.int,Male,122.58.246.228
479,Christina,Salerg,csalergda@unicef.org,Female,135.75.47.244
480,Mickey,Coldwell,mcoldwelldb@parallels.com,Male,14.208.118.220
481,Arliene,Kollatsch,akollatschdc@so-net.ne.jp,Female,40.96.126.91
482,Katrine,Spore,ksporedd@go.com,Female,88.134.223.250
483,Bar,Hopkynson,bhopkynsonde@ow.ly,Male,27.1.213.248
484,Katrinka,Giovannacc@i,kgiovannaccidf@liveinternet.ru,Female,31.105.123.70
485,Mel,Dudson,mdudsondg@youtu.be,Male,49.162.45.76
486,Holly-anne,Mears,hmearsdh@youku.com,Female,93.194.87.129
487,Rochelle,Obbard,robbarddi@mayoclinic.com,Female,114.29.212.236
488,Jasmin,O'Toole,jotooledj@miitbeian.gov.cn,Female,127.49.119.201
489,Iolanthe,Eric,iericdk@cocolog-nifty.com,Female,129.162.74.123
490,Davon,Spaducci,dspaduccidl@networkadvertising.org,Male,211.220.54.190
491,Travus,Coppeard,tcoppearddm@liveinternet.ru,Male,22.85.179.216
492,Conney,Kanwell,ckanwelldn@noaa.gov,Male,210.177.111.1
493,Cayla,Mordy,cmordydo@amazon.co.uk,Polygender,203.227.167.98
494,Corie,Stonhouse,cstonhousedp@unc.edu,Female,230.36.64.156
495,Othello,McClory,omcclorydq@indiegogo.com,Genderqueer,55.179.127.244
496,Laverna,Peffer,lpefferdr@addthis.com,Female,20.140.155.209
497,Stanley,Lean,sleands@i2i.jp,Male,10.47.250.34
498,Alberik,Collet,acolletdt@yale.edu,Male,127.235.181.25
499,Charmaine,Maber,cmaberdu@ustream.tv,Female,171.233.215.210
500,Saxe,McEneny,smcenenydv@opera.com,Polygender,20.89.125.220
501,Mildred,Bruckenthal,mbruckenthaldw@baidu.com,Bigender,25.157.155.241
502,Nissa,O'Geaney,nogeaneydx@thetimes.co.uk,Female,173.116.206.84
503,Vassily,Strood,vstrooddy@histats.com,Male,133.66.214.253
504,Lora,Creek,lcreekdz@wufoo.com,Female,103.76.39.62
505,Felizio,Meus,fmeuse0@nytimes.com,Male,163.241.186.177
506,Arlana,Dachs,adachse1@geocities.com,Female,91.209.228.175
507,Jacqueline,Greensitt,jgreensitte2@salon.com,Female,235.100.77.214
508,Tybalt,Stubbe,tstubbee3@deviantart.com,Male,231.121.248.143
509,Wilmer,Prandoni,wprandonie4@goodreads.com,Male,114.51.170.61
510,Roze,Naylor,rnaylore5@cdbaby.com,Agender,12.112.212.11
511,Falkner,Yarnell,fyarnelle6@huffingtonpost.com,Male,20.216.207.208
512,Gino,Handrahan,ghandrahane7@blogspot.com,Male,87.205.25.227
513,Andra,Deary,adearye8@privacy.gov.au,Female,126.125.229.207
514,Wilek,Yarnell,wyarnelle9@marriott.com,Male,133.239.215.118
515,Corabel,McPhelim,cmcphelimea@businesswire.com,Female,149.23.159.130
516,Zaccaria,Hanhard,zhanhardeb@loc.gov,Male,41.214.243.199
517,Nedda,Nunes Nabarro,nnunesnabarroec@uol.com.br,Agender,246.76.232.108
518,Iggie,Paintain,ipaintained@kickstarter.com,Male,120.213.84.37
519,Nannie,Stollwerk,nstollwerkee@wisc.edu,Female,213.236.202.123
520,Caleb,Ouldred,couldredef@smugmug.com,Male,219.132.1.51
521,Cristionna,Allday,calldayeg@google.pl,Female,18.176.87.168
522,Erie,Grant,egranteh@slate.com,Male,39.104.7.68
523,Raleigh,Woonton,rwoontonei@privacy.gov.au,Male,155.136.190.131
524,Christi,Brignell,cbrignellej@timesonline.co.uk,Female,21.129.214.174
525,Davis,Carress,dcarressek@ebay.com,Polygender,62.44.53.230
526,Tamara,Dinnage,tdinnageel@hostgator.com,Agender,191.233.175.153
527,Marabel,Danaher,mdanaherem@hexun.com,Female,110.5.111.235
528,Betti,Raine,braineen@deliciousdays.com,Female,230.160.243.207
529,Pavlov,Muzzini,pmuzzinieo@umn.edu,Male,195.182.227.145
530,Starla,Newbury,snewburyep@constantcontact.com,Female,86.181.120.131
531,Artair,Chancellor,achancelloreq@bizjournals.com,Male,236.107.71.134
532,Rowena,Laffoley-Lane,rlaffoleylaneer@nsw.gov.au,Female,29.161.223.72
533,Elisabet,Willerton,ewillertones@paypal.com,Female,72.24.109.60
534,Filberte,Garrity,fgarrityet@blogs.com,Male,253.50.91.26
535,Christalle,de Villier,cdevilliereu@addthis.com,Female,103.142.205.144
536,Malissia,Sutton,msuttonev@howstuffworks.com,Female,221.84.87.115
537,Clo,Wellfare,cwellfareew@spiegel.de,Female,228.158.246.211
538,Matthaeus,Pringley,mpringleyex@dion.ne.jp,Male,56.190.107.140
539,Gaby,Roisen,groiseney@meetup.com,Female,18.180.111.30
540,Gilligan,Philliphs,gphilliphsez@huffingtonpost.com,Female,75.20.30.231
541,Farica,Emes,femesf0@imgur.com,Female,9.237.10.203
542,Germayne,Brandli,gbrandlif1@whitehouse.gov,Male,119.224.117.167
543,Jorrie,Tromans,jtromansf2@amazon.co.uk,Female,83.210.46.245
544,Elisa,Dyzart,edyzartf3@slideshare.net,Genderfluid,51.27.107.85
545,Audrye,Higbin,ahigbinf4@hao123.com,Female,61.43.6.224
546,Albrecht,Kmieciak,akmieciakf5@blog.com,Male,57.129.235.234
547,Cristabel,Zecchinelli,czecchinellif6@google.cn,Female,127.213.10.149
548,Kirstin,Feye,kfeyef7@tinypic.com,Female,69.205.167.218
549,Ina,Helkin,ihelkinf8@microsoft.com,Female,7.230.6.191
550,Tabbie,Oehme,toehmef9@dion.ne.jp,Female,103.92.132.147
551,Aubine,Guilliland,aguillilandfa@globo.com,Female,146.160.197.111
552,Nolly,Delamaine,ndelamainefb@businesswire.com,Male,69.129.225.210
553,Fran,Daoust,fdaoustfc@ehow.com,Female,238.239.6.214
554,Dominique,Pletts,dplettsfd@ebay.com,Female,134.240.14.160
555,Bordy,Sandeford,bsandefordfe@nih.gov,Male,48.165.182.17
556,Auberon,Trumpeter,atrumpeterff@alibaba.com,Male,200.92.212.194
557,Gabi,Orringe,gorringefg@vkontakte.ru,Male,212.226.192.121
558,Stormie,Durnill,sdurnillfh@google.ca,Non-binary,215.233.251.2
559,Joana,Le Grice,jlegricefi@behance.net,Bigender,226.177.84.171
560,Hercule,Shorte,hshortefj@addtoany.com,Male,71.60.48.189
561,Gerri,Doidge,gdoidgefk@wired.com,Non-binary,151.84.130.67
562,Phillip,Kinworthy,pkinworthyfl@abc.net.au,Genderfluid,188.94.53.241
563,Clywd,Halvorsen,chalvorsenfm@google.fr,Male,95.104.128.237
564,Bobby,Allcott,ballcottfn@bbc.co.uk,Female,29.54.168.64
565,Frankie,Krikorian,fkrikorianfo@edublogs.org,Agender,19.34.148.55
566,Elmer,Beaten,ebeatenfp@1688.com,Male,230.23.124.207
567,Tome,Rist,tristfq@last.fm,Male,202.255.80.252
568,Anica,Skitterel,askitterelfr@telegraph.co.uk,Female,158.36.70.149
569,Alejandra,Duffy,aduffyfs@geocities.com,Female,146.51.81.209
570,Zorina,Blacktin,zblacktinft@yahoo.co.jp,Female,64.189.154.18
571,Ashli,Dingle,adinglefu@vistaprint.com,Female,192.93.179.59
572,Phedra,D'eathe,pdeathefv@gmpg.org,Genderqueer,142.166.114.207
573,Packston,Marritt,pmarrittfw@imdb.com,Male,191.16.237.212
574,Rhys,Nanninini,rnannininifx@yandex.ru,Bigender,171.208.59.72
575,Fair,Godbold,fgodboldfy@myspace.com,Male,92.219.65.121
576,Ignaz,Tench,itenchfz@php.net,Male,111.182.130.249
577,Brenn,McCaghan,bmccaghang0@ezinearticles.com,Female,102.0.83.204
578,Phylys,Patroni,ppatronig1@aboutads.info,Female,137.199.15.59
579,Troy,Takos,ttakosg2@mozilla.org,Male,226.233.45.141
580,Annette,Self,aselfg3@blogger.com,Bigender,229.159.154.216
581,Xymenes,Threader,xthreaderg4@com.com,Male,246.146.198.28
582,Miranda,Kennedy,mkennedyg5@economist.com,Female,162.150.86.17
583,Goldy,Pond-Jones,gpondjonesg6@jalbum.net,Female,174.162.252.232
584,Berenice,Riddle,briddleg7@noaa.gov,Female,164.57.249.75
585,Boote,Barensen,bbarenseng8@reverbnation.com,Male,0.118.115.82
586,Domingo,Defond,ddefondg9@wsj.com,Male,143.155.147.109
587,Jobyna,Robardey,jrobardeyga@netvibes.com,Female,118.228.237.22
588,Ryun,Brain,rbraingb@rambler.ru,Male,236.22.247.183
589,Jennine,Depka,jdepkagc@dedecms.com,Female,189.33.6.50
590,Starr,Woolam,swoolamgd@google.ca,Female,203.240.172.16
591,Ulrica,Sherrington,usherringtonge@wordpress.org,Female,252.144.243.136
592,Johnnie,Haighton,jhaightongf@com.com,Male,53.188.68.51
593,Hyacintha,Piele,hpielegg@google.com.au,Female,218.228.146.247
594,Griswold,Nevett,gnevettgh@wired.com,Male,35.216.187.69
595,Kaylyn,Fibben,kfibbengi@java.com,Female,211.215.43.241
596,Maryjo,Piggens,mpiggensgj@china.com.cn,Non-binary,40.106.194.40
597,Halimeda,Alfuso,halfusogk@alibaba.com,Female,89.19.206.134
598,Townie,Attkins,tattkinsgl@tinypic.com,Male,149.100.217.86
599,Joshia,Gabrieli,jgabrieligm@java.com,Male,249.32.145.146
600,Freddi,Balderstone,fbalderstonegn@mail.ru,Female,180.170.66.224
601,Andrew,Bax,abaxgo@tmall.com,Agender,91.216.245.72
602,Haze,Roomes,hroomesgp@msu.edu,Male,211.52.207.186
603,Elwira,Wickey,ewickeygq@yellowpages.com,Female,30.143.21.208
604,Lindsay,Extal,lextalgr@berkeley.edu,Male,166.170.38.30
605,Bette-ann,Ivamy,bivamygs@skype.com,Genderqueer,144.135.12.197
606,Cyrus,Hadigate,chadigategt@artisteer.com,Male,23.18.103.192
607,Jesus,Mawdsley,jmawdsleygu@g.co,Non-binary,248.24.189.40
608,Elmo,Dils,edilsgv@devhub.com,Male,24.238.73.66
609,Dickie,Naul,dnaulgw@go.com,Male,123.94.188.161
610,Jessee,Courteney,jcourteneygx@opensource.org,Male,251.119.103.79
611,Fulvia,Schooley,fschooleygy@nbcnews.com,Female,94.179.206.237
612,Delaney,Sisneros,dsisnerosgz@360.cn,Male,39.162.17.15
613,Ximenez,Canaan,xcanaanh0@goo.ne.jp,Male,91.119.67.28
614,Binky,Catanheira,bcatanheirah1@stumbleupon.com,Polygender,229.137.46.118
615,Bartolomeo,Aldersea,balderseah2@myspace.com,Male,175.9.46.185
616,Odie,Meert,omeerth3@walmart.com,Male,110.125.236.30
617,Sherill,Philippsohn,sphilippsohnh4@walmart.com,Agender,74.64.160.181
618,Errol,Geill,egeillh5@4shared.com,Male,136.211.13.16
619,Roi,Filyashin,rfilyashinh6@addthis.com,Male,14.96.168.183
620,Dianna,Rewcassell,drewcassellh7@europa.eu,Female,92.114.78.137
621,Panchito,Brockington,pbrockingtonh8@sciencedaily.com,Male,92.86.138.1
622,Lavinia,Delort,ldelorth9@netvibes.com,Bigender,82.4.17.144
623,Hildegaard,Prandy,hprandyha@chronoengine.com,Bigender,29.248.254.210
624,Warde,Gosselin,wgosselinhb@mapquest.com,Male,140.253.146.77
625,Melonie,Grimmett,mgrimmetthc@posterous.com,Female,232.188.179.137
626,Alisa,Rouch,arouchhd@eepurl.com,Female,189.75.126.216
627,Bennett,Valenta,bvalentahe@ihg.com,Male,123.28.86.14
628,Micheal,Blatchford,mblatchfordhf@forbes.com,Agender,10.29.229.3
629,Rowan,Bleckly,rblecklyhg@xrea.com,Male,106.14.161.143
630,Ashla,Jentgens,ajentgenshh@github.com,Female,208.154.186.233
631,Cornelius,Basterfield,cbasterfieldhi@booking.com,Male,23.48.137.196
632,Karolina,Sturmey,ksturmeyhj@cnbc.com,Female,83.155.208.20
633,Flin,Baccup,fbaccuphk@intel.com,Male,75.107.211.78
634,Mahala,Olekhov,molekhovhl@reference.com,Bigender,116.207.2.211
635,Reuven,Grubbe,rgrubbehm@ow.ly,Male,35.64.146.149
636,Appolonia,Bache,abachehn@mozilla.com,Female,200.184.191.168
637,Morse,Milleton,mmilletonho@miitbeian.gov.cn,Male,138.227.30.43
638,Alley,Caulkett,acaulketthp@timesonline.co.uk,Male,22.237.98.115
639,Innis,O'Halleghane,iohalleghanehq@tuttocitta.it,Male,196.25.9.199
640,Jolynn,Hanvey,jhanveyhr@msu.edu,Non-binary,171.98.29.62
641,Humfried,Dibson,hdibsonhs@youtu.be,Bigender,15.223.79.24
642,Nicolina,Meltetal,nmeltetalht@oaic.gov.au,Genderfluid,222.149.127.82
643,Worthy,Woosnam,wwoosnamhu@prlog.org,Polygender,211.210.240.138
644,Giorgi,Alten,galtenhv@msu.edu,Male,163.63.129.2
645,Prentice,Tesche,pteschehw@uol.com.br,Male,151.69.199.64
646,Dael,Petlyura,dpetlyurahx@posterous.com,Male,224.236.45.68
647,Dennet,Petch,dpetchhy@cargocollective.com,Male,237.17.29.130
648,Donall,Albury,dalburyhz@shinystat.com,Male,237.96.191.187
649,Danie,Teodoro,dteodoroi0@bluehost.com,Male,129.185.77.200
650,Porter,Wernher,pwernheri1@princeton.edu,Male,216.159.0.220
651,Elle,Works,eworksi2@arizona.edu,Female,126.205.199.199
652,Michael,Diloway,mdilowayi3@canalblog.com,Male,203.140.41.181
653,Rudiger,Elsey,relseyi4@google.co.jp,Male,196.160.68.3
654,Aurelie,Bennellick,abennellicki5@purevolume.com,Female,175.195.117.91
655,Janie,Barnardo,jbarnardoi6@google.ca,Female,255.239.111.80
656,Gustave,Sayers,gsayersi7@umn.edu,Male,193.115.17.54
657,Crista,Imlin,cimlini8@storify.com,Female,124.242.254.59
658,Valentine,Attenborough,vattenboroughi9@latimes.com,Male,33.63.94.211
659,Eleni,Axston,eaxstonia@newsvine.com,Female,200.20.217.224
660,Lanni,Eyeington,leyeingtonib@hubpages.com,Female,13.185.116.139
661,Sunshine,Rysom,srysomic@freewebs.com,Female,67.253.88.174
662,Waldo,Clarricoates,wclarricoatesid@ftc.gov,Male,176.28.15.162
663,Shem,Lord,slordie@friendfeed.com,Male,54.220.60.58
664,Lacie,Clougher,lclougherif@irs.gov,Female,23.169.211.77
665,Jaimie,Marmion,jmarmionig@webs.com,Female,134.231.21.151
666,Giralda,Keld,gkeldih@miibeian.gov.cn,Female,47.92.242.173
667,Alecia,Sealove,asealoveii@dot.gov,Female,234.74.170.127
668,Boigie,Stelfax,bstelfaxij@cafepress.com,Male,45.197.126.198
669,Jdavie,Halvosen,jhalvosenik@bizjournals.com,Male,231.3.93.63
670,Hinda,Storr,hstorril@ustream.tv,Female,165.198.101.223
671,Shaun,Farahar,sfaraharim@issuu.com,Female,247.245.181.108
672,Tabatha,Hansmann,thansmannin@newsvine.com,Bigender,100.76.207.87
673,Wylma,Hamfleet,whamfleetio@4shared.com,Female,62.79.171.67
674,Chase,Style,cstyleip@lulu.com,Male,242.20.22.196
675,Gigi,Gillatt,ggillattiq@feedburner.com,Female,142.81.41.162
676,Lesley,Handrick,lhandrickir@gizmodo.com,Male,50.223.47.210
677,Ebonee,Dafydd,edafyddis@diigo.com,Female,155.105.53.103
678,Winifred,Grief,wgriefit@kickstarter.com,Polygender,236.233.191.202
679,Mercedes,Schutze,mschutzeiu@ebay.com,Female,155.27.12.224
680,Milton,Beckerleg,mbeckerlegiv@geocities.jp,Male,185.245.6.150
681,Sherlock,Hockey,shockeyiw@elpais.com,Male,250.231.116.134
682,Desmund,Leinster,dleinsterix@discuz.net,Male,98.249.235.92
683,Pasquale,Dabnor,pdabnoriy@stumbleupon.com,Male,221.26.63.75
684,Oran,Demangeon,odemangeoniz@bbc.co.uk,Male,111.161.37.131
685,Filberto,Barnewall,fbarnewallj0@china.com.cn,Male,72.226.144.30
686,Orrin,Blaszczak,oblaszczakj1@army.mil,Male,20.96.94.180
687,Townie,Masurel,tmasurelj2@economist.com,Agender,87.236.88.188
688,Lib,Wensley,lwensleyj3@multiply.com,Female,237.57.227.186
689,Gillie,Torregiani,gtorregianij4@free.fr,Female,139.196.99.110
690,Teddy,Lonergan,tlonerganj5@webmd.com,Male,179.129.86.151
691,Timmie,Brasner,tbrasnerj6@exblog.jp,Female,162.95.98.173
692,Orbadiah,Tupp,otuppj7@chronoengine.com,Male,179.107.173.153
693,Vale,Tankard,vtankardj8@qq.com,Male,110.187.246.75
694,Daniela,Christopherson,dchristophersonj9@mozilla.org,Female,179.15.36.186
695,Bram,Pettus,bpettusja@g.co,Male,56.25.5.34
696,Keeley,Berks,kberksjb@dot.gov,Female,238.95.125.235
697,Spence,Brudenell,sbrudenelljc@cloudflare.com,Male,44.23.147.95
698,Ermin,Fines,efinesjd@samsung.com,Male,234.53.223.52
699,Igor,Groves,igrovesje@mtv.com,Male,130.214.159.177
700,Garnet,Bywater,gbywaterjf@latimes.com,Female,30.198.46.153
701,Odell,Prodrick,oprodrickjg@wikipedia.org,Polygender,33.68.71.154
702,Donovan,Aicken,daickenjh@ox.ac.uk,Male,242.4.140.53
703,Chelsey,Vaughten,cvaughtenji@tinyurl.com,Female,206.236.203.120
704,Vincents,Dowd,vdowdjj@aboutads.info,Male,92.24.13.221
705,Katharyn,Easdon,keasdonjk@t-online.de,Female,182.92.134.150
706,Megen,Zecchinelli,mzecchinellijl@hatena.ne.jp,Female,55.31.169.100
707,Lin,Shillaber,lshillaberjm@ca.gov,Male,184.93.222.50
708,Artemas,Toppes,atoppesjn@arstechnica.com,Male,244.228.31.59
709,Kizzee,Jacson,kjacsonjo@1688.com,Female,80.114.250.156
710,Elora,Freezor,efreezorjp@intel.com,Female,216.86.29.175
711,Hamel,Bartleman,hbartlemanjq@bing.com,Male,114.137.83.170
712,Gwendolen,Jacqueme,gjacquemejr@com.com,Female,195.210.144.222
713,Yoko,Seabon,yseabonjs@mlb.com,Female,72.48.6.164
714,Rosemary,Minguet,rminguetjt@ted.com,Female,90.246.86.78
715,Luce,Speakman,lspeakmanju@house.gov,Male,218.224.203.74
716,Malvina,Raubheim,mraubheimjv@livejournal.com,Female,225.3.2.15
717,My,Craydon,mcraydonjw@drupal.org,Male,178.20.118.59
718,Danita,Lashford,dlashfordjx@people.com.cn,Female,89.66.171.235
719,Batholomew,Adolthine,badolthinejy@alexa.com,Male,75.94.98.18
720,Al,Brewett,abrewettjz@github.io,Male,152.196.21.219
721,Royal,Hamments,rhammentsk0@ftc.gov,Male,37.213.53.26
722,Wallace,Jeduch,wjeduchk1@google.pl,Male,162.58.5.8
723,Eileen,Escoffrey,eescoffreyk2@goo.gl,Female,196.217.73.142
724,Gabe,Cowlas,gcowlask3@umich.edu,Male,39.150.234.232
725,Rip,Poluzzi,rpoluzzik4@dyndns.org,Male,81.19.143.188
726,Mahmoud,Sanbroke,msanbrokek5@godaddy.com,Male,177.48.204.77
727,Kaila,Carle,kcarlek6@statcounter.com,Female,65.29.126.73
728,Sutherland,Ray,srayk7@wikia.com,Male,230.80.85.194
729,Pacorro,Kiezler,pkiezlerk8@home.pl,Male,18.64.46.10
730,Row,Hodgen,rhodgenk9@devhub.com,Female,93.44.248.147
731,Lilia,McComb,lmccombka@google.com.hk,Female,117.197.47.195
732,Maegan,Milward,mmilwardkb@blogspot.com,Female,156.227.148.112
733,Evaleen,Sworne,eswornekc@cdc.gov,Agender,14.239.183.216
734,Drake,MacShirie,dmacshiriekd@opera.com,Male,1.113.178.220
735,Hope,Pankettman,hpankettmanke@blogger.com,Female,104.203.104.207
736,Randi,Iowarch,riowarchkf@addtoany.com,Female,186.181.227.5
737,Fran,Celes,fceleskg@google.ru,Male,2.55.167.47
738,Heath,Antonik,hantonikkh@surveymonkey.com,Male,113.126.26.42
739,Finn,Renshell,frenshellki@cdc.gov,Genderqueer,211.97.125.205
740,Deanna,Runham,drunhamkj@independent.co.uk,Female,34.170.229.223
741,Dall,Horney,dhorneykk@washington.edu,Male,248.11.47.159
742,Ferrel,Jirak,fjirakkl@senate.gov,Male,187.226.52.141
743,Bondy,Calken,bcalkenkm@rediff.com,Male,219.250.145.247
744,Levon,McOnie,lmconiekn@shutterfly.com,Male,235.62.31.240
745,Elvin,Littrick,elittrickko@mayoclinic.com,Male,61.9.209.102
746,Gerty,Stonham,gstonhamkp@amazon.de,Female,103.223.227.240
747,Ax,Nibloe,anibloekq@sfgate.com,Male,170.25.166.59
748,Dew,Ryson,drysonkr@xinhuanet.com,Male,78.159.180.61
749,Tammy,Croxford,tcroxfordks@technorati.com,Male,144.84.53.215
750,Grissel,Worman,gwormankt@cam.ac.uk,Female,145.151.148.254
751,Ashbey,Joutapavicius,ajoutapaviciusku@ebay.com,Male,108.116.161.42
752,Sascha,Darwin,sdarwinkv@myspace.com,Female,144.153.222.225
753,Ferdinand,Lathaye,flathayekw@themeforest.net,Male,160.64.141.119
754,Carmel,Perillio,cperilliokx@wufoo.com,Non-binary,19.86.1.126
755,Luce,Swafford,lswaffordky@bing.com,Male,191.205.195.5
756,Tasha,Cope,tcopekz@seattletimes.com,Female,230.74.121.120
757,Cullin,Flippini,cflippinil0@example.com,Male,189.35.126.127
758,Hilly,Pallatina,hpallatinal1@nasa.gov,Male,87.176.20.195
759,Reuben,Delyth,rdelythl2@trellian.com,Male,213.112.32.157
760,Heloise,Fryers,hfryersl3@webmd.com,Female,96.56.106.191
761,Zsazsa,Grayley,zgrayleyl4@reddit.com,Female,212.227.252.185
762,Juline,Skellon,jskellonl5@arizona.edu,Female,211.218.29.5
763,Gretta,Le Grys,glegrysl6@github.io,Agender,138.150.94.175
764,Fidelio,Vinten,fvintenl7@stumbleupon.com,Male,87.165.105.211
765,Lauretta,Oldmeadow,loldmeadowl8@flavors.me,Genderqueer,215.39.212.163
766,Olga,Waiting,owaitingl9@cnet.com,Female,152.145.250.116
767,Addison,Abbiss,aabbissla@home.pl,Male,56.1.244.189
768,Stephanus,Carnoghan,scarnoghanlb@friendfeed.com,Male,142.9.178.214
769,Sandie,Geator,sgeatorlc@clickbank.net,Female,139.227.24.193
770,Loydie,Henstridge,lhenstridgeld@slideshare.net,Male,191.42.202.242
771,Natalie,Bleakley,nbleakleyle@twitpic.com,Female,91.215.40.84
772,Honey,Budden,hbuddenlf@booking.com,Female,29.122.220.222
773,Betteann,Askwith,baskwithlg@1688.com,Female,188.37.83.90
774,Wadsworth,Mawson,wmawsonlh@istockphoto.com,Male,142.244.175.45
775,Eugenius,Heales,ehealesli@house.gov,Male,137.119.151.111
776,Hildegarde,Eric,hericlj@amazon.com,Female,253.16.145.121
777,Jemimah,Guyton,jguytonlk@goodreads.com,Female,2.0.198.119
778,Vita,Bannister,vbannisterll@php.net,Female,225.249.165.21
779,Artie,Marczyk,amarczyklm@netlog.com,Male,232.227.94.167
780,Ciel,Hartin,chartinln@reddit.com,Female,180.80.25.175
781,Luca,Fipp,lfipplo@51.la,Male,196.141.28.106
782,Vincenty,Gladtbach,vgladtbachlp@facebook.com,Male,232.137.170.122
783,Crystal,Rizzardo,crizzardolq@fema.gov,Female,215.26.139.94
784,Giacobo,Bowller,gbowllerlr@cnbc.com,Male,70.7.12.96
785,Gene,Ingley,gingleyls@google.pl,Female,198.123.89.72
786,Boonie,Kinforth,bkinforthlt@163.com,Male,248.72.65.206
787,Rochelle,Zotto,rzottolu@arizona.edu,Female,150.165.1.117
788,Gracia,Foxall,gfoxalllv@oracle.com,Female,206.73.121.185
789,Manda,De Caroli,mdecarolilw@businesswire.com,Female,150.186.121.98
790,Deane,Chaffer,dchafferlx@behance.net,Male,164.83.220.47
791,Anderea,Piggens,apiggensly@blogspot.com,Female,240.216.147.123
792,Jasper,Queripel,jqueripellz@cloudflare.com,Male,168.211.159.92
793,Baxter,Stanford,bstanfordm0@meetup.com,Non-binary,49.183.222.43
794,Herbert,Sandyfirth,hsandyfirthm1@cpanel.net,Male,178.213.178.227
795,Turner,Gowar,tgowarm2@furl.net,Male,111.158.153.150
796,Sancho,Swatradge,sswatradgem3@myspace.com,Male,119.247.204.9
797,Remy,Furlonge,rfurlongem4@dmoz.org,Female,151.6.73.43
798,Bianka,Worts,bwortsm5@japanpost.jp,Female,227.154.92.196
799,Darcy,Roman,dromanm6@addthis.com,Male,90.240.126.1
800,Modesty,Ferrant,mferrantm7@stumbleupon.com,Female,21.242.147.16
801,Roxanna,Choppin,rchoppinm8@shinystat.com,Female,39.179.15.230
802,Whitney,Ibbotson,wibbotsonm9@bravesites.com,Male,54.201.206.67
803,Sile,Vause,svausema@patch.com,Female,106.213.50.59
804,Munmro,Greenwood,mgreenwoodmb@jugem.jp,Male,185.42.113.173
805,Annie,Clink,aclinkmc@jiathis.com,Female,218.138.105.231
806,Ring,Gebbe,rgebbemd@usnews.com,Male,144.195.124.121
807,Brucie,Koppeck,bkoppeckme@myspace.com,Male,245.82.4.153
808,Kora,Friett,kfriettmf@1688.com,Female,20.148.238.221
809,Harold,Petkov,hpetkovmg@globo.com,Male,193.6.188.125
810,Gunilla,Chetwynd,gchetwyndmh@redcross.org,Female,133.56.45.206
811,Rozele,Erbain,rerbainmi@cdc.gov,Female,7.185.160.147
812,Roxi,Phillip,rphillipmj@auda.org.au,Female,223.73.236.209
813,Richardo,Ferrero,rferreromk@rambler.ru,Male,63.234.42.250
814,Jefferson,Baress,jbaressml@godaddy.com,Male,73.74.56.205
815,Luciana,Hehnke,lhehnkemm@about.com,Female,29.31.225.175
816,Birch,Gentery,bgenterymn@scribd.com,Male,19.161.19.176
817,Gustavus,Boeter,gboetermo@ifeng.com,Male,61.62.233.222
818,Nikos,O'Hoolahan,nohoolahanmp@sogou.com,Male,104.4.0.157
819,Zia,Brisco,zbriscomq@go.com,Female,52.69.185.87
820,Lonna,Lartice,llarticemr@google.co.jp,Female,136.2.40.41
821,Marion,Kinnerk,mkinnerkms@newyorker.com,Female,86.17.172.190
822,Beniamino,Pobjay,bpobjaymt@narod.ru,Male,120.224.53.19
823,Pinchas,Caplis,pcaplismu@independent.co.uk,Male,138.174.238.40
824,Lexie,Isakovic,lisakovicmv@icq.com,Female,94.166.61.142
825,Nita,Diggle,ndigglemw@about.com,Female,90.135.74.220
826,Imogene,Bootland,ibootlandmx@wikispaces.com,Female,194.9.227.37
827,Edd,Cushelly,ecushellymy@latimes.com,Male,19.179.154.233
828,Kellina,Danser,kdansermz@businesswire.com,Female,100.175.149.5
829,Jarred,Monger,jmongern0@sbwire.com,Male,0.27.112.3
830,Mela,Jearum,mjearumn1@wikia.com,Non-binary,117.142.92.111
831,Enid,Brickett,ebrickettn2@google.com,Female,82.92.129.188
832,Pacorro,McKeowon,pmckeowonn3@gravatar.com,Male,99.178.163.213
833,Holli,Alldread,halldreadn4@ucoz.com,Female,60.165.144.141
834,Constantin,McPake,cmcpaken5@skype.com,Male,30.192.106.103
835,Pedro,Cuthbert,pcuthbertn6@theglobeandmail.com,Male,31.2.149.108
836,Nels,Pagon,npagonn7@auda.org.au,Male,249.222.89.111
837,Loise,Zum Felde,lzumfelden8@t-online.de,Female,136.187.223.117
838,Juana,Crohan,jcrohann9@typepad.com,Female,168.43.130.70
839,Tessi,Taylorson,ttaylorsonna@meetup.com,Female,110.177.196.35
840,Aron,Winnard,awinnardnb@bigcartel.com,Male,216.114.154.170
841,Eustacia,Zimek,ezimeknc@timesonline.co.uk,Female,160.248.166.25
842,Andrej,Spedroni,aspedronind@alexa.com,Male,3.180.119.237
843,Trenton,Edmonds,tedmondsne@yandex.ru,Male,84.57.1.254
844,Minni,Pole,mpolenf@washingtonpost.com,Female,146.28.22.139
845,Federico,Aneley,faneleyng@lycos.com,Male,49.108.37.10
846,Kort,Bettinson,kbettinsonnh@flickr.com,Male,186.255.181.166
847,Grace,Klimowski,gklimowskini@ustream.tv,Male,164.225.75.216
848,Ardella,Wyper,awypernj@washington.edu,Female,110.46.107.221
849,Hodge,Madgin,hmadginnk@wordpress.org,Male,8.159.14.48
850,Laney,Coslitt,lcoslittnl@flavors.me,Male,88.205.135.34
851,Banky,Sibbe,bsibbenm@twitpic.com,Male,75.232.246.126
852,Barty,Tims,btimsnn@cbsnews.com,Male,244.214.90.197
853,Kimble,Aubury,kauburyno@phpbb.com,Male,54.8.139.17
854,Ruggiero,Threlkeld,rthrelkeldnp@woothemes.com,Male,38.53.6.154
855,Johnnie,Aaron,jaaronnq@umn.edu,Male,150.224.15.211
856,Bennie,Baldazzi,bbaldazzinr@xinhuanet.com,Male,28.99.235.253
857,Moselle,McRuvie,mmcruviens@blogspot.com,Bigender,8.49.94.29
858,Derk,Golston,dgolstonnt@ycombinator.com,Male,144.125.217.123
859,Maury,Egarr,megarrnu@who.int,Male,29.190.168.239
860,Mathilde,Dearness,mdearnessnv@omniture.com,Female,20.75.43.251
861,Manfred,Cometson,mcometsonnw@list-manage.com,Male,123.199.45.103
862,Bellanca,Samsin,bsamsinnx@dell.com,Female,80.160.24.81
863,Ella,Godlip,egodlipny@howstuffworks.com,Female,161.64.64.136
864,Zaneta,Cornthwaite,zcornthwaitenz@nbcnews.com,Female,137.61.147.205
865,Brannon,Victoria,bvictoriao0@hexun.com,Male,176.27.208.243
866,Elton,Crenshaw,ecrenshawo1@google.ru,Male,236.33.57.150
867,Regine,Lowre,rlowreo2@jimdo.com,Bigender,139.132.99.77
868,Lucine,Sprigings,lsprigingso3@aboutads.info,Female,33.122.32.100
869,Clarissa,Cowlam,ccowlamo4@goo.ne.jp,Female,192.246.153.196
870,Vonnie,Keepe,vkeepeo5@timesonline.co.uk,Bigender,46.91.139.229
871,Goldy,Pellant,gpellanto6@pen.io,Female,68.152.26.7
872,Agneta,Aimeric,aaimerico7@thetimes.co.uk,Bigender,98.164.26.20
873,Rick,Greenier,rgreeniero8@ox.ac.uk,Male,236.104.10.229
874,Serena,Murthwaite,smurthwaiteo9@wordpress.com,Female,32.156.4.34
875,Harriot,Messitt,hmessittoa@hugedomains.com,Female,101.156.181.166
876,Court,Callaghan,ccallaghanob@si.edu,Male,31.216.153.142
877,Harlin,Kidder,hkidderoc@netvibes.com,Male,176.102.203.42
878,Leigha,Masselin,lmasselinod@pen.io,Female,202.247.240.197
879,Kizzee,Quincey,kquinceyoe@mit.edu,Genderqueer,186.111.121.47
880,Linet,Cromar,lcromarof@cargocollective.com,Female,20.68.146.97
881,Dacie,Paton,dpatonog@java.com,Female,198.245.177.83
882,Corri,Drury,cdruryoh@usnews.com,Female,240.248.105.179
883,Sarena,Deener,sdeeneroi@cbc.ca,Female,162.55.191.12
884,Baxie,McLukie,bmclukieoj@sfgate.com,Genderfluid,138.56.2.203
885,Sydney,Vick,svickok@salon.com,Male,210.120.129.176
886,Vivianne,Rizzone,vrizzoneol@sitemeter.com,Polygender,237.7.154.220
887,Vickie,Lowndesbrough,vlowndesbroughom@cyberchimps.com,Female,25.234.95.229
888,Sheri,Bartolozzi,sbartolozzion@cdbaby.com,Female,100.51.216.159
889,Marthe,Ceccoli,mceccolioo@dell.com,Female,217.107.114.102
890,Rosalia,Mallaby,rmallabyop@europa.eu,Female,176.50.187.125
891,Steffie,Spreckley,sspreckleyoq@mozilla.com,Female,8.159.94.133
892,Eddy,Liff,eliffor@washingtonpost.com,Male,109.109.197.25
893,Conroy,Trill,ctrillos@t.co,Male,108.56.82.92
894,Nolana,Greenhaugh,ngreenhaughot@ox.ac.uk,Female,123.168.192.231
895,Haleigh,Keeling,hkeelingou@indiegogo.com,Female,29.94.36.18
896,Rebekkah,Caulwell,rcaulwellov@netscape.com,Female,200.191.148.60
897,Keely,Danielkiewicz,kdanielkiewiczow@wikispaces.com,Female,203.0.39.177
898,Teodor,Brenneke,tbrennekeox@goodreads.com,Male,190.196.113.49
899,Tory,Hews,thewsoy@unesco.org,Female,62.196.128.56
900,Sindee,Sellack,ssellackoz@wp.com,Polygender,147.65.201.202
901,Carling,Antoniottii,cantoniottiip0@businessinsider.com,Male,230.198.101.103
902,Natal,Rainey,nraineyp1@hibu.com,Male,18.86.193.220
903,Jarad,Twist,jtwistp2@ucoz.ru,Non-binary,201.123.94.197
904,Elga,Brane,ebranep3@newsvine.com,Female,29.167.239.15
905,Isadora,Tales,italesp4@slashdot.org,Female,171.101.84.205
906,Perla,Collidge,pcollidgep5@paypal.com,Female,7.156.43.67
907,Harley,Courtois,hcourtoisp6@godaddy.com,Female,21.141.169.136
908,Frazier,Bentzen,fbentzenp7@forbes.com,Genderqueer,148.111.251.188
909,Evan,Belvin,ebelvinp8@miitbeian.gov.cn,Male,151.71.70.161
910,Jacky,Knight,jknightp9@behance.net,Male,80.92.195.173
911,Pablo,Menzies,pmenziespa@parallels.com,Male,84.175.80.102
912,Fanya,Westfalen,fwestfalenpb@columbia.edu,Female,228.67.100.11
913,Jolie,Hiddy,jhiddypc@harvard.edu,Female,105.85.205.214
914,Philippe,Duley,pduleypd@github.com,Female,53.58.183.251
915,Liane,Rowbury,lrowburype@unblog.fr,Female,26.239.125.137
916,Barron,Pylkynyton,bpylkynytonpf@boston.com,Male,76.5.21.17
917,Gay,Eannetta,geannettapg@uiuc.edu,Female,219.163.107.13
918,Morey,Linwood,mlinwoodph@infoseek.co.jp,Male,37.155.52.83
919,Clementia,Risby,crisbypi@mashable.com,Bigender,139.158.120.2
920,Hanan,Geroldini,hgeroldinipj@netvibes.com,Male,132.148.75.118
921,Orlando,Lanham,olanhampk@plala.or.jp,Male,89.51.181.242
922,Halli,MacLeod,hmacleodpl@1688.com,Female,69.213.188.159
923,Andra,Vearnals,avearnalspm@taobao.com,Female,30.19.116.9
924,Ermanno,Burnell,eburnellpn@dyndns.org,Male,75.170.27.70
925,Alleen,Velde,aveldepo@phoca.cz,Female,145.231.185.202
926,Tedie,Thomasset,tthomassetpp@twitpic.com,Bigender,68.107.94.210
927,Michail,Buss,mbusspq@weibo.com,Male,30.96.39.239
928,Clara,Dolman,cdolmanpr@youku.com,Female,136.63.163.127
929,Christal,Ruoff,cruoffps@walmart.com,Female,105.146.19.200
930,Oralee,Mostyn,omostynpt@pen.io,Female,145.118.141.29
931,Zebulon,Brevitt,zbrevittpu@bloomberg.com,Male,124.213.0.236
932,Ashlee,Turneux,aturneuxpv@myspace.com,Female,122.221.19.156
933,Gigi,Benian,gbenianpw@google.es,Female,128.77.242.125
934,Cayla,Merritt,cmerrittpx@webnode.com,Female,124.53.53.59
935,Edik,Rickertsen,erickertsenpy@ucoz.ru,Male,191.151.167.77
936,Mari,Dorn,mdornpz@eepurl.com,Female,209.222.228.223
937,Gayle,Crosdill,gcrosdillq0@cam.ac.uk,Female,73.228.119.232
938,Ardyth,Siaspinski,asiaspinskiq1@bluehost.com,Female,235.33.156.114
939,Pepe,Leindecker,pleindeckerq2@edublogs.org,Genderqueer,37.182.69.210
940,Cello,Aldus,caldusq3@mapquest.com,Male,170.235.163.102
941,Judas,Ilsley,jilsleyq4@biglobe.ne.jp,Male,32.234.122.183
942,Korie,Busby,kbusbyq5@mapy.cz,Female,129.89.53.82
943,Davidson,Kunert,dkunertq6@behance.net,Male,148.107.122.81
944,Willette,Blaasch,wblaaschq7@hatena.ne.jp,Female,125.174.252.31
945,Clayborne,McGrudder,cmcgrudderq8@craigslist.org,Polygender,225.177.85.34
946,Don,Rosenthaler,drosenthalerq9@admin.ch,Male,80.65.146.163
947,Porty,Arundell,parundellqa@zimbio.com,Male,79.170.37.38
948,Isacco,Josovitz,ijosovitzqb@ifeng.com,Male,55.189.10.100
949,Darrel,Leheude,dleheudeqc@mlb.com,Male,38.73.55.38
950,Northrup,Laurenson,nlaurensonqd@altervista.org,Male,194.213.150.75
951,Stillmann,Gaymar,sgaymarqe@mozilla.org,Male,121.108.102.70
952,Jesus,Conkay,jconkayqf@netvibes.com,Male,199.139.80.107
953,Thaine,Hawley,thawleyqg@dailymotion.com,Male,143.44.4.250
954,Kerwin,Triswell,ktriswellqh@nytimes.com,Male,186.116.230.224
955,Denney,Axelbee,daxelbeeqi@addthis.com,Male,202.202.239.170
956,Kettie,Millhouse,kmillhouseqj@auda.org.au,Female,80.132.144.102
957,Nolly,Corbett,ncorbettqk@apple.com,Male,140.19.189.178
958,Kippie,Cuthill,kcuthillql@theglobeandmail.com,Female,241.194.194.142
959,Stanly,Cooper,scooperqm@tumblr.com,Male,165.51.180.188
960,Margot,Powers,mpowersqn@msn.com,Female,132.115.149.173
961,Fredrika,Hierro,fhierroqo@bloglines.com,Female,109.222.252.87
962,Yoshi,Meakes,ymeakesqp@google.com.au,Female,170.157.123.246
963,Meggie,Shevill,mshevillqq@disqus.com,Non-binary,114.240.30.24
964,Regen,McManus,rmcmanusqr@umich.edu,Male,237.104.184.180
965,Kynthia,Sandlin,ksandlinqs@hubpages.com,Female,29.120.255.18
966,Davy,Rountree,drountreeqt@usgs.gov,Male,84.198.152.137
967,Nicolis,Gegay,ngegayqu@istockphoto.com,Male,44.89.59.219
968,Rustie,Clinch,rclinchqv@narod.ru,Male,250.100.138.198
969,Lexy,Feldhuhn,lfeldhuhnqw@gov.uk,Genderqueer,253.170.117.23
970,Auroora,Keilty,akeiltyqx@tmall.com,Female,253.121.239.19
971,Timmy,Stroder,tstroderqy@house.gov,Male,239.120.120.97
972,Kenon,Kharchinski,kkharchinskiqz@prlog.org,Male,37.210.225.96
973,Valerie,Calrow,vcalrowr0@wikia.com,Female,254.196.75.39
974,Diannne,Reddick,dreddickr1@de.vu,Genderqueer,97.121.186.240
975,Perkin,Portriss,pportrissr2@netscape.com,Male,77.60.165.149
976,Ferdy,Mc Ilory,fmciloryr3@washington.edu,Male,46.225.116.39
977,Jarad,Bewsy,jbewsyr4@fc2.com,Male,32.165.233.5
978,Eldon,Binner,ebinnerr5@goo.ne.jp,Male,29.234.132.156
979,Giovanni,Colcomb,gcolcombr6@psu.edu,Male,112.35.252.155
980,Liana,Balle,lballer7@nasa.gov,Female,81.71.47.104
981,Welch,Stone Fewings,wstonefewingsr8@alibaba.com,Genderfluid,78.47.150.122
982,Torry,Carter,tcarterr9@amazon.com,Male,181.181.60.96
983,Cornie,Petraitis,cpetraitisra@nytimes.com,Male,50.103.188.179
984,Kellby,Caller,kcallerrb@utexas.edu,Male,254.77.226.97
985,Raphaela,Segoe,rsegoerc@smugmug.com,Female,140.166.224.218
986,Sergei,Sheryne,ssherynerd@princeton.edu,Male,146.224.122.48
987,Rutger,Deetlof,rdeetlofre@networksolutions.com,Male,20.231.214.50
988,Carrie,Fearney,cfearneyrf@bigcartel.com,Female,127.228.96.246
989,Quentin,Brideaux,qbrideauxrg@gnu.org,Genderqueer,161.27.232.158
990,Guss,Hatherleigh,ghatherleighrh@rakuten.co.jp,Male,213.47.35.83
991,Joe,Frisdick,jfrisdickri@mysql.com,Male,168.121.64.155
992,Lion,Grenkov,lgrenkovrj@ftc.gov,Male,213.76.111.178
993,Flin,Vann,fvannrk@examiner.com,Male,117.130.188.178
994,Sheba,Garden,sgardenrl@icio.us,Female,17.207.37.63
995,Lynelle,Heap,lheaprm@techcrunch.com,Female,170.19.161.5
996,Terrance,Fullman,tfullmanrn@independent.co.uk,Male,160.158.104.191
997,Daryl,Gammell,dgammellro@woothemes.com,Male,76.232.45.27
998,Abagael,Cowe,acowerp@mashable.com,Bigender,250.85.106.131
999,Gallagher,Creavan,gcreavanrq@macromedia.com,Male,1.136.42.213
1000,Carri,Nobes,cnobesrr@chronoengine.com,Female,144.81.31.179
