id,first_name,last_name,email,gender,ip_address
1,Carson,Jepp,cjepp0@free.fr,Male,127.81.216.70
2,Ari,Lieb,alieb1@amazon.co.uk,Male,214.45.131.246
3,Holden,Kopelman,hkopelman2@dailymail.co.uk,Male,248.25.218.134
4,Eveleen,Canizares,ecanizares3@hp.com,Female,74.65.168.83
5,Nahum,Felmingham,nfelmingham4@goo.gl,Male,42.66.99.163
6,Leopold,Burstow,lburstow5@pen.io,Male,110.69.156.45
7,Stanwood,Catanheira,scatanheira6@yellowpages.com,Male,227.30.122.34
8,Lizzy,Tayspell,ltayspell7@usnews.com,Female,208.127.69.187
9,Boonie,Zupo,bzupo8@illinois.edu,Male,108.225.120.162
10,Reynold,Holyland,rholyland9@feedburner.com,Male,98.147.66.146
11,Thorsten,Goudard,tgoudarda@naver.com,Male,105.5.143.119
12,Regan,Dudson,rdudsonb@behance.net,Female,182.3.213.242
13,Billi,Zanuciolii,bzanucioliic@macromedia.com,Female,189.182.174.97
14,Caprice,Struys,cstruysd@dmoz.org,Female,168.16.233.43
15,Normie,Barrus,nbarruse@homestead.com,Male,133.204.210.141
16,Katleen,Sapir,ksapirf@foxnews.com,Female,13.59.169.202
17,Karin,Wasselin,kwasseling@vk.com,Female,220.228.58.196
18,Welch,Lawlan,wlawlanh@gizmodo.com,Male,179.232.193.202
19,Kizzee,Whodcoat,kwhodcoati@jigsy.com,Female,137.153.54.171
20,Dory,Flanne,dflannej@smugmug.com,Male,31.179.83.44
21,Irina,Cokly,icoklyk@w3.org,Female,62.60.94.77
22,Pincus,Stokell,pstokelll@reddit.com,Male,191.255.85.55
23,Friederike,Fallis,ffallism@purevolume.com,Female,226.68.187.168
24,Dorothea,Lambrick,dlambrickn@msn.com,Non-binary,60.157.25.91
25,Bettina,Labet,blabeto@bandcamp.com,Female,159.137.100.128
26,Keslie,Lerway,klerwayp@e-recht24.de,Female,58.247.110.51
27,Michele,Lejeune,mlejeuneq@friendfeed.com,Male,153.173.197.95
28,Flin,Balint,fbalintr@telegraph.co.uk,Male,53.205.94.189
29,Alec,Klejin,aklejins@rambler.ru,Male,113.14.130.1
30,Sascha,Luna,slunat@answers.com,Female,44.207.88.98
31,Laurence,Bucktrout,lbucktroutu@nature.com,Male,23.111.4.193
32,Sonni,Forrest,sforrestv@google.co.jp,Female,37.39.91.144
33,Mariska,Reynard,mreynardw@odnoklassniki.ru,Female,102.179.206.48
34,Hasty,Hamor,hhamorx@wix.com,Male,52.0.212.244
35,Brittan,Rusk,brusky@japanpost.jp,Female,39.24.96.72
36,Keenan,Stitcher,kstitcherz@cafepress.com,Male,206.148.178.144
37,Rossie,Bilbee,rbilbee10@cnet.com,Male,190.68.15.14
38,Cleveland,Habard,chabard11@icio.us,Male,55.188.72.30
39,Konrad,Treneer,ktreneer12@blogger.com,Non-binary,245.15.197.4
40,Ambrosius,O'Tuohy,aotuohy13@cam.ac.uk,Male,85.116.202.207
41,Noel,Colchett,ncolchett14@stumbleupon.com,Male,196.66.135.122
42,Jule,Dowse,jdowse15@newsvine.com,Male,31.144.52.189
43,Fianna,Burtwell,fburtwell16@mapquest.com,Agender,235.128.101.158
44,Kimberlee,Blundon,kblundon17@t.co,Female,104.154.114.181
45,Orelie,Howsden,ohowsden18@cnn.com,Female,89.111.134.140
46,Minni,Pumfrey,mpumfrey19@mysql.com,Female,161.251.167.128
47,Cole,Magarrell,cmagarrell1a@gnu.org,Polygender,155.193.66.44
48,Pansy,Wanell,pwanell1b@home.pl,Female,56.190.85.15
49,Karrie,Weighell,kweighell1c@engadget.com,Female,232.187.101.68
50,Maude,Monnelly,mmonnelly1d@parallels.com,Female,8.143.152.195
51,Nelia,Zold,nzold1e@hhs.gov,Female,210.125.88.182
52,Corny,Ivery,civery1f@whitehouse.gov,Female,122.114.222.62
53,Finlay,Smeath,fsmeath1g@yandex.ru,Male,137.104.82.137
54,Mendy,Lucy,mlucy1h@blinklist.com,Male,88.129.104.102
55,Anatollo,Letford,aletford1i@slate.com,Male,3.215.96.113
56,Dewey,Borless,dborless1j@scientificamerican.com,Male,93.57.243.211
57,Rickert,Yeowell,ryeowell1k@harvard.edu,Male,40.252.12.214
58,Genia,Morales,gmorales1l@aol.com,Female,31.198.249.144
59,Deane,Norheny,dnorheny1m@tinyurl.com,Female,206.5.91.138
60,Homere,Yanne,hyanne1n@xing.com,Male,75.165.26.114
61,Chandal,Bennion,cbennion1o@sogou.com,Female,93.161.214.54
62,Hermina,Gonet,hgonet1p@last.fm,Female,91.53.99.161
63,Lily,MacCaghan,lmaccaghan1q@bloomberg.com,Polygender,24.176.80.230
64,Trumaine,Treacher,ttreacher1r@tmall.com,Male,126.199.67.198
65,Pearle,Look,plook1s@odnoklassniki.ru,Female,20.210.90.62
66,Elysee,Holston,eholston1t@nasa.gov,Agender,249.105.127.239
67,Tobie,Myton,tmyton1u@usda.gov,Male,69.66.60.98
68,Shaine,Ramalho,sramalho1v@xing.com,Male,106.217.236.61
69,Christel,Ruddle,cruddle1w@google.nl,Female,250.71.254.237
70,Darcy,Deeson,ddeeson1x@go.com,Male,218.1.36.144
71,Weidar,Petts,wpetts1y@quantcast.com,Male,214.172.232.255
72,Anestassia,Zannutti,azannutti1z@apache.org,Non-binary,89.206.181.196
73,Rey,Papa,rpapa20@artisteer.com,Male,249.52.5.17
74,Ileane,Newburn,inewburn21@unicef.org,Female,29.141.88.89
75,Thorny,Leate,tleate22@list-manage.com,Agender,179.38.183.213
76,Archer,Haker,ahaker23@chronoengine.com,Male,204.233.23.228
77,Nixie,Vaugham,nvaugham24@aol.com,Female,52.63.163.137
78,Valentia,Ebourne,vebourne25@booking.com,Female,82.238.253.176
79,Pierette,Wolfers,pwolfers26@eventbrite.com,Female,138.22.173.242
80,Tiphany,Greenalf,tgreenalf27@printfriendly.com,Female,171.70.43.41
81,Jeramie,Delafont,jdelafont28@japanpost.jp,Male,178.70.11.167
82,Rana,Boot,rboot29@aol.com,Female,235.119.198.253
83,Renato,Beckitt,rbeckitt2a@myspace.com,Male,13.53.78.60
84,Annissa,Furby,afurby2b@wiley.com,Female,176.32.63.239
85,Rockey,Bosanko,rbosanko2c@sun.com,Male,41.175.10.65
86,Carol,Twinbourne,ctwinbourne2d@cbslocal.com,Female,128.180.124.140
87,Susan,Rosario,srosario2e@tmall.com,Genderqueer,170.155.215.246
88,Bruce,McCullock,bmccullock2f@ed.gov,Male,156.179.151.115
89,Guenevere,Danford,gdanford2g@nhs.uk,Female,35.117.239.37
90,Nadean,Holgan,nholgan2h@google.co.uk,Bigender,55.176.133.218
91,Wallis,MacGillacolm,wmacgillacolm2i@yandex.ru,Male,119.172.82.148
92,Brannon,Ion,bion2j@hostgator.com,Male,174.208.72.142
93,Sheryl,Ferraresi,sferraresi2k@google.es,Female,64.189.77.222
94,Bartram,Gosling,bgosling2l@odnoklassniki.ru,Male,100.19.152.238
95,Ardenia,Mulvihill,amulvihill2m@ycombinator.com,Female,254.6.77.49
96,Griffy,Ruttgers,gruttgers2n@blogspot.com,Male,84.105.167.140
97,Chery,Elwin,celwin2o@answers.com,Female,204.69.63.167
98,Celka,Arundale,carundale2p@about.com,Female,75.217.163.169
99,Gannie,Jeannon,gjeannon2q@ucoz.ru,Male,197.238.50.167
100,Ignazio,Evesque,ievesque2r@apache.org,Male,70.102.239.176
